flour,coffee,ground beef,sugar,olive oil,rice,chicken,chocolate,,,,,,,,,,,,
spinach,yogurt,chicken,butter,coffee,onions,cheese,eggs,,,,,,,,,,,,
yogurt,,,,,,,,,,,,,,,,,,,
coffee,spinach,yogurt,ground beef,chicken,cereal,milk,,,,,,,,,,,,,
bread,rice,,,,,,,,,,,,,,,,,,
yogurt,milk,salmon,coffee,,,,,,,,,,,,,,,,
coffee,olive oil,rice,sugar,pasta,onions,,,,,,,,,,,,,,
milk,chocolate,eggs,coffee,spinach,tomatoes,orange juice,flour,,,,,,,,,,,,
cereal,tomatoes,,,,,,,,,,,,,,,,,,
salmon,pasta,sugar,onions,milk,eggs,,,,,,,,,,,,,,
bananas,butter,,,,,,,,,,,,,,,,,,
bananas,eggs,milk,chocolate,rice,,,,,,,,,,,,,,,
bread,tea,bananas,cereal,,,,,,,,,,,,,,,,
orange juice,eggs,olive oil,spinach,rice,tomatoes,potatoes,,,,,,,,,,,,,
onions,potatoes,,,,,,,,,,,,,,,,,,
orange juice,,,,,,,,,,,,,,,,,,,
cheese,pasta,,,,,,,,,,,,,,,,,,
milk,bread,,,,,,,,,,,,,,,,,,
tea,chicken,chocolate,flour,rice,coffee,sugar,spinach,,,,,,,,,,,,
orange juice,spinach,bananas,,,,,,,,,,,,,,,,,
bananas,orange juice,,,,,,,,,,,,,,,,,,
milk,tomatoes,olive oil,onions,,,,,,,,,,,,,,,,
rice,,,,,,,,,,,,,,,,,,,
bananas,yogurt,spinach,,,,,,,,,,,,,,,,,
bread,cheese,,,,,,,,,,,,,,,,,,
coffee,tomatoes,milk,salmon,,,,,,,,,,,,,,,,
onions,bananas,eggs,cereal,chocolate,rice,,,,,,,,,,,,,,
milk,yogurt,apples,coffee,,,,,,,,,,,,,,,,
olive oil,tea,cheese,,,,,,,,,,,,,,,,,
chicken,spinach,cheese,onions,pasta,yogurt,ground beef,,,,,,,,,,,,,
chicken,ground beef,spinach,flour,,,,,,,,,,,,,,,,
chocolate,bananas,tea,yogurt,,,,,,,,,,,,,,,,
orange juice,bread,,,,,,,,,,,,,,,,,,
butter,bread,,,,,,,,,,,,,,,,,,
pasta,ground beef,cereal,bananas,tomatoes,,,,,,,,,,,,,,,
yogurt,tea,onions,sugar,chicken,eggs,cheese,,,,,,,,,,,,,
tea,flour,spinach,yogurt,,,,,,,,,,,,,,,,
tomatoes,rice,,,,,,,,,,,,,,,,,,
ground beef,milk,eggs,tomatoes,,,,,,,,,,,,,,,,
coffee,pasta,bread,cereal,chicken,onions,apples,,,,,,,,,,,,,
eggs,apples,cheese,,,,,,,,,,,,,,,,,
potatoes,chocolate,cereal,sugar,olive oil,cheese,spinach,bread,,,,,,,,,,,,
tea,,,,,,,,,,,,,,,,,,,
cereal,onions,bread,milk,yogurt,eggs,,,,,,,,,,,,,,
eggs,ground beef,onions,potatoes,cheese,salmon,yogurt,coffee,,,,,,,,,,,,
ground beef,bread,cereal,cheese,potatoes,apples,,,,,,,,,,,,,,
chocolate,tea,,,,,,,,,,,,,,,,,,
orange juice,milk,,,,,,,,,,,,,,,,,,
olive oil,milk,yogurt,chocolate,bananas,spinach,salmon,ground beef,,,,,,,,,,,,
eggs,spinach,,,,,,,,,,,,,,,,,,
tomatoes,orange juice,,,,,,,,,,,,,,,,,,
bananas,ground beef,cereal,olive oil,coffee,spinach,,,,,,,,,,,,,,
flour,eggs,sugar,cereal,milk,onions,ground beef,tea,,,,,,,,,,,,
pasta,,,,,,,,,,,,,,,,,,,
tea,salmon,,,,,,,,,,,,,,,,,,
tomatoes,milk,apples,onions,cheese,yogurt,rice,sugar,,,,,,,,,,,,
salmon,potatoes,chocolate,,,,,,,,,,,,,,,,,
tea,pasta,potatoes,bananas,tomatoes,rice,orange juice,yogurt,,,,,,,,,,,,
bananas,pasta,olive oil,potatoes,,,,,,,,,,,,,,,,
cheese,tea,apples,bread,,,,,,,,,,,,,,,,
tomatoes,chicken,,,,,,,,,,,,,,,,,,
coffee,tea,,,,,,,,,,,,,,,,,,
rice,orange juice,bananas,spinach,sugar,,,,,,,,,,,,,,,
chocolate,potatoes,cereal,yogurt,coffee,ground beef,eggs,bread,,,,,,,,,,,,
yogurt,bread,chocolate,cereal,tomatoes,,,,,,,,,,,,,,,
onions,spinach,olive oil,milk,ground beef,cheese,,,,,,,,,,,,,,
coffee,rice,milk,tomatoes,pasta,cheese,bread,,,,,,,,,,,,,
coffee,butter,,,,,,,,,,,,,,,,,,
eggs,chocolate,rice,cereal,tea,tomatoes,,,,,,,,,,,,,,
cereal,milk,salmon,,,,,,,,,,,,,,,,,
flour,cereal,bread,chicken,pasta,tomatoes,apples,salmon,,,,,,,,,,,,
bananas,cereal,pasta,,,,,,,,,,,,,,,,,
orange juice,ground beef,,,,,,,,,,,,,,,,,,
cheese,coffee,ground beef,rice,spinach,milk,bananas,,,,,,,,,,,,,
coffee,potatoes,spinach,rice,butter,cereal,,,,,,,,,,,,,,
pasta,bananas,eggs,onions,,,,,,,,,,,,,,,,
tomatoes,cereal,milk,apples,sugar,eggs,,,,,,,,,,,,,,
coffee,,,,,,,,,,,,,,,,,,,
flour,orange juice,tomatoes,tea,milk,rice,,,,,,,,,,,,,,
orange juice,bread,,,,,,,,,,,,,,,,,,
flour,potatoes,chocolate,,,,,,,,,,,,,,,,,
tea,cheese,sugar,,,,,,,,,,,,,,,,,
tea,olive oil,cereal,eggs,pasta,coffee,sugar,flour,,,,,,,,,,,,
ground beef,flour,spinach,chicken,sugar,,,,,,,,,,,,,,,
onions,chocolate,bananas,yogurt,rice,,,,,,,,,,,,,,,
cheese,flour,sugar,tomatoes,olive oil,,,,,,,,,,,,,,,
rice,orange juice,flour,butter,sugar,milk,bananas,yogurt,,,,,,,,,,,,
sugar,,,,,,,,,,,,,,,,,,,
flour,olive oil,butter,tea,eggs,chicken,spinach,,,,,,,,,,,,,
orange juice,bananas,tomatoes,pasta,tea,spinach,cheese,potatoes,,,,,,,,,,,,
tea,sugar,potatoes,butter,rice,orange juice,milk,,,,,,,,,,,,,
cheese,cereal,salmon,milk,bread,,,,,,,,,,,,,,,
cheese,pasta,milk,chocolate,,,,,,,,,,,,,,,,
potatoes,ground beef,apples,pasta,yogurt,,,,,,,,,,,,,,,
butter,tea,olive oil,salmon,sugar,yogurt,tomatoes,rice,,,,,,,,,,,,
milk,bananas,spinach,orange juice,sugar,yogurt,chicken,,,,,,,,,,,,,
spinach,flour,rice,sugar,,,,,,,,,,,,,,,,
flour,yogurt,olive oil,cheese,,,,,,,,,,,,,,,,
ground beef,spinach,apples,chicken,,,,,,,,,,,,,,,,
yogurt,potatoes,rice,cereal,chocolate,butter,,,,,,,,,,,,,,
pasta,cheese,ground beef,,,,,,,,,,,,,,,,,
tomatoes,bananas,,,,,,,,,,,,,,,,,,
orange juice,flour,,,,,,,,,,,,,,,,,,
rice,bananas,spinach,,,,,,,,,,,,,,,,,
butter,,,,,,,,,,,,,,,,,,,
olive oil,chocolate,apples,butter,,,,,,,,,,,,,,,,
sugar,chocolate,rice,eggs,tea,butter,,,,,,,,,,,,,,
bread,,,,,,,,,,,,,,,,,,,
cheese,rice,chicken,butter,ground beef,cereal,yogurt,onions,,,,,,,,,,,,
olive oil,bread,,,,,,,,,,,,,,,,,,
chocolate,coffee,eggs,,,,,,,,,,,,,,,,,
potatoes,bananas,,,,,,,,,,,,,,,,,,
orange juice,sugar,apples,salmon,rice,yogurt,cereal,milk,,,,,,,,,,,,
rice,,,,,,,,,,,,,,,,,,,
orange juice,coffee,apples,,,,,,,,,,,,,,,,,
bananas,rice,yogurt,chicken,butter,sugar,,,,,,,,,,,,,,
potatoes,,,,,,,,,,,,,,,,,,,
cereal,spinach,,,,,,,,,,,,,,,,,,
olive oil,yogurt,rice,sugar,salmon,potatoes,tomatoes,,,,,,,,,,,,,
butter,ground beef,salmon,chicken,bananas,,,,,,,,,,,,,,,
potatoes,flour,cereal,,,,,,,,,,,,,,,,,
salmon,orange juice,chicken,bananas,rice,cereal,,,,,,,,,,,,,,
potatoes,onions,,,,,,,,,,,,,,,,,,
butter,milk,apples,spinach,yogurt,bread,pasta,tomatoes,,,,,,,,,,,,
potatoes,rice,chocolate,bananas,olive oil,,,,,,,,,,,,,,,
flour,eggs,bananas,,,,,,,,,,,,,,,,,
spinach,rice,cereal,butter,bananas,olive oil,milk,chocolate,,,,,,,,,,,,
ground beef,pasta,,,,,,,,,,,,,,,,,,
coffee,bananas,sugar,bread,salmon,,,,,,,,,,,,,,,
spinach,bananas,milk,butter,,,,,,,,,,,,,,,,
tomatoes,potatoes,flour,sugar,orange juice,,,,,,,,,,,,,,,
spinach,coffee,,,,,,,,,,,,,,,,,,
flour,yogurt,,,,,,,,,,,,,,,,,,
bananas,,,,,,,,,,,,,,,,,,,
bananas,tea,chicken,,,,,,,,,,,,,,,,,
flour,yogurt,ground beef,bread,orange juice,tea,spinach,onions,,,,,,,,,,,,
yogurt,onions,apples,sugar,ground beef,tea,tomatoes,,,,,,,,,,,,,
chocolate,cereal,ground beef,onions,milk,,,,,,,,,,,,,,,
salmon,,,,,,,,,,,,,,,,,,,
olive oil,bread,spinach,chicken,,,,,,,,,,,,,,,,
salmon,chocolate,bananas,bread,potatoes,cereal,ground beef,,,,,,,,,,,,,
eggs,pasta,orange juice,tea,tomatoes,ground beef,,,,,,,,,,,,,,
sugar,,,,,,,,,,,,,,,,,,,
ground beef,coffee,,,,,,,,,,,,,,,,,,
pasta,yogurt,cereal,,,,,,,,,,,,,,,,,
bread,yogurt,,,,,,,,,,,,,,,,,,
coffee,butter,rice,bread,apples,sugar,cheese,,,,,,,,,,,,,
apples,coffee,,,,,,,,,,,,,,,,,,
chocolate,orange juice,coffee,,,,,,,,,,,,,,,,,
spinach,olive oil,chocolate,orange juice,apples,,,,,,,,,,,,,,,
onions,ground beef,cheese,,,,,,,,,,,,,,,,,
tea,butter,sugar,onions,,,,,,,,,,,,,,,,
tomatoes,salmon,yogurt,chocolate,olive oil,spinach,,,,,,,,,,,,,,
spinach,tomatoes,salmon,pasta,,,,,,,,,,,,,,,,
pasta,sugar,spinach,rice,,,,,,,,,,,,,,,,
spinach,,,,,,,,,,,,,,,,,,,
milk,,,,,,,,,,,,,,,,,,,
tomatoes,orange juice,milk,yogurt,bread,,,,,,,,,,,,,,,
pasta,flour,,,,,,,,,,,,,,,,,,
eggs,salmon,chocolate,chicken,flour,,,,,,,,,,,,,,,
spinach,apples,tea,rice,,,,,,,,,,,,,,,,
potatoes,tea,cheese,eggs,butter,coffee,,,,,,,,,,,,,,
coffee,orange juice,ground beef,tomatoes,,,,,,,,,,,,,,,,
cheese,apples,salmon,spinach,yogurt,potatoes,onions,,,,,,,,,,,,,
orange juice,spinach,apples,,,,,,,,,,,,,,,,,
coffee,potatoes,,,,,,,,,,,,,,,,,,
flour,eggs,,,,,,,,,,,,,,,,,,
olive oil,salmon,tea,chocolate,coffee,onions,milk,,,,,,,,,,,,,
onions,rice,,,,,,,,,,,,,,,,,,
cereal,onions,,,,,,,,,,,,,,,,,,
ground beef,cereal,potatoes,onions,cheese,pasta,apples,salmon,,,,,,,,,,,,
butter,potatoes,cereal,coffee,olive oil,yogurt,,,,,,,,,,,,,,
coffee,sugar,onions,potatoes,pasta,,,,,,,,,,,,,,,
ground beef,sugar,pasta,eggs,apples,spinach,milk,,,,,,,,,,,,,
chocolate,bananas,olive oil,ground beef,rice,cereal,,,,,,,,,,,,,,
bananas,flour,cheese,olive oil,chocolate,chicken,,,,,,,,,,,,,,
eggs,salmon,coffee,,,,,,,,,,,,,,,,,
milk,pasta,sugar,bread,flour,,,,,,,,,,,,,,,
olive oil,onions,milk,,,,,,,,,,,,,,,,,
eggs,olive oil,flour,onions,cereal,salmon,potatoes,,,,,,,,,,,,,
tomatoes,ground beef,,,,,,,,,,,,,,,,,,
potatoes,eggs,,,,,,,,,,,,,,,,,,
spinach,,,,,,,,,,,,,,,,,,,
butter,ground beef,spinach,,,,,,,,,,,,,,,,,
pasta,cereal,salmon,tea,sugar,potatoes,coffee,,,,,,,,,,,,,
apples,potatoes,ground beef,chocolate,cheese,tea,yogurt,,,,,,,,,,,,,
cereal,yogurt,,,,,,,,,,,,,,,,,,
orange juice,,,,,,,,,,,,,,,,,,,
milk,bananas,eggs,coffee,flour,salmon,,,,,,,,,,,,,,
cereal,milk,butter,orange juice,chocolate,cheese,,,,,,,,,,,,,,
ground beef,chicken,spinach,bananas,,,,,,,,,,,,,,,,
potatoes,rice,bananas,,,,,,,,,,,,,,,,,
sugar,onions,tomatoes,bread,tea,ground beef,butter,,,,,,,,,,,,,
spinach,cheese,salmon,chicken,bread,,,,,,,,,,,,,,,
milk,olive oil,tea,bread,potatoes,butter,rice,chicken,,,,,,,,,,,,
rice,olive oil,pasta,yogurt,tea,chocolate,,,,,,,,,,,,,,
coffee,chicken,tomatoes,bananas,,,,,,,,,,,,,,,,
salmon,onions,spinach,,,,,,,,,,,,,,,,,
tomatoes,tea,bananas,potatoes,flour,eggs,ground beef,pasta,,,,,,,,,,,,
bread,rice,cheese,bananas,sugar,spinach,tomatoes,,,,,,,,,,,,,
chocolate,,,,,,,,,,,,,,,,,,,
milk,tea,apples,coffee,,,,,,,,,,,,,,,,
cereal,orange juice,yogurt,chicken,,,,,,,,,,,,,,,,
chicken,potatoes,cheese,tomatoes,sugar,cereal,chocolate,,,,,,,,,,,,,
cheese,,,,,,,,,,,,,,,,,,,
milk,rice,cheese,,,,,,,,,,,,,,,,,
eggs,apples,tomatoes,,,,,,,,,,,,,,,,,
tea,cereal,,,,,,,,,,,,,,,,,,
eggs,ground beef,olive oil,flour,sugar,onions,milk,rice,,,,,,,,,,,,
rice,chocolate,eggs,coffee,salmon,bread,flour,,,,,,,,,,,,,
sugar,tea,chicken,onions,potatoes,chocolate,bananas,,,,,,,,,,,,,
flour,onions,,,,,,,,,,,,,,,,,,
chocolate,cereal,eggs,apples,ground beef,cheese,butter,bananas,,,,,,,,,,,,
ground beef,butter,spinach,coffee,milk,bananas,tea,pasta,,,,,,,,,,,,
olive oil,butter,coffee,salmon,milk,,,,,,,,,,,,,,,
yogurt,cheese,onions,spinach,,,,,,,,,,,,,,,,
flour,ground beef,onions,potatoes,bananas,salmon,eggs,,,,,,,,,,,,,
rice,bananas,ground beef,butter,potatoes,,,,,,,,,,,,,,,
tomatoes,olive oil,tea,ground beef,spinach,,,,,,,,,,,,,,,
coffee,bananas,eggs,butter,cheese,yogurt,,,,,,,,,,,,,,
cheese,chocolate,,,,,,,,,,,,,,,,,,
chicken,rice,bananas,,,,,,,,,,,,,,,,,
coffee,,,,,,,,,,,,,,,,,,,
butter,pasta,,,,,,,,,,,,,,,,,,
chicken,,,,,,,,,,,,,,,,,,,
orange juice,salmon,,,,,,,,,,,,,,,,,,
potatoes,orange juice,,,,,,,,,,,,,,,,,,
spinach,rice,salmon,,,,,,,,,,,,,,,,,
cereal,bananas,tea,,,,,,,,,,,,,,,,,
orange juice,yogurt,milk,bananas,ground beef,potatoes,,,,,,,,,,,,,,
chocolate,yogurt,sugar,milk,,,,,,,,,,,,,,,,
potatoes,rice,onions,spinach,coffee,,,,,,,,,,,,,,,
flour,bananas,,,,,,,,,,,,,,,,,,
sugar,potatoes,onions,butter,,,,,,,,,,,,,,,,
tomatoes,salmon,flour,,,,,,,,,,,,,,,,,
flour,pasta,apples,yogurt,sugar,,,,,,,,,,,,,,,
olive oil,cereal,rice,,,,,,,,,,,,,,,,,
olive oil,milk,spinach,chocolate,,,,,,,,,,,,,,,,
salmon,eggs,cheese,pasta,,,,,,,,,,,,,,,,
olive oil,orange juice,cereal,potatoes,chocolate,eggs,apples,tomatoes,,,,,,,,,,,,
butter,coffee,cheese,pasta,olive oil,flour,yogurt,spinach,,,,,,,,,,,,
flour,tomatoes,,,,,,,,,,,,,,,,,,
ground beef,potatoes,yogurt,,,,,,,,,,,,,,,,,
butter,milk,onions,,,,,,,,,,,,,,,,,
pasta,olive oil,apples,chicken,chocolate,yogurt,,,,,,,,,,,,,,
coffee,bread,,,,,,,,,,,,,,,,,,
chicken,chocolate,cheese,onions,bananas,yogurt,olive oil,,,,,,,,,,,,,
chicken,,,,,,,,,,,,,,,,,,,
orange juice,coffee,bread,cheese,,,,,,,,,,,,,,,,
butter,olive oil,bananas,chicken,potatoes,sugar,cheese,,,,,,,,,,,,,
pasta,olive oil,potatoes,bread,spinach,,,,,,,,,,,,,,,
ground beef,,,,,,,,,,,,,,,,,,,
bananas,tea,yogurt,,,,,,,,,,,,,,,,,
tea,apples,,,,,,,,,,,,,,,,,,
yogurt,cereal,olive oil,orange juice,onions,tea,coffee,,,,,,,,,,,,,
orange juice,butter,olive oil,ground beef,sugar,potatoes,spinach,,,,,,,,,,,,,
orange juice,milk,potatoes,bread,onions,yogurt,salmon,,,,,,,,,,,,,
yogurt,potatoes,onions,olive oil,eggs,pasta,butter,,,,,,,,,,,,,
pasta,sugar,bananas,bread,tea,butter,ground beef,salmon,,,,,,,,,,,,
chocolate,bananas,pasta,eggs,ground beef,,,,,,,,,,,,,,,
flour,orange juice,olive oil,chicken,pasta,ground beef,,,,,,,,,,,,,,
eggs,butter,,,,,,,,,,,,,,,,,,
butter,flour,olive oil,,,,,,,,,,,,,,,,,
milk,onions,pasta,ground beef,salmon,potatoes,chicken,eggs,,,,,,,,,,,,
coffee,sugar,bananas,cheese,apples,olive oil,pasta,bread,,,,,,,,,,,,
milk,coffee,potatoes,onions,tea,,,,,,,,,,,,,,,
salmon,tea,rice,,,,,,,,,,,,,,,,,
onions,cereal,bread,rice,,,,,,,,,,,,,,,,
apples,tea,milk,chicken,spinach,flour,,,,,,,,,,,,,,
flour,spinach,pasta,rice,,,,,,,,,,,,,,,,
spinach,,,,,,,,,,,,,,,,,,,
onions,ground beef,,,,,,,,,,,,,,,,,,
tomatoes,orange juice,cereal,cheese,potatoes,coffee,,,,,,,,,,,,,,
eggs,chicken,pasta,onions,butter,rice,tomatoes,,,,,,,,,,,,,
ground beef,pasta,sugar,,,,,,,,,,,,,,,,,
tomatoes,apples,chocolate,sugar,butter,,,,,,,,,,,,,,,
onions,chicken,chocolate,pasta,,,,,,,,,,,,,,,,
cheese,spinach,chocolate,eggs,coffee,,,,,,,,,,,,,,,
coffee,sugar,,,,,,,,,,,,,,,,,,
sugar,bread,,,,,,,,,,,,,,,,,,
yogurt,,,,,,,,,,,,,,,,,,,
flour,tomatoes,orange juice,olive oil,eggs,,,,,,,,,,,,,,,
onions,salmon,rice,,,,,,,,,,,,,,,,,
chicken,tomatoes,ground beef,flour,,,,,,,,,,,,,,,,
chicken,,,,,,,,,,,,,,,,,,,
bread,yogurt,coffee,,,,,,,,,,,,,,,,,
milk,tea,bread,chicken,eggs,flour,apples,,,,,,,,,,,,,
chocolate,tea,bread,sugar,onions,salmon,,,,,,,,,,,,,,
yogurt,salmon,chicken,,,,,,,,,,,,,,,,,
yogurt,orange juice,,,,,,,,,,,,,,,,,,
chocolate,coffee,flour,salmon,,,,,,,,,,,,,,,,
cereal,ground beef,pasta,tomatoes,tea,,,,,,,,,,,,,,,
olive oil,yogurt,tea,tomatoes,,,,,,,,,,,,,,,,
rice,,,,,,,,,,,,,,,,,,,
olive oil,,,,,,,,,,,,,,,,,,,
chicken,potatoes,cheese,yogurt,milk,chocolate,tea,orange juice,,,,,,,,,,,,
ground beef,tomatoes,milk,eggs,butter,chicken,olive oil,flour,,,,,,,,,,,,
yogurt,cheese,bread,onions,,,,,,,,,,,,,,,,
bread,cereal,potatoes,yogurt,sugar,tomatoes,olive oil,,,,,,,,,,,,,
eggs,spinach,sugar,chicken,bananas,tomatoes,pasta,chocolate,,,,,,,,,,,,
cereal,chocolate,yogurt,coffee,bread,potatoes,orange juice,ground beef,,,,,,,,,,,,
cereal,rice,salmon,bread,cheese,tea,,,,,,,,,,,,,,
cheese,ground beef,coffee,,,,,,,,,,,,,,,,,
milk,,,,,,,,,,,,,,,,,,,
orange juice,sugar,cheese,eggs,,,,,,,,,,,,,,,,
flour,onions,tea,orange juice,eggs,bread,pasta,,,,,,,,,,,,,
tomatoes,butter,flour,pasta,orange juice,,,,,,,,,,,,,,,
eggs,pasta,apples,onions,potatoes,yogurt,rice,bread,,,,,,,,,,,,
bananas,olive oil,spinach,,,,,,,,,,,,,,,,,
ground beef,,,,,,,,,,,,,,,,,,,
olive oil,cereal,salmon,chicken,coffee,bananas,,,,,,,,,,,,,,
bananas,bread,rice,orange juice,,,,,,,,,,,,,,,,
pasta,chicken,flour,ground beef,tea,rice,,,,,,,,,,,,,,
rice,yogurt,coffee,onions,tea,cereal,spinach,,,,,,,,,,,,,
tea,rice,flour,,,,,,,,,,,,,,,,,
orange juice,eggs,bread,tomatoes,apples,chocolate,milk,,,,,,,,,,,,,
ground beef,tomatoes,sugar,,,,,,,,,,,,,,,,,
olive oil,spinach,cereal,rice,tomatoes,butter,apples,,,,,,,,,,,,,
cheese,,,,,,,,,,,,,,,,,,,
cheese,pasta,butter,milk,potatoes,bananas,,,,,,,,,,,,,,
eggs,bananas,potatoes,tomatoes,sugar,bread,onions,ground beef,,,,,,,,,,,,
tea,bread,rice,cheese,,,,,,,,,,,,,,,,
bread,rice,onions,,,,,,,,,,,,,,,,,
orange juice,tea,flour,cheese,sugar,cereal,tomatoes,,,,,,,,,,,,,
ground beef,coffee,chocolate,bananas,cheese,rice,,,,,,,,,,,,,,
flour,cereal,coffee,bananas,cheese,,,,,,,,,,,,,,,
sugar,apples,pasta,butter,onions,ground beef,yogurt,,,,,,,,,,,,,
cheese,bread,milk,ground beef,,,,,,,,,,,,,,,,
olive oil,milk,onions,chocolate,eggs,rice,flour,apples,,,,,,,,,,,,
salmon,apples,,,,,,,,,,,,,,,,,,
spinach,tomatoes,eggs,orange juice,,,,,,,,,,,,,,,,
bananas,tea,,,,,,,,,,,,,,,,,,
tea,,,,,,,,,,,,,,,,,,,
potatoes,onions,tea,tomatoes,pasta,chicken,bananas,,,,,,,,,,,,,
tea,salmon,chicken,apples,,,,,,,,,,,,,,,,
sugar,eggs,ground beef,potatoes,,,,,,,,,,,,,,,,
cheese,tea,olive oil,tomatoes,flour,onions,milk,,,,,,,,,,,,,
butter,apples,eggs,bananas,tomatoes,bread,chocolate,,,,,,,,,,,,,
olive oil,onions,tea,potatoes,tomatoes,eggs,milk,bread,,,,,,,,,,,,
potatoes,apples,olive oil,onions,tomatoes,chicken,,,,,,,,,,,,,,
bananas,yogurt,potatoes,apples,milk,olive oil,rice,eggs,,,,,,,,,,,,
yogurt,,,,,,,,,,,,,,,,,,,
yogurt,orange juice,eggs,tomatoes,cereal,coffee,salmon,,,,,,,,,,,,,
bananas,bread,cheese,chocolate,sugar,tomatoes,onions,,,,,,,,,,,,,
apples,tea,milk,cheese,yogurt,rice,tomatoes,pasta,,,,,,,,,,,,
chocolate,pasta,sugar,milk,flour,,,,,,,,,,,,,,,
milk,pasta,flour,tea,spinach,cereal,eggs,,,,,,,,,,,,,
tomatoes,apples,butter,milk,potatoes,rice,,,,,,,,,,,,,,
chocolate,chicken,rice,ground beef,salmon,potatoes,tea,,,,,,,,,,,,,
apples,orange juice,onions,ground beef,chocolate,,,,,,,,,,,,,,,
pasta,spinach,salmon,apples,potatoes,chicken,sugar,cheese,,,,,,,,,,,,
eggs,butter,,,,,,,,,,,,,,,,,,
butter,coffee,sugar,salmon,chocolate,,,,,,,,,,,,,,,
bread,chicken,yogurt,orange juice,tea,salmon,apples,tomatoes,,,,,,,,,,,,
sugar,ground beef,cereal,bananas,tomatoes,spinach,apples,,,,,,,,,,,,,
chicken,potatoes,rice,olive oil,cheese,chocolate,,,,,,,,,,,,,,
spinach,cereal,cheese,yogurt,tomatoes,chicken,ground beef,,,,,,,,,,,,,
bananas,yogurt,chocolate,onions,,,,,,,,,,,,,,,,
spinach,chicken,milk,tea,,,,,,,,,,,,,,,,
tomatoes,cereal,orange juice,,,,,,,,,,,,,,,,,
spinach,chocolate,bananas,cheese,bread,,,,,,,,,,,,,,,
cereal,butter,bread,,,,,,,,,,,,,,,,,
onions,apples,ground beef,flour,,,,,,,,,,,,,,,,
bananas,potatoes,,,,,,,,,,,,,,,,,,
flour,,,,,,,,,,,,,,,,,,,
chicken,apples,eggs,onions,coffee,chocolate,pasta,bananas,,,,,,,,,,,,
salmon,cheese,olive oil,bananas,rice,flour,onions,,,,,,,,,,,,,
coffee,chicken,butter,,,,,,,,,,,,,,,,,
tea,orange juice,butter,cheese,potatoes,,,,,,,,,,,,,,,
tomatoes,,,,,,,,,,,,,,,,,,,
tomatoes,spinach,bananas,,,,,,,,,,,,,,,,,
potatoes,pasta,eggs,tea,rice,,,,,,,,,,,,,,,
flour,tomatoes,salmon,bread,cheese,eggs,,,,,,,,,,,,,,
salmon,,,,,,,,,,,,,,,,,,,
chocolate,eggs,milk,chicken,potatoes,,,,,,,,,,,,,,,
cheese,rice,orange juice,tea,bread,cereal,apples,flour,,,,,,,,,,,,
flour,bread,rice,salmon,yogurt,spinach,tomatoes,,,,,,,,,,,,,
rice,onions,pasta,coffee,olive oil,,,,,,,,,,,,,,,
chicken,,,,,,,,,,,,,,,,,,,
chicken,,,,,,,,,,,,,,,,,,,
chocolate,eggs,,,,,,,,,,,,,,,,,,
apples,milk,salmon,flour,onions,,,,,,,,,,,,,,,
sugar,coffee,,,,,,,,,,,,,,,,,,
rice,,,,,,,,,,,,,,,,,,,
apples,milk,,,,,,,,,,,,,,,,,,
pasta,ground beef,tea,bananas,onions,,,,,,,,,,,,,,,
tea,bananas,,,,,,,,,,,,,,,,,,
tomatoes,yogurt,milk,cereal,olive oil,cheese,pasta,,,,,,,,,,,,,
bananas,ground beef,apples,sugar,tomatoes,cereal,,,,,,,,,,,,,,
apples,onions,tomatoes,eggs,spinach,potatoes,butter,cereal,,,,,,,,,,,,
rice,ground beef,chicken,salmon,bread,cheese,,,,,,,,,,,,,,
chocolate,rice,chicken,apples,butter,,,,,,,,,,,,,,,
cheese,apples,chicken,,,,,,,,,,,,,,,,,
milk,salmon,bananas,sugar,bread,cereal,butter,,,,,,,,,,,,,
flour,rice,milk,chicken,potatoes,eggs,,,,,,,,,,,,,,
olive oil,potatoes,,,,,,,,,,,,,,,,,,
tea,pasta,salmon,orange juice,chicken,tomatoes,eggs,,,,,,,,,,,,,
potatoes,chicken,apples,sugar,milk,cheese,bananas,,,,,,,,,,,,,
rice,,,,,,,,,,,,,,,,,,,
coffee,cereal,spinach,orange juice,sugar,olive oil,,,,,,,,,,,,,,
butter,ground beef,,,,,,,,,,,,,,,,,,
orange juice,chocolate,coffee,salmon,bananas,sugar,pasta,spinach,,,,,,,,,,,,
sugar,,,,,,,,,,,,,,,,,,,
sugar,,,,,,,,,,,,,,,,,,,
coffee,onions,olive oil,bread,yogurt,chocolate,potatoes,cheese,,,,,,,,,,,,
potatoes,tomatoes,yogurt,salmon,rice,tea,flour,bananas,,,,,,,,,,,,
cheese,,,,,,,,,,,,,,,,,,,
butter,pasta,chicken,spinach,cheese,salmon,yogurt,sugar,,,,,,,,,,,,
tomatoes,eggs,chicken,bread,cereal,,,,,,,,,,,,,,,
tomatoes,sugar,apples,coffee,rice,flour,,,,,,,,,,,,,,
orange juice,,,,,,,,,,,,,,,,,,,
tea,tomatoes,spinach,pasta,,,,,,,,,,,,,,,,
butter,flour,,,,,,,,,,,,,,,,,,
salmon,tea,pasta,eggs,ground beef,bread,flour,chocolate,,,,,,,,,,,,
apples,chicken,butter,,,,,,,,,,,,,,,,,
bread,apples,pasta,onions,butter,orange juice,,,,,,,,,,,,,,
yogurt,bananas,milk,,,,,,,,,,,,,,,,,
tea,eggs,ground beef,spinach,rice,flour,potatoes,chocolate,,,,,,,,,,,,
bananas,milk,potatoes,cereal,spinach,tomatoes,rice,,,,,,,,,,,,,
chicken,salmon,cheese,cereal,,,,,,,,,,,,,,,,
bread,cheese,tomatoes,butter,cereal,apples,yogurt,onions,,,,,,,,,,,,
milk,eggs,cereal,rice,,,,,,,,,,,,,,,,
onions,orange juice,rice,cheese,eggs,tomatoes,,,,,,,,,,,,,,
apples,yogurt,orange juice,tomatoes,coffee,cheese,sugar,,,,,,,,,,,,,
butter,apples,,,,,,,,,,,,,,,,,,
pasta,tea,olive oil,butter,onions,chocolate,spinach,,,,,,,,,,,,,
chocolate,spinach,,,,,,,,,,,,,,,,,,
pasta,tea,bananas,rice,orange juice,yogurt,salmon,coffee,,,,,,,,,,,,
apples,orange juice,,,,,,,,,,,,,,,,,,
onions,olive oil,coffee,chocolate,tomatoes,salmon,,,,,,,,,,,,,,
chocolate,,,,,,,,,,,,,,,,,,,
milk,orange juice,apples,cheese,,,,,,,,,,,,,,,,
bananas,orange juice,tomatoes,potatoes,butter,,,,,,,,,,,,,,,
flour,chocolate,,,,,,,,,,,,,,,,,,
coffee,rice,,,,,,,,,,,,,,,,,,
apples,milk,,,,,,,,,,,,,,,,,,
milk,ground beef,olive oil,chocolate,apples,salmon,,,,,,,,,,,,,,
tea,eggs,apples,,,,,,,,,,,,,,,,,
coffee,sugar,potatoes,,,,,,,,,,,,,,,,,
chocolate,spinach,yogurt,bread,pasta,milk,bananas,orange juice,,,,,,,,,,,,
spinach,flour,cereal,butter,,,,,,,,,,,,,,,,
eggs,,,,,,,,,,,,,,,,,,,
spinach,bananas,salmon,rice,sugar,olive oil,chocolate,tea,,,,,,,,,,,,
cheese,sugar,bananas,butter,eggs,milk,,,,,,,,,,,,,,
spinach,cereal,yogurt,,,,,,,,,,,,,,,,,
chocolate,ground beef,tea,salmon,butter,,,,,,,,,,,,,,,
coffee,cheese,milk,apples,chocolate,cereal,butter,,,,,,,,,,,,,
orange juice,flour,ground beef,cereal,butter,spinach,,,,,,,,,,,,,,
sugar,olive oil,butter,eggs,pasta,,,,,,,,,,,,,,,
chocolate,eggs,sugar,,,,,,,,,,,,,,,,,
onions,apples,salmon,pasta,olive oil,,,,,,,,,,,,,,,
coffee,bread,rice,olive oil,salmon,chicken,flour,,,,,,,,,,,,,
coffee,cheese,,,,,,,,,,,,,,,,,,
sugar,cheese,,,,,,,,,,,,,,,,,,
olive oil,sugar,chicken,,,,,,,,,,,,,,,,,
yogurt,salmon,cereal,butter,orange juice,milk,pasta,,,,,,,,,,,,,
butter,ground beef,cereal,,,,,,,,,,,,,,,,,
chicken,onions,sugar,yogurt,milk,bananas,butter,,,,,,,,,,,,,
onions,flour,spinach,bread,bananas,orange juice,salmon,eggs,,,,,,,,,,,,
tomatoes,flour,butter,chocolate,,,,,,,,,,,,,,,,
potatoes,tea,rice,spinach,flour,cheese,olive oil,,,,,,,,,,,,,
bananas,spinach,,,,,,,,,,,,,,,,,,
tomatoes,ground beef,yogurt,pasta,apples,,,,,,,,,,,,,,,
orange juice,tea,,,,,,,,,,,,,,,,,,
apples,spinach,orange juice,potatoes,coffee,butter,bread,,,,,,,,,,,,,
sugar,bread,chicken,bananas,flour,,,,,,,,,,,,,,,
bananas,pasta,chocolate,butter,apples,bread,,,,,,,,,,,,,,
apples,tea,pasta,sugar,chocolate,ground beef,,,,,,,,,,,,,,
apples,,,,,,,,,,,,,,,,,,,
olive oil,butter,milk,salmon,apples,pasta,spinach,,,,,,,,,,,,,
onions,rice,yogurt,olive oil,bread,potatoes,,,,,,,,,,,,,,
tea,butter,sugar,,,,,,,,,,,,,,,,,
bread,eggs,rice,tomatoes,olive oil,chocolate,,,,,,,,,,,,,,
spinach,apples,bananas,eggs,onions,olive oil,butter,,,,,,,,,,,,,
bananas,pasta,,,,,,,,,,,,,,,,,,
potatoes,bread,cheese,onions,spinach,,,,,,,,,,,,,,,
bread,salmon,tea,bananas,yogurt,,,,,,,,,,,,,,,
flour,cheese,,,,,,,,,,,,,,,,,,
spinach,cereal,milk,yogurt,rice,olive oil,,,,,,,,,,,,,,
ground beef,,,,,,,,,,,,,,,,,,,
orange juice,potatoes,chocolate,spinach,eggs,chicken,cereal,coffee,,,,,,,,,,,,
bananas,salmon,coffee,,,,,,,,,,,,,,,,,
butter,coffee,potatoes,eggs,salmon,apples,flour,,,,,,,,,,,,,
cereal,butter,,,,,,,,,,,,,,,,,,
onions,cereal,spinach,flour,butter,rice,ground beef,,,,,,,,,,,,,
potatoes,flour,cheese,butter,cereal,tomatoes,tea,,,,,,,,,,,,,
bread,orange juice,bananas,rice,tea,spinach,ground beef,,,,,,,,,,,,,
sugar,tea,butter,flour,chicken,olive oil,potatoes,,,,,,,,,,,,,
milk,apples,chicken,spinach,,,,,,,,,,,,,,,,
bananas,olive oil,sugar,chocolate,salmon,coffee,,,,,,,,,,,,,,
apples,olive oil,cheese,tea,bananas,potatoes,eggs,chocolate,,,,,,,,,,,,
spinach,tomatoes,apples,ground beef,,,,,,,,,,,,,,,,
olive oil,bread,tomatoes,eggs,cereal,bananas,pasta,,,,,,,,,,,,,
orange juice,yogurt,eggs,flour,,,,,,,,,,,,,,,,
orange juice,sugar,coffee,,,,,,,,,,,,,,,,,
tea,butter,pasta,chicken,yogurt,ground beef,onions,,,,,,,,,,,,,
bread,cereal,apples,,,,,,,,,,,,,,,,,
flour,tea,potatoes,,,,,,,,,,,,,,,,,
cheese,coffee,apples,onions,butter,pasta,salmon,rice,,,,,,,,,,,,
flour,ground beef,yogurt,apples,,,,,,,,,,,,,,,,
chicken,salmon,,,,,,,,,,,,,,,,,,
olive oil,chicken,apples,cereal,,,,,,,,,,,,,,,,
apples,butter,cereal,onions,yogurt,tomatoes,,,,,,,,,,,,,,
pasta,apples,,,,,,,,,,,,,,,,,,
chicken,,,,,,,,,,,,,,,,,,,
chocolate,onions,tomatoes,flour,cheese,,,,,,,,,,,,,,,
tea,eggs,tomatoes,milk,onions,,,,,,,,,,,,,,,
sugar,cheese,bananas,chicken,flour,,,,,,,,,,,,,,,
yogurt,eggs,flour,,,,,,,,,,,,,,,,,
flour,salmon,chocolate,,,,,,,,,,,,,,,,,
onions,bread,orange juice,salmon,apples,,,,,,,,,,,,,,,
tea,coffee,chocolate,apples,,,,,,,,,,,,,,,,
ground beef,rice,spinach,sugar,tomatoes,olive oil,,,,,,,,,,,,,,
pasta,eggs,flour,butter,olive oil,ground beef,,,,,,,,,,,,,,
milk,butter,olive oil,rice,apples,,,,,,,,,,,,,,,
apples,cheese,bread,chocolate,eggs,,,,,,,,,,,,,,,
milk,orange juice,olive oil,,,,,,,,,,,,,,,,,
chocolate,sugar,flour,,,,,,,,,,,,,,,,,
orange juice,sugar,,,,,,,,,,,,,,,,,,
eggs,sugar,cereal,,,,,,,,,,,,,,,,,
yogurt,tea,rice,butter,orange juice,cheese,,,,,,,,,,,,,,
rice,eggs,cereal,tea,milk,flour,yogurt,ground beef,,,,,,,,,,,,
onions,tomatoes,potatoes,,,,,,,,,,,,,,,,,
cereal,tomatoes,cheese,flour,,,,,,,,,,,,,,,,
orange juice,milk,yogurt,,,,,,,,,,,,,,,,,
olive oil,chocolate,salmon,yogurt,ground beef,potatoes,chicken,eggs,,,,,,,,,,,,
bread,butter,onions,,,,,,,,,,,,,,,,,
milk,orange juice,bread,cheese,chicken,,,,,,,,,,,,,,,
milk,apples,,,,,,,,,,,,,,,,,,
rice,bananas,,,,,,,,,,,,,,,,,,
orange juice,apples,potatoes,pasta,,,,,,,,,,,,,,,,
bananas,milk,pasta,tomatoes,bread,olive oil,,,,,,,,,,,,,,
sugar,ground beef,potatoes,salmon,apples,coffee,,,,,,,,,,,,,,
orange juice,chicken,rice,cheese,,,,,,,,,,,,,,,,
tomatoes,coffee,tea,pasta,,,,,,,,,,,,,,,,
chicken,pasta,chocolate,spinach,yogurt,tomatoes,,,,,,,,,,,,,,
olive oil,milk,chicken,onions,pasta,,,,,,,,,,,,,,,
onions,sugar,,,,,,,,,,,,,,,,,,
ground beef,salmon,rice,chocolate,bread,pasta,,,,,,,,,,,,,,
eggs,chocolate,,,,,,,,,,,,,,,,,,
coffee,rice,bread,orange juice,,,,,,,,,,,,,,,,
apples,chocolate,eggs,,,,,,,,,,,,,,,,,
bananas,cheese,,,,,,,,,,,,,,,,,,
chocolate,pasta,potatoes,rice,bananas,onions,flour,,,,,,,,,,,,,
tea,milk,,,,,,,,,,,,,,,,,,
tea,,,,,,,,,,,,,,,,,,,
bananas,,,,,,,,,,,,,,,,,,,
orange juice,chicken,,,,,,,,,,,,,,,,,,
eggs,rice,chicken,,,,,,,,,,,,,,,,,
pasta,potatoes,ground beef,cheese,chocolate,spinach,cereal,bread,,,,,,,,,,,,
pasta,cheese,cereal,chocolate,,,,,,,,,,,,,,,,
ground beef,chocolate,coffee,apples,,,,,,,,,,,,,,,,
ground beef,butter,tomatoes,cheese,eggs,chicken,,,,,,,,,,,,,,
chocolate,bread,butter,onions,potatoes,chicken,,,,,,,,,,,,,,
tomatoes,sugar,,,,,,,,,,,,,,,,,,
salmon,sugar,tomatoes,eggs,chocolate,pasta,milk,spinach,,,,,,,,,,,,
salmon,chocolate,sugar,chicken,potatoes,,,,,,,,,,,,,,,
onions,tea,,,,,,,,,,,,,,,,,,
apples,yogurt,tea,coffee,bread,rice,cheese,cereal,,,,,,,,,,,,
coffee,,,,,,,,,,,,,,,,,,,
flour,bread,onions,chicken,ground beef,chocolate,bananas,,,,,,,,,,,,,
milk,pasta,orange juice,tea,,,,,,,,,,,,,,,,
coffee,milk,,,,,,,,,,,,,,,,,,
potatoes,milk,chicken,,,,,,,,,,,,,,,,,
bread,potatoes,tomatoes,yogurt,flour,,,,,,,,,,,,,,,
cereal,tea,tomatoes,yogurt,potatoes,chicken,,,,,,,,,,,,,,
cheese,olive oil,ground beef,yogurt,orange juice,spinach,,,,,,,,,,,,,,
tomatoes,potatoes,tea,pasta,yogurt,chicken,coffee,sugar,,,,,,,,,,,,
salmon,chicken,ground beef,potatoes,pasta,,,,,,,,,,,,,,,
chicken,cereal,potatoes,onions,spinach,butter,milk,,,,,,,,,,,,,
tea,flour,butter,salmon,sugar,bananas,,,,,,,,,,,,,,
chocolate,,,,,,,,,,,,,,,,,,,
bananas,tomatoes,tea,olive oil,spinach,chocolate,coffee,bread,,,,,,,,,,,,
potatoes,tea,,,,,,,,,,,,,,,,,,
bread,spinach,cheese,milk,tomatoes,flour,coffee,salmon,,,,,,,,,,,,
tomatoes,bread,,,,,,,,,,,,,,,,,,
olive oil,bananas,bread,tomatoes,,,,,,,,,,,,,,,,
spinach,sugar,butter,orange juice,,,,,,,,,,,,,,,,
flour,bread,eggs,tea,chocolate,cheese,,,,,,,,,,,,,,
potatoes,chocolate,sugar,rice,spinach,,,,,,,,,,,,,,,
cereal,coffee,onions,chocolate,,,,,,,,,,,,,,,,
chocolate,pasta,ground beef,,,,,,,,,,,,,,,,,
onions,chicken,butter,tea,cereal,,,,,,,,,,,,,,,
bread,milk,sugar,chocolate,,,,,,,,,,,,,,,,
tea,spinach,yogurt,chocolate,bananas,eggs,,,,,,,,,,,,,,
butter,tomatoes,onions,,,,,,,,,,,,,,,,,
onions,tomatoes,chicken,yogurt,ground beef,chocolate,cheese,,,,,,,,,,,,,
orange juice,,,,,,,,,,,,,,,,,,,
salmon,bananas,milk,olive oil,tomatoes,tea,yogurt,,,,,,,,,,,,,
bananas,cereal,apples,bread,,,,,,,,,,,,,,,,
chicken,,,,,,,,,,,,,,,,,,,
pasta,salmon,spinach,yogurt,butter,cheese,sugar,orange juice,,,,,,,,,,,,
coffee,tomatoes,cereal,chicken,milk,ground beef,,,,,,,,,,,,,,
potatoes,bread,,,,,,,,,,,,,,,,,,
onions,,,,,,,,,,,,,,,,,,,
coffee,salmon,bread,potatoes,butter,,,,,,,,,,,,,,,
rice,sugar,tea,eggs,bread,,,,,,,,,,,,,,,
cereal,flour,,,,,,,,,,,,,,,,,,
tea,,,,,,,,,,,,,,,,,,,
onions,rice,olive oil,apples,,,,,,,,,,,,,,,,
orange juice,potatoes,bananas,eggs,,,,,,,,,,,,,,,,
bread,apples,onions,sugar,spinach,flour,,,,,,,,,,,,,,
rice,orange juice,pasta,tea,eggs,butter,ground beef,,,,,,,,,,,,,
tea,chocolate,orange juice,spinach,flour,sugar,tomatoes,,,,,,,,,,,,,
milk,sugar,eggs,rice,chicken,bread,cheese,,,,,,,,,,,,,
flour,tomatoes,ground beef,,,,,,,,,,,,,,,,,
tomatoes,spinach,bread,cereal,coffee,chocolate,,,,,,,,,,,,,,
butter,tea,rice,tomatoes,bread,flour,eggs,,,,,,,,,,,,,
tomatoes,,,,,,,,,,,,,,,,,,,
cereal,yogurt,coffee,cheese,orange juice,tea,olive oil,pasta,,,,,,,,,,,,
spinach,pasta,chocolate,yogurt,orange juice,bread,eggs,,,,,,,,,,,,,
pasta,bread,olive oil,,,,,,,,,,,,,,,,,
bananas,milk,salmon,eggs,cereal,coffee,butter,rice,,,,,,,,,,,,
ground beef,tea,olive oil,potatoes,,,,,,,,,,,,,,,,
potatoes,onions,,,,,,,,,,,,,,,,,,
pasta,,,,,,,,,,,,,,,,,,,
ground beef,bananas,rice,tomatoes,bread,eggs,chocolate,,,,,,,,,,,,,
rice,apples,chocolate,orange juice,salmon,coffee,cereal,potatoes,,,,,,,,,,,,
yogurt,milk,orange juice,onions,,,,,,,,,,,,,,,,
coffee,ground beef,,,,,,,,,,,,,,,,,,
spinach,flour,coffee,chocolate,bananas,sugar,salmon,eggs,,,,,,,,,,,,
onions,pasta,ground beef,yogurt,,,,,,,,,,,,,,,,
orange juice,rice,spinach,onions,pasta,yogurt,eggs,flour,,,,,,,,,,,,
olive oil,cereal,bananas,milk,orange juice,apples,,,,,,,,,,,,,,
tomatoes,eggs,yogurt,bananas,pasta,chocolate,onions,,,,,,,,,,,,,
ground beef,orange juice,bread,tea,,,,,,,,,,,,,,,,
rice,,,,,,,,,,,,,,,,,,,
eggs,olive oil,cereal,potatoes,apples,ground beef,tea,,,,,,,,,,,,,
tomatoes,cereal,chocolate,flour,orange juice,,,,,,,,,,,,,,,
milk,cheese,salmon,,,,,,,,,,,,,,,,,
ground beef,sugar,milk,tomatoes,olive oil,potatoes,,,,,,,,,,,,,,
potatoes,chicken,spinach,tea,chocolate,onions,orange juice,cheese,,,,,,,,,,,,
yogurt,bread,,,,,,,,,,,,,,,,,,
coffee,sugar,flour,salmon,olive oil,milk,onions,apples,,,,,,,,,,,,
salmon,bread,eggs,milk,onions,flour,chicken,,,,,,,,,,,,,
rice,bananas,cereal,tomatoes,cheese,apples,,,,,,,,,,,,,,
flour,,,,,,,,,,,,,,,,,,,
bananas,chocolate,salmon,cheese,onions,yogurt,,,,,,,,,,,,,,
rice,chicken,milk,butter,,,,,,,,,,,,,,,,
spinach,milk,,,,,,,,,,,,,,,,,,
tomatoes,milk,tea,bread,,,,,,,,,,,,,,,,
chocolate,,,,,,,,,,,,,,,,,,,
potatoes,rice,yogurt,cereal,apples,,,,,,,,,,,,,,,
potatoes,rice,tea,salmon,milk,coffee,,,,,,,,,,,,,,
yogurt,sugar,apples,pasta,flour,,,,,,,,,,,,,,,
yogurt,potatoes,cheese,spinach,,,,,,,,,,,,,,,,
coffee,orange juice,chicken,cereal,olive oil,chocolate,,,,,,,,,,,,,,
apples,yogurt,cereal,salmon,rice,potatoes,pasta,tea,,,,,,,,,,,,
bread,pasta,tea,chocolate,salmon,eggs,,,,,,,,,,,,,,
butter,,,,,,,,,,,,,,,,,,,
bread,olive oil,apples,tea,yogurt,flour,,,,,,,,,,,,,,
eggs,butter,orange juice,milk,yogurt,chicken,flour,,,,,,,,,,,,,
bread,chocolate,cheese,cereal,potatoes,,,,,,,,,,,,,,,
coffee,,,,,,,,,,,,,,,,,,,
pasta,flour,milk,apples,onions,,,,,,,,,,,,,,,
tomatoes,milk,apples,onions,orange juice,,,,,,,,,,,,,,,
tomatoes,chicken,butter,,,,,,,,,,,,,,,,,
butter,tea,chocolate,,,,,,,,,,,,,,,,,
onions,flour,salmon,yogurt,,,,,,,,,,,,,,,,
cereal,salmon,sugar,pasta,orange juice,bananas,apples,ground beef,,,,,,,,,,,,
coffee,sugar,olive oil,flour,pasta,,,,,,,,,,,,,,,
milk,onions,bananas,bread,spinach,,,,,,,,,,,,,,,
yogurt,,,,,,,,,,,,,,,,,,,
onions,sugar,rice,apples,flour,coffee,chocolate,yogurt,,,,,,,,,,,,
bananas,sugar,,,,,,,,,,,,,,,,,,
olive oil,spinach,rice,eggs,,,,,,,,,,,,,,,,
pasta,flour,,,,,,,,,,,,,,,,,,
flour,orange juice,sugar,salmon,onions,bread,,,,,,,,,,,,,,
sugar,apples,eggs,flour,butter,,,,,,,,,,,,,,,
cheese,,,,,,,,,,,,,,,,,,,
cereal,spinach,butter,coffee,flour,orange juice,olive oil,,,,,,,,,,,,,
olive oil,,,,,,,,,,,,,,,,,,,
eggs,coffee,ground beef,,,,,,,,,,,,,,,,,
chocolate,tea,rice,coffee,,,,,,,,,,,,,,,,
olive oil,spinach,yogurt,milk,chocolate,pasta,,,,,,,,,,,,,,
yogurt,eggs,pasta,salmon,,,,,,,,,,,,,,,,
potatoes,chicken,flour,sugar,butter,,,,,,,,,,,,,,,
tomatoes,rice,ground beef,,,,,,,,,,,,,,,,,
salmon,chicken,bread,apples,,,,,,,,,,,,,,,,
ground beef,,,,,,,,,,,,,,,,,,,
rice,spinach,milk,,,,,,,,,,,,,,,,,
tea,spinach,potatoes,,,,,,,,,,,,,,,,,
ground beef,chicken,potatoes,spinach,butter,,,,,,,,,,,,,,,
chocolate,,,,,,,,,,,,,,,,,,,
olive oil,,,,,,,,,,,,,,,,,,,
bananas,chocolate,tomatoes,cereal,spinach,,,,,,,,,,,,,,,
orange juice,tea,spinach,,,,,,,,,,,,,,,,,
pasta,,,,,,,,,,,,,,,,,,,
tomatoes,rice,chocolate,eggs,chicken,,,,,,,,,,,,,,,
bananas,onions,chocolate,cereal,,,,,,,,,,,,,,,,
spinach,chocolate,,,,,,,,,,,,,,,,,,
cereal,potatoes,tea,milk,bread,orange juice,salmon,,,,,,,,,,,,,
butter,sugar,tomatoes,bread,salmon,milk,apples,,,,,,,,,,,,,
flour,potatoes,bananas,cheese,olive oil,yogurt,,,,,,,,,,,,,,
rice,sugar,milk,,,,,,,,,,,,,,,,,
chocolate,spinach,olive oil,ground beef,pasta,coffee,rice,tea,,,,,,,,,,,,
eggs,,,,,,,,,,,,,,,,,,,
cheese,,,,,,,,,,,,,,,,,,,
bananas,coffee,pasta,orange juice,,,,,,,,,,,,,,,,
ground beef,chicken,apples,bread,cereal,eggs,cheese,,,,,,,,,,,,,
chicken,yogurt,bread,milk,pasta,,,,,,,,,,,,,,,
cheese,eggs,cereal,bread,salmon,potatoes,chocolate,,,,,,,,,,,,,
pasta,onions,,,,,,,,,,,,,,,,,,
rice,coffee,butter,,,,,,,,,,,,,,,,,
rice,eggs,spinach,sugar,chicken,ground beef,cereal,,,,,,,,,,,,,
orange juice,cheese,bananas,olive oil,sugar,butter,cereal,,,,,,,,,,,,,
tea,,,,,,,,,,,,,,,,,,,
bread,yogurt,milk,rice,potatoes,,,,,,,,,,,,,,,
orange juice,,,,,,,,,,,,,,,,,,,
onions,flour,salmon,chocolate,cheese,chicken,bananas,,,,,,,,,,,,,
cereal,butter,spinach,bread,tomatoes,onions,,,,,,,,,,,,,,
onions,pasta,salmon,butter,cereal,,,,,,,,,,,,,,,
spinach,bananas,potatoes,,,,,,,,,,,,,,,,,
butter,flour,ground beef,orange juice,chocolate,,,,,,,,,,,,,,,
olive oil,yogurt,chocolate,salmon,cereal,tomatoes,,,,,,,,,,,,,,
tea,spinach,tomatoes,olive oil,,,,,,,,,,,,,,,,
tomatoes,bananas,tea,,,,,,,,,,,,,,,,,
cheese,salmon,,,,,,,,,,,,,,,,,,
orange juice,,,,,,,,,,,,,,,,,,,
rice,potatoes,yogurt,bananas,tomatoes,,,,,,,,,,,,,,,
chocolate,milk,tomatoes,chicken,apples,sugar,rice,flour,,,,,,,,,,,,
rice,bananas,flour,yogurt,potatoes,,,,,,,,,,,,,,,
butter,,,,,,,,,,,,,,,,,,,
cereal,,,,,,,,,,,,,,,,,,,
spinach,,,,,,,,,,,,,,,,,,,
spinach,tomatoes,tea,sugar,salmon,milk,,,,,,,,,,,,,,
orange juice,cereal,,,,,,,,,,,,,,,,,,
tea,chicken,ground beef,coffee,,,,,,,,,,,,,,,,
chocolate,orange juice,tomatoes,potatoes,flour,bananas,pasta,salmon,,,,,,,,,,,,
flour,chocolate,yogurt,cheese,spinach,rice,ground beef,chicken,,,,,,,,,,,,
orange juice,,,,,,,,,,,,,,,,,,,
chicken,flour,rice,olive oil,apples,bread,spinach,,,,,,,,,,,,,
bread,cheese,,,,,,,,,,,,,,,,,,
chocolate,tomatoes,salmon,ground beef,flour,coffee,apples,butter,,,,,,,,,,,,
spinach,,,,,,,,,,,,,,,,,,,
tea,,,,,,,,,,,,,,,,,,,
butter,milk,olive oil,chicken,,,,,,,,,,,,,,,,
chicken,flour,,,,,,,,,,,,,,,,,,
cheese,eggs,yogurt,apples,butter,chocolate,,,,,,,,,,,,,,
orange juice,flour,spinach,olive oil,pasta,bread,,,,,,,,,,,,,,
onions,coffee,salmon,spinach,orange juice,ground beef,,,,,,,,,,,,,,
milk,coffee,tea,tomatoes,,,,,,,,,,,,,,,,
yogurt,sugar,chicken,ground beef,tomatoes,bread,flour,cheese,,,,,,,,,,,,
yogurt,apples,chocolate,butter,onions,eggs,,,,,,,,,,,,,,
yogurt,sugar,orange juice,tomatoes,bananas,tea,spinach,salmon,,,,,,,,,,,,
eggs,butter,bread,bananas,flour,salmon,,,,,,,,,,,,,,
coffee,cheese,olive oil,,,,,,,,,,,,,,,,,
butter,yogurt,pasta,cheese,coffee,onions,ground beef,,,,,,,,,,,,,
bananas,rice,milk,cereal,chicken,tea,,,,,,,,,,,,,,
cheese,chicken,butter,,,,,,,,,,,,,,,,,
olive oil,chocolate,,,,,,,,,,,,,,,,,,
rice,potatoes,coffee,,,,,,,,,,,,,,,,,
yogurt,bread,onions,,,,,,,,,,,,,,,,,
potatoes,,,,,,,,,,,,,,,,,,,
orange juice,salmon,eggs,,,,,,,,,,,,,,,,,
flour,bread,,,,,,,,,,,,,,,,,,
tea,bananas,rice,bread,yogurt,chicken,,,,,,,,,,,,,,
tea,onions,ground beef,orange juice,rice,eggs,chocolate,chicken,,,,,,,,,,,,
yogurt,chicken,potatoes,bread,orange juice,chocolate,sugar,pasta,,,,,,,,,,,,
flour,sugar,onions,,,,,,,,,,,,,,,,,
chicken,flour,sugar,potatoes,,,,,,,,,,,,,,,,
yogurt,ground beef,tomatoes,,,,,,,,,,,,,,,,,
potatoes,chocolate,orange juice,cereal,,,,,,,,,,,,,,,,
coffee,eggs,butter,sugar,,,,,,,,,,,,,,,,
pasta,chicken,,,,,,,,,,,,,,,,,,
orange juice,tea,spinach,apples,,,,,,,,,,,,,,,,
apples,eggs,chicken,pasta,,,,,,,,,,,,,,,,
cheese,eggs,cereal,sugar,,,,,,,,,,,,,,,,
orange juice,pasta,spinach,apples,salmon,chocolate,butter,,,,,,,,,,,,,
apples,coffee,flour,tomatoes,cereal,,,,,,,,,,,,,,,
onions,bananas,chocolate,,,,,,,,,,,,,,,,,
tomatoes,,,,,,,,,,,,,,,,,,,
potatoes,olive oil,butter,chicken,onions,ground beef,bananas,,,,,,,,,,,,,
cereal,cheese,,,,,,,,,,,,,,,,,,
flour,tomatoes,,,,,,,,,,,,,,,,,,
pasta,butter,eggs,apples,tea,rice,onions,orange juice,,,,,,,,,,,,
onions,ground beef,tea,milk,rice,,,,,,,,,,,,,,,
tea,rice,milk,butter,orange juice,eggs,,,,,,,,,,,,,,
ground beef,yogurt,,,,,,,,,,,,,,,,,,
pasta,,,,,,,,,,,,,,,,,,,
coffee,yogurt,tea,potatoes,chocolate,bread,sugar,orange juice,,,,,,,,,,,,
apples,tomatoes,cheese,salmon,yogurt,olive oil,butter,cereal,,,,,,,,,,,,
spinach,eggs,chicken,flour,salmon,butter,,,,,,,,,,,,,,
chicken,orange juice,,,,,,,,,,,,,,,,,,
onions,potatoes,olive oil,,,,,,,,,,,,,,,,,
onions,eggs,salmon,coffee,spinach,,,,,,,,,,,,,,,
tea,,,,,,,,,,,,,,,,,,,
salmon,potatoes,chocolate,,,,,,,,,,,,,,,,,
chicken,sugar,,,,,,,,,,,,,,,,,,
sugar,ground beef,cereal,yogurt,olive oil,coffee,eggs,,,,,,,,,,,,,
ground beef,bread,chicken,,,,,,,,,,,,,,,,,
butter,coffee,cheese,chicken,olive oil,,,,,,,,,,,,,,,
spinach,salmon,yogurt,potatoes,butter,,,,,,,,,,,,,,,
orange juice,milk,tea,flour,bananas,eggs,,,,,,,,,,,,,,
eggs,apples,tomatoes,spinach,,,,,,,,,,,,,,,,
orange juice,potatoes,sugar,,,,,,,,,,,,,,,,,
orange juice,coffee,bread,tomatoes,,,,,,,,,,,,,,,,
chocolate,,,,,,,,,,,,,,,,,,,
butter,flour,cheese,yogurt,rice,olive oil,ground beef,chocolate,,,,,,,,,,,,
milk,rice,spinach,bananas,cereal,chicken,tea,coffee,,,,,,,,,,,,
cereal,salmon,tea,,,,,,,,,,,,,,,,,
spinach,butter,apples,chicken,,,,,,,,,,,,,,,,
pasta,eggs,milk,tea,cheese,apples,ground beef,,,,,,,,,,,,,
onions,spinach,ground beef,flour,,,,,,,,,,,,,,,,
orange juice,coffee,milk,ground beef,apples,chocolate,,,,,,,,,,,,,,
olive oil,cereal,cheese,ground beef,bread,sugar,,,,,,,,,,,,,,
olive oil,apples,bread,flour,eggs,orange juice,pasta,,,,,,,,,,,,,
milk,eggs,potatoes,pasta,apples,butter,,,,,,,,,,,,,,
cheese,bread,olive oil,chocolate,yogurt,,,,,,,,,,,,,,,
potatoes,chicken,ground beef,butter,salmon,milk,coffee,,,,,,,,,,,,,
chicken,ground beef,eggs,rice,,,,,,,,,,,,,,,,
bananas,potatoes,tea,salmon,,,,,,,,,,,,,,,,
ground beef,onions,,,,,,,,,,,,,,,,,,
coffee,,,,,,,,,,,,,,,,,,,
apples,eggs,tea,butter,tomatoes,ground beef,onions,potatoes,,,,,,,,,,,,
chicken,potatoes,,,,,,,,,,,,,,,,,,
pasta,butter,coffee,onions,,,,,,,,,,,,,,,,
eggs,olive oil,chocolate,potatoes,rice,salmon,orange juice,sugar,,,,,,,,,,,,
bread,,,,,,,,,,,,,,,,,,,
onions,orange juice,bananas,eggs,yogurt,,,,,,,,,,,,,,,
eggs,orange juice,pasta,bananas,yogurt,potatoes,coffee,,,,,,,,,,,,,
tea,eggs,salmon,bread,,,,,,,,,,,,,,,,
orange juice,tomatoes,flour,onions,bananas,,,,,,,,,,,,,,,
apples,milk,coffee,chocolate,bread,,,,,,,,,,,,,,,
olive oil,tea,bananas,eggs,tomatoes,yogurt,,,,,,,,,,,,,,
milk,,,,,,,,,,,,,,,,,,,
salmon,onions,chicken,butter,pasta,,,,,,,,,,,,,,,
tea,,,,,,,,,,,,,,,,,,,
ground beef,,,,,,,,,,,,,,,,,,,
apples,,,,,,,,,,,,,,,,,,,
coffee,,,,,,,,,,,,,,,,,,,
milk,orange juice,butter,,,,,,,,,,,,,,,,,
flour,spinach,tea,butter,apples,bananas,tomatoes,,,,,,,,,,,,,
cereal,ground beef,cheese,chocolate,onions,coffee,flour,,,,,,,,,,,,,
salmon,,,,,,,,,,,,,,,,,,,
yogurt,,,,,,,,,,,,,,,,,,,
cheese,bananas,milk,olive oil,chicken,chocolate,tomatoes,salmon,,,,,,,,,,,,
butter,ground beef,spinach,onions,orange juice,milk,potatoes,pasta,,,,,,,,,,,,
cereal,tomatoes,eggs,orange juice,coffee,bread,olive oil,,,,,,,,,,,,,
bread,coffee,,,,,,,,,,,,,,,,,,
pasta,potatoes,chicken,butter,olive oil,bananas,coffee,chocolate,,,,,,,,,,,,
cheese,tomatoes,flour,chocolate,sugar,butter,chicken,potatoes,,,,,,,,,,,,
orange juice,sugar,tea,ground beef,salmon,cheese,onions,,,,,,,,,,,,,
ground beef,,,,,,,,,,,,,,,,,,,
cereal,pasta,rice,coffee,,,,,,,,,,,,,,,,
yogurt,cereal,apples,chocolate,onions,spinach,milk,cheese,,,,,,,,,,,,
rice,ground beef,,,,,,,,,,,,,,,,,,
chocolate,,,,,,,,,,,,,,,,,,,
butter,pasta,eggs,tomatoes,,,,,,,,,,,,,,,,
coffee,tomatoes,,,,,,,,,,,,,,,,,,
cheese,ground beef,apples,sugar,tomatoes,chocolate,potatoes,salmon,,,,,,,,,,,,
tomatoes,rice,chicken,,,,,,,,,,,,,,,,,
ground beef,butter,bread,cereal,,,,,,,,,,,,,,,,
spinach,potatoes,olive oil,chocolate,eggs,bread,yogurt,,,,,,,,,,,,,
bread,sugar,tea,salmon,olive oil,coffee,rice,,,,,,,,,,,,,
cereal,orange juice,apples,bread,spinach,eggs,,,,,,,,,,,,,,
ground beef,cereal,bananas,coffee,rice,cheese,chocolate,,,,,,,,,,,,,
chocolate,flour,cereal,butter,chicken,milk,bananas,pasta,,,,,,,,,,,,
cheese,pasta,orange juice,cereal,,,,,,,,,,,,,,,,
chocolate,milk,cereal,,,,,,,,,,,,,,,,,
ground beef,onions,yogurt,,,,,,,,,,,,,,,,,
apples,eggs,potatoes,,,,,,,,,,,,,,,,,
apples,chocolate,,,,,,,,,,,,,,,,,,
chocolate,,,,,,,,,,,,,,,,,,,
chocolate,,,,,,,,,,,,,,,,,,,
yogurt,tea,eggs,coffee,chocolate,milk,chicken,apples,,,,,,,,,,,,
bread,milk,spinach,potatoes,yogurt,tea,,,,,,,,,,,,,,
olive oil,rice,bread,yogurt,ground beef,coffee,bananas,milk,,,,,,,,,,,,
apples,bread,olive oil,bananas,potatoes,tomatoes,,,,,,,,,,,,,,
cereal,butter,,,,,,,,,,,,,,,,,,
ground beef,bananas,butter,eggs,yogurt,,,,,,,,,,,,,,,
apples,bread,potatoes,yogurt,rice,olive oil,sugar,,,,,,,,,,,,,
pasta,potatoes,milk,sugar,onions,,,,,,,,,,,,,,,
cereal,onions,potatoes,tea,sugar,yogurt,tomatoes,,,,,,,,,,,,,
eggs,orange juice,apples,onions,yogurt,cheese,,,,,,,,,,,,,,
ground beef,bananas,bread,apples,cheese,,,,,,,,,,,,,,,
ground beef,butter,flour,salmon,,,,,,,,,,,,,,,,
olive oil,butter,yogurt,,,,,,,,,,,,,,,,,
yogurt,coffee,cheese,bananas,potatoes,sugar,tomatoes,bread,,,,,,,,,,,,
bananas,eggs,chocolate,milk,tomatoes,butter,rice,chicken,,,,,,,,,,,,
coffee,yogurt,orange juice,potatoes,chocolate,,,,,,,,,,,,,,,
ground beef,cereal,tomatoes,apples,,,,,,,,,,,,,,,,
yogurt,olive oil,,,,,,,,,,,,,,,,,,
tea,butter,,,,,,,,,,,,,,,,,,
pasta,cereal,ground beef,,,,,,,,,,,,,,,,,
cheese,,,,,,,,,,,,,,,,,,,
salmon,,,,,,,,,,,,,,,,,,,
coffee,tea,milk,salmon,tomatoes,bread,sugar,cereal,,,,,,,,,,,,
chocolate,butter,potatoes,chicken,orange juice,cereal,olive oil,cheese,,,,,,,,,,,,
sugar,salmon,tomatoes,onions,chocolate,apples,eggs,,,,,,,,,,,,,
apples,rice,ground beef,milk,butter,eggs,olive oil,,,,,,,,,,,,,
bread,tea,chicken,salmon,yogurt,potatoes,bananas,onions,,,,,,,,,,,,
pasta,eggs,milk,cheese,chicken,,,,,,,,,,,,,,,
olive oil,orange juice,ground beef,apples,flour,potatoes,onions,rice,,,,,,,,,,,,
butter,coffee,milk,apples,yogurt,spinach,sugar,,,,,,,,,,,,,
pasta,,,,,,,,,,,,,,,,,,,
pasta,potatoes,chocolate,,,,,,,,,,,,,,,,,
pasta,onions,cheese,sugar,,,,,,,,,,,,,,,,
butter,rice,flour,tea,bread,apples,ground beef,eggs,,,,,,,,,,,,
onions,chocolate,bread,,,,,,,,,,,,,,,,,
apples,,,,,,,,,,,,,,,,,,,
apples,bread,,,,,,,,,,,,,,,,,,
orange juice,pasta,yogurt,chocolate,,,,,,,,,,,,,,,,
butter,apples,flour,onions,,,,,,,,,,,,,,,,
cheese,,,,,,,,,,,,,,,,,,,
butter,ground beef,tomatoes,coffee,salmon,pasta,olive oil,bananas,,,,,,,,,,,,
milk,flour,bananas,pasta,cereal,,,,,,,,,,,,,,,
cheese,cereal,tea,pasta,rice,butter,ground beef,onions,,,,,,,,,,,,
flour,eggs,sugar,cereal,,,,,,,,,,,,,,,,
orange juice,bread,sugar,butter,ground beef,coffee,,,,,,,,,,,,,,
pasta,chicken,eggs,coffee,flour,rice,milk,,,,,,,,,,,,,
cheese,tea,eggs,apples,,,,,,,,,,,,,,,,
orange juice,butter,spinach,milk,cheese,onions,cereal,chocolate,,,,,,,,,,,,
spinach,yogurt,cheese,olive oil,onions,,,,,,,,,,,,,,,
cheese,bananas,tea,sugar,milk,chicken,cereal,yogurt,,,,,,,,,,,,
ground beef,rice,potatoes,apples,salmon,bread,coffee,olive oil,,,,,,,,,,,,
coffee,cheese,onions,tomatoes,orange juice,cereal,rice,chocolate,,,,,,,,,,,,
yogurt,flour,eggs,chocolate,olive oil,,,,,,,,,,,,,,,
flour,olive oil,eggs,,,,,,,,,,,,,,,,,
coffee,eggs,orange juice,tea,rice,ground beef,,,,,,,,,,,,,,
coffee,sugar,salmon,bread,butter,olive oil,orange juice,,,,,,,,,,,,,
chocolate,coffee,ground beef,,,,,,,,,,,,,,,,,
cheese,butter,,,,,,,,,,,,,,,,,,
spinach,orange juice,,,,,,,,,,,,,,,,,,
cheese,butter,,,,,,,,,,,,,,,,,,
yogurt,eggs,,,,,,,,,,,,,,,,,,
flour,chocolate,chicken,tomatoes,yogurt,olive oil,spinach,salmon,,,,,,,,,,,,
milk,,,,,,,,,,,,,,,,,,,
apples,orange juice,butter,ground beef,,,,,,,,,,,,,,,,
olive oil,eggs,tomatoes,,,,,,,,,,,,,,,,,
bread,rice,flour,,,,,,,,,,,,,,,,,
orange juice,sugar,rice,tea,cereal,spinach,,,,,,,,,,,,,,
orange juice,,,,,,,,,,,,,,,,,,,
eggs,,,,,,,,,,,,,,,,,,,
cheese,spinach,milk,apples,olive oil,potatoes,pasta,,,,,,,,,,,,,
yogurt,rice,ground beef,,,,,,,,,,,,,,,,,
ground beef,yogurt,flour,onions,tomatoes,,,,,,,,,,,,,,,
tomatoes,ground beef,chocolate,rice,,,,,,,,,,,,,,,,
chicken,flour,olive oil,milk,tomatoes,bread,,,,,,,,,,,,,,
ground beef,butter,salmon,bread,olive oil,,,,,,,,,,,,,,,
pasta,eggs,butter,rice,,,,,,,,,,,,,,,,
salmon,coffee,tomatoes,,,,,,,,,,,,,,,,,
apples,milk,spinach,ground beef,,,,,,,,,,,,,,,,
yogurt,olive oil,pasta,,,,,,,,,,,,,,,,,
olive oil,yogurt,potatoes,butter,,,,,,,,,,,,,,,,
yogurt,olive oil,onions,pasta,spinach,bananas,chicken,,,,,,,,,,,,,
chocolate,milk,pasta,apples,,,,,,,,,,,,,,,,
orange juice,cheese,,,,,,,,,,,,,,,,,,
sugar,yogurt,flour,bread,chocolate,,,,,,,,,,,,,,,
flour,yogurt,pasta,,,,,,,,,,,,,,,,,
butter,olive oil,coffee,onions,milk,,,,,,,,,,,,,,,
sugar,coffee,tea,chicken,yogurt,eggs,pasta,,,,,,,,,,,,,
rice,milk,chocolate,eggs,chicken,,,,,,,,,,,,,,,
olive oil,spinach,chocolate,,,,,,,,,,,,,,,,,
tea,yogurt,cheese,onions,sugar,coffee,spinach,olive oil,,,,,,,,,,,,
tomatoes,ground beef,butter,olive oil,,,,,,,,,,,,,,,,
yogurt,tomatoes,flour,salmon,rice,,,,,,,,,,,,,,,
onions,apples,salmon,orange juice,tea,,,,,,,,,,,,,,,
apples,cheese,sugar,,,,,,,,,,,,,,,,,
sugar,potatoes,yogurt,chicken,bananas,coffee,eggs,butter,,,,,,,,,,,,
potatoes,,,,,,,,,,,,,,,,,,,
salmon,orange juice,ground beef,tea,,,,,,,,,,,,,,,,
chocolate,flour,tomatoes,eggs,ground beef,bread,,,,,,,,,,,,,,
tea,ground beef,salmon,chicken,bananas,sugar,apples,,,,,,,,,,,,,
chicken,milk,cheese,cereal,olive oil,,,,,,,,,,,,,,,
onions,eggs,spinach,coffee,,,,,,,,,,,,,,,,
flour,,,,,,,,,,,,,,,,,,,
coffee,eggs,spinach,chicken,,,,,,,,,,,,,,,,
apples,coffee,onions,butter,yogurt,flour,,,,,,,,,,,,,,
flour,milk,olive oil,yogurt,orange juice,potatoes,rice,tomatoes,,,,,,,,,,,,
flour,sugar,olive oil,bread,spinach,pasta,,,,,,,,,,,,,,
apples,onions,tea,chicken,coffee,pasta,rice,spinach,,,,,,,,,,,,
orange juice,apples,yogurt,tomatoes,,,,,,,,,,,,,,,,
yogurt,spinach,tea,ground beef,chicken,pasta,flour,potatoes,,,,,,,,,,,,
tomatoes,orange juice,cereal,ground beef,tea,salmon,,,,,,,,,,,,,,
bananas,coffee,orange juice,olive oil,cheese,,,,,,,,,,,,,,,
flour,pasta,cheese,rice,eggs,apples,butter,,,,,,,,,,,,,
sugar,,,,,,,,,,,,,,,,,,,
tomatoes,,,,,,,,,,,,,,,,,,,
chicken,,,,,,,,,,,,,,,,,,,
butter,coffee,milk,chicken,potatoes,cereal,bread,bananas,,,,,,,,,,,,
tea,salmon,yogurt,spinach,pasta,olive oil,,,,,,,,,,,,,,
bread,chocolate,,,,,,,,,,,,,,,,,,
tea,apples,ground beef,butter,,,,,,,,,,,,,,,,
orange juice,tea,pasta,rice,chicken,ground beef,yogurt,,,,,,,,,,,,,
pasta,olive oil,bread,eggs,yogurt,,,,,,,,,,,,,,,
bread,chicken,potatoes,sugar,,,,,,,,,,,,,,,,
cereal,butter,pasta,milk,olive oil,tomatoes,bread,,,,,,,,,,,,,
pasta,tea,coffee,rice,sugar,chicken,,,,,,,,,,,,,,
eggs,ground beef,spinach,butter,bread,,,,,,,,,,,,,,,
eggs,bread,,,,,,,,,,,,,,,,,,
rice,,,,,,,,,,,,,,,,,,,
salmon,olive oil,coffee,potatoes,cheese,,,,,,,,,,,,,,,
chocolate,flour,yogurt,pasta,coffee,ground beef,rice,orange juice,,,,,,,,,,,,
milk,salmon,butter,cheese,,,,,,,,,,,,,,,,
sugar,pasta,,,,,,,,,,,,,,,,,,
yogurt,flour,tomatoes,,,,,,,,,,,,,,,,,
milk,apples,orange juice,ground beef,chocolate,,,,,,,,,,,,,,,
tomatoes,milk,tea,bananas,salmon,butter,chocolate,potatoes,,,,,,,,,,,,
potatoes,eggs,sugar,apples,bananas,pasta,chocolate,,,,,,,,,,,,,
tea,,,,,,,,,,,,,,,,,,,
sugar,cheese,coffee,ground beef,olive oil,,,,,,,,,,,,,,,
bananas,milk,pasta,potatoes,yogurt,,,,,,,,,,,,,,,
cereal,chocolate,flour,orange juice,sugar,apples,salmon,,,,,,,,,,,,,
tea,yogurt,,,,,,,,,,,,,,,,,,
salmon,onions,orange juice,yogurt,tea,,,,,,,,,,,,,,,
ground beef,apples,,,,,,,,,,,,,,,,,,
olive oil,spinach,butter,,,,,,,,,,,,,,,,,
pasta,cheese,milk,ground beef,flour,onions,apples,,,,,,,,,,,,,
salmon,,,,,,,,,,,,,,,,,,,
chocolate,chicken,bread,flour,coffee,eggs,spinach,pasta,,,,,,,,,,,,
salmon,,,,,,,,,,,,,,,,,,,
coffee,sugar,milk,olive oil,,,,,,,,,,,,,,,,
sugar,chicken,pasta,,,,,,,,,,,,,,,,,
salmon,rice,,,,,,,,,,,,,,,,,,
sugar,yogurt,tea,coffee,orange juice,,,,,,,,,,,,,,,
orange juice,coffee,flour,apples,rice,eggs,cereal,sugar,,,,,,,,,,,,
olive oil,butter,eggs,chocolate,,,,,,,,,,,,,,,,
pasta,spinach,yogurt,cheese,flour,,,,,,,,,,,,,,,
yogurt,apples,orange juice,pasta,chicken,onions,milk,,,,,,,,,,,,,
potatoes,coffee,sugar,,,,,,,,,,,,,,,,,
eggs,orange juice,olive oil,spinach,milk,flour,cereal,ground beef,,,,,,,,,,,,
chocolate,coffee,sugar,spinach,onions,potatoes,rice,tomatoes,,,,,,,,,,,,
pasta,flour,sugar,orange juice,apples,tomatoes,milk,,,,,,,,,,,,,
spinach,tea,flour,cheese,eggs,,,,,,,,,,,,,,,
chocolate,tomatoes,,,,,,,,,,,,,,,,,,
spinach,,,,,,,,,,,,,,,,,,,
eggs,onions,apples,,,,,,,,,,,,,,,,,
sugar,butter,salmon,,,,,,,,,,,,,,,,,
pasta,tea,potatoes,onions,cheese,coffee,tomatoes,,,,,,,,,,,,,
olive oil,,,,,,,,,,,,,,,,,,,
tea,bananas,eggs,olive oil,chocolate,chicken,sugar,,,,,,,,,,,,,
ground beef,flour,eggs,yogurt,apples,,,,,,,,,,,,,,,
bread,potatoes,coffee,pasta,rice,sugar,cheese,flour,,,,,,,,,,,,
tomatoes,olive oil,tea,pasta,coffee,,,,,,,,,,,,,,,
apples,,,,,,,,,,,,,,,,,,,
cheese,ground beef,tomatoes,rice,butter,bananas,milk,,,,,,,,,,,,,
ground beef,cereal,bananas,cheese,yogurt,apples,potatoes,onions,,,,,,,,,,,,
ground beef,cereal,pasta,rice,orange juice,bananas,,,,,,,,,,,,,,
eggs,ground beef,butter,,,,,,,,,,,,,,,,,
onions,bananas,apples,,,,,,,,,,,,,,,,,
pasta,potatoes,onions,apples,salmon,chicken,yogurt,,,,,,,,,,,,,
chocolate,eggs,onions,apples,tomatoes,chicken,orange juice,,,,,,,,,,,,,
butter,cereal,tea,tomatoes,,,,,,,,,,,,,,,,
coffee,orange juice,chicken,olive oil,salmon,eggs,milk,,,,,,,,,,,,,
olive oil,potatoes,bananas,yogurt,apples,milk,,,,,,,,,,,,,,
eggs,orange juice,milk,tea,bread,salmon,cheese,potatoes,,,,,,,,,,,,
chocolate,yogurt,cheese,orange juice,,,,,,,,,,,,,,,,
pasta,tomatoes,sugar,onions,potatoes,apples,spinach,salmon,,,,,,,,,,,,
flour,,,,,,,,,,,,,,,,,,,
potatoes,spinach,,,,,,,,,,,,,,,,,,
cereal,salmon,chocolate,eggs,yogurt,bread,chicken,bananas,,,,,,,,,,,,
pasta,chicken,orange juice,onions,cereal,,,,,,,,,,,,,,,
apples,milk,,,,,,,,,,,,,,,,,,
chocolate,butter,ground beef,,,,,,,,,,,,,,,,,
eggs,flour,cheese,chocolate,tea,chicken,onions,orange juice,,,,,,,,,,,,
apples,onions,milk,cereal,bread,,,,,,,,,,,,,,,
rice,butter,spinach,orange juice,sugar,flour,cheese,,,,,,,,,,,,,
coffee,tomatoes,,,,,,,,,,,,,,,,,,
flour,cheese,tomatoes,yogurt,ground beef,tea,butter,,,,,,,,,,,,,
spinach,coffee,chocolate,,,,,,,,,,,,,,,,,
milk,,,,,,,,,,,,,,,,,,,
olive oil,butter,salmon,bananas,tea,,,,,,,,,,,,,,,
onions,pasta,potatoes,sugar,salmon,cereal,,,,,,,,,,,,,,
coffee,milk,apples,bread,chocolate,bananas,onions,,,,,,,,,,,,,
flour,,,,,,,,,,,,,,,,,,,
olive oil,orange juice,,,,,,,,,,,,,,,,,,
butter,spinach,potatoes,coffee,ground beef,rice,tea,,,,,,,,,,,,,
orange juice,pasta,sugar,bread,ground beef,yogurt,chicken,tea,,,,,,,,,,,,
ground beef,sugar,salmon,bananas,chocolate,spinach,,,,,,,,,,,,,,
milk,cereal,coffee,chicken,tomatoes,flour,cheese,eggs,,,,,,,,,,,,
eggs,chocolate,bread,yogurt,tea,onions,sugar,cereal,,,,,,,,,,,,
chicken,potatoes,rice,tea,sugar,bread,bananas,,,,,,,,,,,,,
tea,butter,chicken,,,,,,,,,,,,,,,,,
coffee,rice,chicken,,,,,,,,,,,,,,,,,
tomatoes,tea,chicken,cereal,potatoes,bread,yogurt,rice,,,,,,,,,,,,
ground beef,chocolate,orange juice,coffee,cheese,,,,,,,,,,,,,,,
spinach,flour,,,,,,,,,,,,,,,,,,
ground beef,cereal,onions,eggs,salmon,chocolate,bread,butter,,,,,,,,,,,,
ground beef,onions,chicken,,,,,,,,,,,,,,,,,
chocolate,,,,,,,,,,,,,,,,,,,
spinach,salmon,eggs,,,,,,,,,,,,,,,,,
ground beef,salmon,olive oil,butter,spinach,bread,,,,,,,,,,,,,,
orange juice,butter,chocolate,spinach,pasta,tomatoes,eggs,,,,,,,,,,,,,
cereal,rice,bananas,tea,milk,chicken,potatoes,,,,,,,,,,,,,
ground beef,,,,,,,,,,,,,,,,,,,
bananas,ground beef,pasta,,,,,,,,,,,,,,,,,
tomatoes,chicken,eggs,coffee,cereal,salmon,butter,spinach,,,,,,,,,,,,
sugar,coffee,milk,ground beef,orange juice,chocolate,chicken,potatoes,,,,,,,,,,,,
cheese,tomatoes,coffee,tea,apples,milk,onions,cereal,,,,,,,,,,,,
chicken,chocolate,cereal,coffee,,,,,,,,,,,,,,,,
tomatoes,apples,ground beef,onions,,,,,,,,,,,,,,,,
potatoes,bread,,,,,,,,,,,,,,,,,,
eggs,spinach,tomatoes,,,,,,,,,,,,,,,,,
milk,onions,tea,rice,spinach,salmon,apples,coffee,,,,,,,,,,,,
bread,rice,milk,spinach,yogurt,chocolate,flour,,,,,,,,,,,,,
tea,flour,,,,,,,,,,,,,,,,,,
sugar,eggs,onions,cheese,pasta,flour,chocolate,tea,,,,,,,,,,,,
apples,tea,olive oil,chocolate,tomatoes,,,,,,,,,,,,,,,
yogurt,orange juice,tomatoes,apples,,,,,,,,,,,,,,,,
yogurt,sugar,ground beef,bananas,,,,,,,,,,,,,,,,
potatoes,apples,milk,tomatoes,spinach,,,,,,,,,,,,,,,
cheese,chicken,butter,,,,,,,,,,,,,,,,,
salmon,sugar,flour,tea,potatoes,apples,spinach,,,,,,,,,,,,,
pasta,,,,,,,,,,,,,,,,,,,
bananas,potatoes,,,,,,,,,,,,,,,,,,
olive oil,milk,orange juice,onions,bananas,,,,,,,,,,,,,,,
coffee,eggs,onions,tea,,,,,,,,,,,,,,,,
spinach,,,,,,,,,,,,,,,,,,,
milk,potatoes,butter,chocolate,yogurt,,,,,,,,,,,,,,,
spinach,eggs,,,,,,,,,,,,,,,,,,
coffee,chicken,,,,,,,,,,,,,,,,,,
eggs,onions,butter,sugar,salmon,rice,,,,,,,,,,,,,,
olive oil,chicken,yogurt,cheese,salmon,eggs,bananas,orange juice,,,,,,,,,,,,
onions,ground beef,yogurt,bread,bananas,butter,cereal,,,,,,,,,,,,,
butter,tea,,,,,,,,,,,,,,,,,,
pasta,salmon,yogurt,olive oil,chocolate,rice,bananas,,,,,,,,,,,,,
apples,cheese,flour,,,,,,,,,,,,,,,,,
milk,yogurt,tea,eggs,chocolate,orange juice,,,,,,,,,,,,,,
bread,olive oil,yogurt,coffee,rice,bananas,,,,,,,,,,,,,,
cheese,milk,sugar,apples,eggs,potatoes,salmon,bananas,,,,,,,,,,,,
tea,olive oil,salmon,onions,,,,,,,,,,,,,,,,
cereal,bread,tea,yogurt,coffee,cheese,chicken,,,,,,,,,,,,,
onions,spinach,bread,butter,ground beef,orange juice,pasta,,,,,,,,,,,,,
eggs,spinach,coffee,chicken,yogurt,chocolate,tea,,,,,,,,,,,,,
flour,tomatoes,spinach,,,,,,,,,,,,,,,,,
olive oil,pasta,milk,,,,,,,,,,,,,,,,,
pasta,yogurt,milk,flour,,,,,,,,,,,,,,,,
onions,cereal,rice,,,,,,,,,,,,,,,,,
chocolate,yogurt,flour,sugar,spinach,,,,,,,,,,,,,,,
flour,pasta,bananas,tea,eggs,,,,,,,,,,,,,,,
bread,onions,olive oil,coffee,eggs,,,,,,,,,,,,,,,
tomatoes,cheese,coffee,,,,,,,,,,,,,,,,,
orange juice,,,,,,,,,,,,,,,,,,,
orange juice,apples,chicken,onions,eggs,pasta,tea,,,,,,,,,,,,,
milk,,,,,,,,,,,,,,,,,,,
yogurt,tea,potatoes,pasta,coffee,rice,ground beef,spinach,,,,,,,,,,,,
salmon,potatoes,butter,apples,cheese,spinach,,,,,,,,,,,,,,
chicken,orange juice,ground beef,butter,onions,milk,,,,,,,,,,,,,,
tea,bread,yogurt,sugar,butter,,,,,,,,,,,,,,,
cereal,tea,milk,ground beef,yogurt,flour,,,,,,,,,,,,,,
flour,apples,sugar,onions,pasta,rice,bread,cereal,,,,,,,,,,,,
pasta,cereal,apples,spinach,tea,,,,,,,,,,,,,,,
potatoes,,,,,,,,,,,,,,,,,,,
chicken,yogurt,bananas,tea,,,,,,,,,,,,,,,,
apples,butter,cereal,bananas,potatoes,eggs,flour,coffee,,,,,,,,,,,,
sugar,spinach,tomatoes,,,,,,,,,,,,,,,,,
tomatoes,chocolate,tea,eggs,rice,bread,pasta,,,,,,,,,,,,,
olive oil,pasta,yogurt,tea,chicken,ground beef,salmon,,,,,,,,,,,,,
eggs,bread,,,,,,,,,,,,,,,,,,
cheese,yogurt,milk,salmon,tea,,,,,,,,,,,,,,,
sugar,onions,cheese,chicken,butter,,,,,,,,,,,,,,,
ground beef,tomatoes,sugar,salmon,onions,,,,,,,,,,,,,,,
chicken,onions,,,,,,,,,,,,,,,,,,
chocolate,olive oil,yogurt,potatoes,apples,,,,,,,,,,,,,,,
bread,eggs,bananas,,,,,,,,,,,,,,,,,
rice,butter,sugar,bread,tomatoes,apples,eggs,flour,,,,,,,,,,,,
milk,ground beef,,,,,,,,,,,,,,,,,,
cheese,tea,sugar,bread,cereal,eggs,,,,,,,,,,,,,,
flour,rice,coffee,,,,,,,,,,,,,,,,,
pasta,,,,,,,,,,,,,,,,,,,
chocolate,flour,bread,yogurt,rice,,,,,,,,,,,,,,,
olive oil,potatoes,,,,,,,,,,,,,,,,,,
eggs,bread,,,,,,,,,,,,,,,,,,
chicken,orange juice,potatoes,olive oil,salmon,chocolate,,,,,,,,,,,,,,
milk,spinach,,,,,,,,,,,,,,,,,,
spinach,yogurt,,,,,,,,,,,,,,,,,,
sugar,yogurt,cereal,,,,,,,,,,,,,,,,,
rice,yogurt,ground beef,cheese,chocolate,pasta,,,,,,,,,,,,,,
rice,eggs,flour,pasta,milk,apples,spinach,orange juice,,,,,,,,,,,,
butter,tomatoes,pasta,,,,,,,,,,,,,,,,,
bread,butter,cereal,ground beef,yogurt,bananas,cheese,eggs,,,,,,,,,,,,
bread,onions,,,,,,,,,,,,,,,,,,
sugar,flour,coffee,spinach,bananas,potatoes,apples,salmon,,,,,,,,,,,,
pasta,ground beef,apples,bread,,,,,,,,,,,,,,,,
milk,rice,apples,orange juice,,,,,,,,,,,,,,,,
spinach,coffee,yogurt,pasta,tea,rice,olive oil,tomatoes,,,,,,,,,,,,
coffee,ground beef,tomatoes,eggs,salmon,rice,cereal,,,,,,,,,,,,,
onions,milk,,,,,,,,,,,,,,,,,,
milk,rice,apples,olive oil,bananas,bread,,,,,,,,,,,,,,
pasta,tomatoes,chocolate,chicken,,,,,,,,,,,,,,,,
chocolate,milk,cheese,,,,,,,,,,,,,,,,,
rice,,,,,,,,,,,,,,,,,,,
potatoes,,,,,,,,,,,,,,,,,,,
chicken,eggs,milk,bread,cereal,potatoes,salmon,,,,,,,,,,,,,
potatoes,milk,salmon,apples,yogurt,cheese,ground beef,,,,,,,,,,,,,
orange juice,potatoes,bread,chicken,,,,,,,,,,,,,,,,
butter,onions,coffee,potatoes,pasta,spinach,,,,,,,,,,,,,,
cheese,cereal,,,,,,,,,,,,,,,,,,
ground beef,apples,eggs,olive oil,spinach,pasta,,,,,,,,,,,,,,
bananas,,,,,,,,,,,,,,,,,,,
tea,tomatoes,,,,,,,,,,,,,,,,,,
spinach,sugar,pasta,,,,,,,,,,,,,,,,,
milk,,,,,,,,,,,,,,,,,,,
bread,rice,,,,,,,,,,,,,,,,,,
chocolate,milk,onions,potatoes,salmon,,,,,,,,,,,,,,,
tea,eggs,sugar,milk,bananas,yogurt,pasta,chicken,,,,,,,,,,,,
ground beef,potatoes,bread,bananas,spinach,milk,,,,,,,,,,,,,,
tea,cheese,bread,tomatoes,onions,butter,orange juice,,,,,,,,,,,,,
olive oil,yogurt,cheese,sugar,bananas,flour,potatoes,,,,,,,,,,,,,
coffee,tomatoes,cereal,sugar,eggs,ground beef,flour,,,,,,,,,,,,,
apples,olive oil,rice,,,,,,,,,,,,,,,,,
tea,chocolate,apples,,,,,,,,,,,,,,,,,
coffee,ground beef,olive oil,cereal,bananas,potatoes,apples,chocolate,,,,,,,,,,,,
eggs,olive oil,cheese,cereal,,,,,,,,,,,,,,,,
rice,cheese,milk,eggs,onions,,,,,,,,,,,,,,,
cereal,salmon,potatoes,olive oil,coffee,,,,,,,,,,,,,,,
butter,ground beef,,,,,,,,,,,,,,,,,,
cereal,bananas,coffee,potatoes,spinach,eggs,tea,,,,,,,,,,,,,
cheese,orange juice,bread,onions,,,,,,,,,,,,,,,,
cereal,olive oil,ground beef,rice,potatoes,bananas,eggs,orange juice,,,,,,,,,,,,
tea,,,,,,,,,,,,,,,,,,,
cheese,apples,,,,,,,,,,,,,,,,,,
pasta,eggs,,,,,,,,,,,,,,,,,,
flour,,,,,,,,,,,,,,,,,,,
potatoes,apples,eggs,spinach,,,,,,,,,,,,,,,,
orange juice,chicken,coffee,,,,,,,,,,,,,,,,,
eggs,,,,,,,,,,,,,,,,,,,
yogurt,tea,chicken,sugar,pasta,orange juice,,,,,,,,,,,,,,
olive oil,bread,cereal,pasta,coffee,,,,,,,,,,,,,,,
potatoes,eggs,orange juice,onions,sugar,butter,,,,,,,,,,,,,,
flour,bread,cereal,potatoes,chocolate,,,,,,,,,,,,,,,
apples,ground beef,yogurt,sugar,,,,,,,,,,,,,,,,
pasta,potatoes,,,,,,,,,,,,,,,,,,
flour,bananas,yogurt,,,,,,,,,,,,,,,,,
spinach,bread,bananas,flour,tomatoes,rice,chocolate,pasta,,,,,,,,,,,,
butter,eggs,,,,,,,,,,,,,,,,,,
salmon,onions,olive oil,yogurt,tomatoes,chocolate,bananas,eggs,,,,,,,,,,,,
yogurt,spinach,apples,ground beef,potatoes,eggs,chocolate,,,,,,,,,,,,,
pasta,yogurt,,,,,,,,,,,,,,,,,,
spinach,tomatoes,salmon,milk,eggs,rice,,,,,,,,,,,,,,
chicken,apples,,,,,,,,,,,,,,,,,,
salmon,coffee,spinach,,,,,,,,,,,,,,,,,
apples,cheese,onions,,,,,,,,,,,,,,,,,
ground beef,apples,yogurt,spinach,,,,,,,,,,,,,,,,
milk,,,,,,,,,,,,,,,,,,,
bread,sugar,bananas,tomatoes,flour,olive oil,,,,,,,,,,,,,,
tea,flour,,,,,,,,,,,,,,,,,,
bananas,tomatoes,ground beef,onions,pasta,potatoes,,,,,,,,,,,,,,
tea,butter,,,,,,,,,,,,,,,,,,
yogurt,chocolate,rice,bananas,cereal,sugar,bread,milk,,,,,,,,,,,,
butter,,,,,,,,,,,,,,,,,,,
butter,bread,apples,tea,eggs,rice,flour,spinach,,,,,,,,,,,,
butter,,,,,,,,,,,,,,,,,,,
pasta,,,,,,,,,,,,,,,,,,,
flour,rice,milk,,,,,,,,,,,,,,,,,
milk,ground beef,cheese,coffee,,,,,,,,,,,,,,,,
salmon,sugar,potatoes,eggs,flour,cereal,bread,,,,,,,,,,,,,
orange juice,,,,,,,,,,,,,,,,,,,
olive oil,bread,milk,pasta,coffee,onions,tea,salmon,,,,,,,,,,,,
salmon,pasta,cereal,milk,coffee,eggs,orange juice,,,,,,,,,,,,,
butter,milk,,,,,,,,,,,,,,,,,,
potatoes,spinach,,,,,,,,,,,,,,,,,,
rice,spinach,chocolate,cheese,bread,,,,,,,,,,,,,,,
onions,bananas,,,,,,,,,,,,,,,,,,
eggs,flour,sugar,tea,cereal,salmon,potatoes,,,,,,,,,,,,,
milk,cereal,ground beef,,,,,,,,,,,,,,,,,
rice,chicken,salmon,apples,,,,,,,,,,,,,,,,
ground beef,cheese,chocolate,,,,,,,,,,,,,,,,,
yogurt,chicken,tea,rice,cereal,milk,,,,,,,,,,,,,,
orange juice,cereal,,,,,,,,,,,,,,,,,,
eggs,coffee,spinach,orange juice,pasta,butter,potatoes,,,,,,,,,,,,,
bread,,,,,,,,,,,,,,,,,,,
onions,,,,,,,,,,,,,,,,,,,
potatoes,,,,,,,,,,,,,,,,,,,
olive oil,spinach,orange juice,eggs,flour,tea,yogurt,,,,,,,,,,,,,
bread,coffee,chicken,eggs,pasta,milk,,,,,,,,,,,,,,
milk,apples,tea,,,,,,,,,,,,,,,,,
butter,bananas,yogurt,salmon,pasta,spinach,olive oil,,,,,,,,,,,,,
orange juice,salmon,chocolate,spinach,eggs,butter,,,,,,,,,,,,,,
yogurt,orange juice,chocolate,coffee,tomatoes,flour,cereal,potatoes,,,,,,,,,,,,
sugar,tea,bread,chocolate,bananas,rice,coffee,,,,,,,,,,,,,
milk,tomatoes,rice,,,,,,,,,,,,,,,,,
yogurt,tea,coffee,apples,chicken,bananas,sugar,,,,,,,,,,,,,
olive oil,rice,orange juice,,,,,,,,,,,,,,,,,
apples,milk,tomatoes,olive oil,,,,,,,,,,,,,,,,
tomatoes,coffee,onions,pasta,chicken,sugar,cereal,cheese,,,,,,,,,,,,
apples,coffee,eggs,tea,bananas,milk,ground beef,chocolate,,,,,,,,,,,,
potatoes,flour,eggs,chicken,salmon,chocolate,sugar,,,,,,,,,,,,,
tea,orange juice,sugar,chocolate,tomatoes,olive oil,milk,,,,,,,,,,,,,
rice,,,,,,,,,,,,,,,,,,,
flour,tomatoes,olive oil,cheese,coffee,salmon,apples,sugar,,,,,,,,,,,,
butter,olive oil,ground beef,,,,,,,,,,,,,,,,,
rice,cereal,bananas,orange juice,olive oil,milk,tomatoes,yogurt,,,,,,,,,,,,
onions,,,,,,,,,,,,,,,,,,,
tea,potatoes,flour,olive oil,cheese,chocolate,coffee,yogurt,,,,,,,,,,,,
apples,,,,,,,,,,,,,,,,,,,
chocolate,pasta,potatoes,eggs,orange juice,,,,,,,,,,,,,,,
yogurt,,,,,,,,,,,,,,,,,,,
yogurt,sugar,chocolate,onions,chicken,eggs,coffee,,,,,,,,,,,,,
potatoes,flour,rice,ground beef,salmon,olive oil,,,,,,,,,,,,,,
apples,chicken,chocolate,tea,salmon,flour,tomatoes,,,,,,,,,,,,,
orange juice,cereal,sugar,flour,spinach,bananas,onions,,,,,,,,,,,,,
tea,coffee,bananas,eggs,cereal,,,,,,,,,,,,,,,
butter,flour,,,,,,,,,,,,,,,,,,
orange juice,spinach,butter,chicken,flour,,,,,,,,,,,,,,,
tomatoes,cheese,coffee,olive oil,salmon,,,,,,,,,,,,,,,
spinach,bread,salmon,flour,chicken,bananas,,,,,,,,,,,,,,
orange juice,spinach,eggs,rice,milk,yogurt,bread,,,,,,,,,,,,,
spinach,sugar,,,,,,,,,,,,,,,,,,
cereal,cheese,chocolate,yogurt,,,,,,,,,,,,,,,,
apples,onions,chicken,eggs,yogurt,flour,tomatoes,spinach,,,,,,,,,,,,
yogurt,tea,salmon,,,,,,,,,,,,,,,,,
cereal,olive oil,sugar,tea,onions,tomatoes,butter,,,,,,,,,,,,,
eggs,salmon,coffee,bread,ground beef,pasta,onions,flour,,,,,,,,,,,,
coffee,sugar,rice,cheese,apples,tomatoes,flour,spinach,,,,,,,,,,,,
potatoes,coffee,cheese,,,,,,,,,,,,,,,,,
tomatoes,olive oil,bread,pasta,spinach,onions,butter,eggs,,,,,,,,,,,,
flour,,,,,,,,,,,,,,,,,,,
potatoes,pasta,coffee,spinach,,,,,,,,,,,,,,,,
pasta,,,,,,,,,,,,,,,,,,,
bananas,apples,pasta,bread,ground beef,tomatoes,chicken,spinach,,,,,,,,,,,,
rice,onions,milk,tea,chocolate,bread,chicken,,,,,,,,,,,,,
sugar,butter,olive oil,cereal,cheese,ground beef,,,,,,,,,,,,,,
butter,rice,spinach,salmon,bananas,onions,orange juice,olive oil,,,,,,,,,,,,
rice,chocolate,olive oil,,,,,,,,,,,,,,,,,
flour,bread,yogurt,cheese,eggs,,,,,,,,,,,,,,,
rice,cheese,flour,olive oil,tea,butter,coffee,,,,,,,,,,,,,
chocolate,,,,,,,,,,,,,,,,,,,
apples,olive oil,coffee,tea,onions,,,,,,,,,,,,,,,
eggs,sugar,bananas,rice,bread,tea,tomatoes,,,,,,,,,,,,,
orange juice,cheese,cereal,,,,,,,,,,,,,,,,,
apples,coffee,,,,,,,,,,,,,,,,,,
pasta,,,,,,,,,,,,,,,,,,,
salmon,flour,bread,tomatoes,,,,,,,,,,,,,,,,
onions,sugar,bananas,orange juice,flour,butter,chocolate,rice,,,,,,,,,,,,
potatoes,rice,coffee,pasta,ground beef,,,,,,,,,,,,,,,
orange juice,tomatoes,sugar,butter,flour,ground beef,,,,,,,,,,,,,,
onions,bananas,sugar,milk,spinach,olive oil,,,,,,,,,,,,,,
tea,,,,,,,,,,,,,,,,,,,
olive oil,cheese,bananas,tea,ground beef,onions,apples,milk,,,,,,,,,,,,
bread,pasta,,,,,,,,,,,,,,,,,,
ground beef,salmon,eggs,apples,yogurt,chocolate,,,,,,,,,,,,,,
eggs,pasta,olive oil,,,,,,,,,,,,,,,,,
spinach,onions,flour,chocolate,tea,,,,,,,,,,,,,,,
tea,olive oil,tomatoes,milk,,,,,,,,,,,,,,,,
tomatoes,onions,salmon,chocolate,spinach,chicken,,,,,,,,,,,,,,
yogurt,cereal,milk,,,,,,,,,,,,,,,,,
cheese,milk,,,,,,,,,,,,,,,,,,
flour,onions,sugar,ground beef,,,,,,,,,,,,,,,,
tomatoes,olive oil,tea,yogurt,coffee,potatoes,sugar,,,,,,,,,,,,,
butter,onions,salmon,spinach,chocolate,,,,,,,,,,,,,,,
chicken,sugar,,,,,,,,,,,,,,,,,,
milk,yogurt,orange juice,onions,butter,potatoes,tea,,,,,,,,,,,,,
tomatoes,orange juice,flour,potatoes,,,,,,,,,,,,,,,,
flour,bread,olive oil,salmon,apples,tea,coffee,,,,,,,,,,,,,
tomatoes,,,,,,,,,,,,,,,,,,,
tomatoes,eggs,salmon,apples,milk,bananas,butter,onions,,,,,,,,,,,,
tomatoes,spinach,flour,onions,chocolate,bread,,,,,,,,,,,,,,
tea,flour,bread,pasta,chicken,,,,,,,,,,,,,,,
tomatoes,spinach,salmon,apples,,,,,,,,,,,,,,,,
tomatoes,sugar,,,,,,,,,,,,,,,,,,
spinach,pasta,eggs,tomatoes,flour,olive oil,,,,,,,,,,,,,,
olive oil,pasta,,,,,,,,,,,,,,,,,,
tea,yogurt,,,,,,,,,,,,,,,,,,
butter,bananas,spinach,flour,olive oil,sugar,orange juice,,,,,,,,,,,,,
tomatoes,milk,,,,,,,,,,,,,,,,,,
ground beef,milk,chicken,chocolate,butter,potatoes,cheese,,,,,,,,,,,,,
bananas,cheese,,,,,,,,,,,,,,,,,,
ground beef,salmon,spinach,orange juice,,,,,,,,,,,,,,,,
sugar,,,,,,,,,,,,,,,,,,,
rice,potatoes,flour,tea,,,,,,,,,,,,,,,,
bananas,,,,,,,,,,,,,,,,,,,
ground beef,,,,,,,,,,,,,,,,,,,
cereal,,,,,,,,,,,,,,,,,,,
milk,yogurt,,,,,,,,,,,,,,,,,,
rice,spinach,butter,salmon,cheese,,,,,,,,,,,,,,,
cereal,pasta,,,,,,,,,,,,,,,,,,
bananas,potatoes,,,,,,,,,,,,,,,,,,
cheese,olive oil,spinach,yogurt,apples,sugar,rice,,,,,,,,,,,,,
potatoes,tea,chicken,coffee,flour,bread,,,,,,,,,,,,,,
yogurt,butter,chicken,ground beef,potatoes,flour,olive oil,bread,,,,,,,,,,,,
cheese,chocolate,salmon,potatoes,chicken,,,,,,,,,,,,,,,
sugar,tea,coffee,rice,chocolate,cheese,yogurt,bananas,,,,,,,,,,,,
flour,salmon,onions,spinach,sugar,orange juice,cereal,,,,,,,,,,,,,
bananas,tomatoes,eggs,bread,yogurt,rice,orange juice,,,,,,,,,,,,,
orange juice,,,,,,,,,,,,,,,,,,,
bread,spinach,salmon,coffee,butter,cereal,apples,,,,,,,,,,,,,
pasta,cheese,yogurt,apples,chocolate,milk,,,,,,,,,,,,,,
chocolate,sugar,ground beef,,,,,,,,,,,,,,,,,
tomatoes,coffee,,,,,,,,,,,,,,,,,,
potatoes,sugar,tomatoes,orange juice,cereal,rice,chocolate,,,,,,,,,,,,,
ground beef,coffee,onions,flour,sugar,,,,,,,,,,,,,,,
orange juice,ground beef,pasta,spinach,bananas,chicken,,,,,,,,,,,,,,
eggs,yogurt,cereal,onions,tea,orange juice,bread,cheese,,,,,,,,,,,,
orange juice,cereal,sugar,rice,ground beef,bread,potatoes,,,,,,,,,,,,,
potatoes,butter,milk,sugar,orange juice,olive oil,chicken,coffee,,,,,,,,,,,,
ground beef,milk,,,,,,,,,,,,,,,,,,
olive oil,apples,ground beef,salmon,chocolate,spinach,,,,,,,,,,,,,,
cereal,cheese,orange juice,salmon,milk,,,,,,,,,,,,,,,
chocolate,cheese,,,,,,,,,,,,,,,,,,
chicken,salmon,cheese,cereal,milk,sugar,bananas,pasta,,,,,,,,,,,,
butter,tea,,,,,,,,,,,,,,,,,,
pasta,olive oil,tomatoes,bread,milk,apples,coffee,onions,,,,,,,,,,,,
rice,bread,chicken,apples,bananas,pasta,spinach,,,,,,,,,,,,,
apples,milk,chocolate,pasta,butter,bananas,,,,,,,,,,,,,,
ground beef,salmon,apples,,,,,,,,,,,,,,,,,
chocolate,,,,,,,,,,,,,,,,,,,
butter,tomatoes,chicken,tea,chocolate,,,,,,,,,,,,,,,
bread,salmon,onions,cereal,milk,tomatoes,ground beef,,,,,,,,,,,,,
pasta,rice,apples,,,,,,,,,,,,,,,,,
ground beef,rice,sugar,milk,salmon,flour,,,,,,,,,,,,,,
potatoes,cereal,onions,,,,,,,,,,,,,,,,,
butter,chocolate,chicken,orange juice,yogurt,tomatoes,apples,rice,,,,,,,,,,,,
spinach,salmon,onions,,,,,,,,,,,,,,,,,
sugar,chocolate,flour,butter,tea,olive oil,,,,,,,,,,,,,,
coffee,yogurt,potatoes,sugar,flour,chocolate,spinach,,,,,,,,,,,,,
chicken,cereal,rice,sugar,flour,bananas,,,,,,,,,,,,,,
salmon,ground beef,,,,,,,,,,,,,,,,,,
eggs,potatoes,,,,,,,,,,,,,,,,,,
onions,potatoes,bananas,eggs,bread,cereal,,,,,,,,,,,,,,
apples,yogurt,orange juice,potatoes,eggs,,,,,,,,,,,,,,,
cheese,bread,chocolate,,,,,,,,,,,,,,,,,
pasta,orange juice,coffee,spinach,apples,potatoes,,,,,,,,,,,,,,
bread,chicken,pasta,cereal,spinach,flour,ground beef,yogurt,,,,,,,,,,,,
sugar,,,,,,,,,,,,,,,,,,,
apples,,,,,,,,,,,,,,,,,,,
coffee,milk,,,,,,,,,,,,,,,,,,
bread,cheese,cereal,,,,,,,,,,,,,,,,,
orange juice,,,,,,,,,,,,,,,,,,,
chicken,bananas,onions,cheese,pasta,yogurt,apples,,,,,,,,,,,,,
tomatoes,sugar,pasta,bread,,,,,,,,,,,,,,,,
eggs,,,,,,,,,,,,,,,,,,,
cheese,butter,,,,,,,,,,,,,,,,,,
onions,cereal,cheese,,,,,,,,,,,,,,,,,
coffee,apples,tomatoes,tea,,,,,,,,,,,,,,,,
cheese,chicken,,,,,,,,,,,,,,,,,,
ground beef,,,,,,,,,,,,,,,,,,,
olive oil,bananas,onions,sugar,spinach,tomatoes,chocolate,tea,,,,,,,,,,,,
cereal,yogurt,bananas,spinach,,,,,,,,,,,,,,,,
rice,chicken,apples,eggs,,,,,,,,,,,,,,,,
flour,milk,onions,cheese,pasta,tomatoes,rice,,,,,,,,,,,,,
tomatoes,olive oil,,,,,,,,,,,,,,,,,,
bananas,potatoes,flour,apples,tea,sugar,,,,,,,,,,,,,,
rice,chocolate,apples,chicken,,,,,,,,,,,,,,,,
pasta,cereal,salmon,,,,,,,,,,,,,,,,,
cheese,cereal,orange juice,butter,bananas,olive oil,chicken,apples,,,,,,,,,,,,
chocolate,coffee,tea,sugar,,,,,,,,,,,,,,,,
yogurt,,,,,,,,,,,,,,,,,,,
orange juice,butter,coffee,yogurt,ground beef,,,,,,,,,,,,,,,
milk,chicken,bread,,,,,,,,,,,,,,,,,
onions,ground beef,spinach,,,,,,,,,,,,,,,,,
olive oil,potatoes,tomatoes,bananas,flour,,,,,,,,,,,,,,,
cheese,ground beef,spinach,,,,,,,,,,,,,,,,,
tomatoes,salmon,chocolate,chicken,butter,apples,eggs,,,,,,,,,,,,,
orange juice,flour,rice,milk,apples,spinach,butter,,,,,,,,,,,,,
milk,chicken,sugar,olive oil,,,,,,,,,,,,,,,,
rice,,,,,,,,,,,,,,,,,,,
butter,salmon,eggs,,,,,,,,,,,,,,,,,
chocolate,,,,,,,,,,,,,,,,,,,
spinach,milk,bread,eggs,bananas,sugar,tomatoes,,,,,,,,,,,,,
chocolate,ground beef,rice,butter,eggs,,,,,,,,,,,,,,,
yogurt,,,,,,,,,,,,,,,,,,,
onions,rice,ground beef,tea,cereal,bread,,,,,,,,,,,,,,
bread,rice,potatoes,chocolate,sugar,apples,butter,,,,,,,,,,,,,
tea,salmon,,,,,,,,,,,,,,,,,,
flour,cereal,,,,,,,,,,,,,,,,,,
chocolate,chicken,apples,spinach,coffee,cheese,salmon,ground beef,,,,,,,,,,,,
spinach,tomatoes,coffee,flour,milk,ground beef,,,,,,,,,,,,,,
salmon,coffee,chocolate,olive oil,bread,bananas,pasta,cheese,,,,,,,,,,,,
onions,,,,,,,,,,,,,,,,,,,
sugar,milk,spinach,,,,,,,,,,,,,,,,,
chicken,apples,orange juice,bananas,tomatoes,,,,,,,,,,,,,,,
orange juice,chocolate,cheese,butter,salmon,chicken,milk,tea,,,,,,,,,,,,
sugar,chicken,eggs,chocolate,,,,,,,,,,,,,,,,
cereal,,,,,,,,,,,,,,,,,,,
salmon,sugar,,,,,,,,,,,,,,,,,,
tomatoes,eggs,cereal,rice,chocolate,,,,,,,,,,,,,,,
tomatoes,cereal,pasta,,,,,,,,,,,,,,,,,
flour,,,,,,,,,,,,,,,,,,,
tomatoes,cereal,bread,sugar,,,,,,,,,,,,,,,,
butter,bananas,orange juice,,,,,,,,,,,,,,,,,
milk,olive oil,rice,cereal,butter,tomatoes,chocolate,,,,,,,,,,,,,
potatoes,flour,,,,,,,,,,,,,,,,,,
orange juice,pasta,flour,,,,,,,,,,,,,,,,,
sugar,,,,,,,,,,,,,,,,,,,
orange juice,potatoes,,,,,,,,,,,,,,,,,,
potatoes,ground beef,butter,coffee,,,,,,,,,,,,,,,,
tomatoes,potatoes,cheese,onions,orange juice,,,,,,,,,,,,,,,
coffee,potatoes,cereal,,,,,,,,,,,,,,,,,
apples,orange juice,pasta,bread,cereal,flour,onions,sugar,,,,,,,,,,,,
tomatoes,eggs,ground beef,flour,pasta,,,,,,,,,,,,,,,
spinach,olive oil,,,,,,,,,,,,,,,,,,
milk,,,,,,,,,,,,,,,,,,,
onions,sugar,potatoes,,,,,,,,,,,,,,,,,
chicken,pasta,yogurt,rice,salmon,bananas,tomatoes,coffee,,,,,,,,,,,,
onions,,,,,,,,,,,,,,,,,,,
orange juice,,,,,,,,,,,,,,,,,,,
spinach,chocolate,milk,butter,,,,,,,,,,,,,,,,
milk,spinach,potatoes,yogurt,apples,,,,,,,,,,,,,,,
yogurt,,,,,,,,,,,,,,,,,,,
potatoes,salmon,coffee,,,,,,,,,,,,,,,,,
spinach,ground beef,milk,,,,,,,,,,,,,,,,,
cereal,salmon,apples,,,,,,,,,,,,,,,,,
coffee,,,,,,,,,,,,,,,,,,,
eggs,ground beef,,,,,,,,,,,,,,,,,,
yogurt,,,,,,,,,,,,,,,,,,,
rice,coffee,pasta,salmon,milk,chicken,,,,,,,,,,,,,,
apples,tomatoes,,,,,,,,,,,,,,,,,,
eggs,tomatoes,rice,cheese,chicken,butter,,,,,,,,,,,,,,
milk,sugar,eggs,potatoes,bread,chocolate,pasta,coffee,,,,,,,,,,,,
eggs,butter,milk,sugar,pasta,apples,cheese,potatoes,,,,,,,,,,,,
cheese,sugar,rice,coffee,eggs,apples,yogurt,,,,,,,,,,,,,
chicken,tea,spinach,orange juice,,,,,,,,,,,,,,,,
coffee,ground beef,olive oil,chicken,rice,,,,,,,,,,,,,,,
bread,chocolate,chicken,yogurt,pasta,eggs,tea,,,,,,,,,,,,,
pasta,sugar,cereal,spinach,olive oil,,,,,,,,,,,,,,,
apples,pasta,yogurt,tomatoes,bread,rice,salmon,potatoes,,,,,,,,,,,,
ground beef,pasta,chicken,chocolate,potatoes,milk,bananas,,,,,,,,,,,,,
flour,onions,spinach,coffee,ground beef,,,,,,,,,,,,,,,
flour,bananas,spinach,chicken,eggs,chocolate,potatoes,,,,,,,,,,,,,
pasta,bread,milk,chicken,apples,spinach,orange juice,butter,,,,,,,,,,,,
rice,bananas,milk,,,,,,,,,,,,,,,,,
milk,salmon,flour,yogurt,coffee,tea,cereal,chicken,,,,,,,,,,,,
tomatoes,cheese,coffee,,,,,,,,,,,,,,,,,
cheese,ground beef,pasta,flour,chicken,tea,tomatoes,bread,,,,,,,,,,,,
tomatoes,sugar,butter,chicken,eggs,,,,,,,,,,,,,,,
coffee,cheese,,,,,,,,,,,,,,,,,,
butter,cheese,orange juice,milk,bananas,onions,bread,tomatoes,,,,,,,,,,,,
bananas,tea,potatoes,coffee,butter,,,,,,,,,,,,,,,
cereal,eggs,onions,chicken,tomatoes,,,,,,,,,,,,,,,
rice,orange juice,butter,tea,cheese,bread,flour,yogurt,,,,,,,,,,,,
cereal,olive oil,apples,rice,yogurt,tea,spinach,,,,,,,,,,,,,
onions,tea,orange juice,tomatoes,coffee,,,,,,,,,,,,,,,
spinach,,,,,,,,,,,,,,,,,,,
chocolate,olive oil,tea,cheese,,,,,,,,,,,,,,,,
tea,pasta,,,,,,,,,,,,,,,,,,
cheese,apples,milk,sugar,onions,,,,,,,,,,,,,,,
salmon,,,,,,,,,,,,,,,,,,,
eggs,butter,ground beef,tea,apples,sugar,cereal,,,,,,,,,,,,,
onions,salmon,sugar,butter,cheese,bananas,chicken,bread,,,,,,,,,,,,
eggs,chicken,,,,,,,,,,,,,,,,,,
chicken,cereal,flour,eggs,coffee,butter,,,,,,,,,,,,,,
cheese,yogurt,apples,chicken,flour,orange juice,chocolate,bananas,,,,,,,,,,,,
apples,tea,,,,,,,,,,,,,,,,,,
pasta,chocolate,butter,ground beef,yogurt,sugar,,,,,,,,,,,,,,
chocolate,milk,apples,tea,bananas,potatoes,pasta,sugar,,,,,,,,,,,,
rice,,,,,,,,,,,,,,,,,,,
rice,potatoes,flour,tomatoes,,,,,,,,,,,,,,,,
onions,salmon,olive oil,bread,apples,milk,,,,,,,,,,,,,,
cereal,tea,salmon,onions,orange juice,,,,,,,,,,,,,,,
flour,milk,bananas,bread,chocolate,,,,,,,,,,,,,,,
milk,sugar,,,,,,,,,,,,,,,,,,
eggs,cereal,,,,,,,,,,,,,,,,,,
eggs,chicken,orange juice,sugar,potatoes,yogurt,,,,,,,,,,,,,,
flour,coffee,pasta,,,,,,,,,,,,,,,,,
apples,pasta,onions,,,,,,,,,,,,,,,,,
olive oil,orange juice,tomatoes,spinach,pasta,cheese,onions,flour,,,,,,,,,,,,
potatoes,onions,rice,orange juice,,,,,,,,,,,,,,,,
eggs,,,,,,,,,,,,,,,,,,,
flour,bread,pasta,,,,,,,,,,,,,,,,,
pasta,,,,,,,,,,,,,,,,,,,
tea,bread,olive oil,cheese,,,,,,,,,,,,,,,,
cereal,butter,chicken,ground beef,milk,,,,,,,,,,,,,,,
salmon,tomatoes,,,,,,,,,,,,,,,,,,
potatoes,cheese,milk,,,,,,,,,,,,,,,,,
apples,potatoes,eggs,sugar,,,,,,,,,,,,,,,,
flour,orange juice,ground beef,,,,,,,,,,,,,,,,,
olive oil,flour,,,,,,,,,,,,,,,,,,
coffee,potatoes,,,,,,,,,,,,,,,,,,
apples,tea,orange juice,cereal,,,,,,,,,,,,,,,,
tomatoes,potatoes,cereal,olive oil,,,,,,,,,,,,,,,,
onions,apples,bananas,tea,chocolate,olive oil,bread,flour,,,,,,,,,,,,
spinach,bananas,onions,,,,,,,,,,,,,,,,,
milk,,,,,,,,,,,,,,,,,,,
pasta,rice,spinach,apples,potatoes,cheese,sugar,bananas,,,,,,,,,,,,
flour,eggs,chocolate,potatoes,olive oil,tomatoes,rice,,,,,,,,,,,,,
bananas,milk,apples,orange juice,chocolate,onions,rice,,,,,,,,,,,,,
orange juice,eggs,ground beef,tea,sugar,onions,flour,,,,,,,,,,,,,
olive oil,,,,,,,,,,,,,,,,,,,
orange juice,coffee,milk,ground beef,yogurt,chicken,bread,,,,,,,,,,,,,
onions,rice,milk,chocolate,orange juice,,,,,,,,,,,,,,,
chocolate,salmon,bananas,flour,pasta,ground beef,,,,,,,,,,,,,,
bread,tea,chocolate,,,,,,,,,,,,,,,,,
eggs,coffee,flour,ground beef,orange juice,,,,,,,,,,,,,,,
tea,ground beef,coffee,cheese,yogurt,milk,,,,,,,,,,,,,,
rice,coffee,flour,salmon,orange juice,onions,,,,,,,,,,,,,,
cereal,chocolate,milk,sugar,spinach,pasta,,,,,,,,,,,,,,
bread,,,,,,,,,,,,,,,,,,,
eggs,chicken,,,,,,,,,,,,,,,,,,
eggs,tea,orange juice,salmon,pasta,,,,,,,,,,,,,,,
cheese,bananas,apples,tea,chocolate,tomatoes,orange juice,salmon,,,,,,,,,,,,
cheese,onions,,,,,,,,,,,,,,,,,,
ground beef,butter,onions,rice,tomatoes,,,,,,,,,,,,,,,
tea,olive oil,milk,bananas,,,,,,,,,,,,,,,,
pasta,ground beef,chicken,milk,butter,bananas,,,,,,,,,,,,,,
bread,tea,bananas,onions,,,,,,,,,,,,,,,,
apples,eggs,bananas,spinach,potatoes,tea,chicken,,,,,,,,,,,,,
cereal,chocolate,,,,,,,,,,,,,,,,,,
spinach,yogurt,coffee,,,,,,,,,,,,,,,,,
butter,,,,,,,,,,,,,,,,,,,
cereal,flour,bread,,,,,,,,,,,,,,,,,
olive oil,spinach,chocolate,rice,,,,,,,,,,,,,,,,
potatoes,bread,chicken,,,,,,,,,,,,,,,,,
olive oil,tomatoes,chocolate,sugar,tea,cereal,pasta,,,,,,,,,,,,,
tomatoes,salmon,sugar,butter,chocolate,rice,potatoes,milk,,,,,,,,,,,,
rice,,,,,,,,,,,,,,,,,,,
bananas,milk,flour,chocolate,,,,,,,,,,,,,,,,
eggs,tomatoes,onions,rice,butter,,,,,,,,,,,,,,,
rice,,,,,,,,,,,,,,,,,,,
tomatoes,,,,,,,,,,,,,,,,,,,
potatoes,pasta,rice,cereal,onions,eggs,tomatoes,bread,,,,,,,,,,,,
tea,onions,,,,,,,,,,,,,,,,,,
spinach,onions,cheese,chicken,pasta,tea,chocolate,milk,,,,,,,,,,,,
butter,,,,,,,,,,,,,,,,,,,
olive oil,bananas,chocolate,tomatoes,cereal,,,,,,,,,,,,,,,
flour,yogurt,olive oil,tomatoes,salmon,rice,ground beef,,,,,,,,,,,,,
flour,sugar,,,,,,,,,,,,,,,,,,
bread,,,,,,,,,,,,,,,,,,,
sugar,,,,,,,,,,,,,,,,,,,
orange juice,spinach,tea,yogurt,coffee,salmon,cheese,ground beef,,,,,,,,,,,,
cereal,bread,flour,butter,,,,,,,,,,,,,,,,
bananas,onions,coffee,tomatoes,,,,,,,,,,,,,,,,
chocolate,,,,,,,,,,,,,,,,,,,
cereal,,,,,,,,,,,,,,,,,,,
rice,tomatoes,chocolate,apples,,,,,,,,,,,,,,,,
onions,butter,chocolate,flour,ground beef,,,,,,,,,,,,,,,
onions,,,,,,,,,,,,,,,,,,,
chicken,cereal,bananas,flour,apples,eggs,,,,,,,,,,,,,,
tomatoes,milk,bread,,,,,,,,,,,,,,,,,
chicken,eggs,ground beef,apples,,,,,,,,,,,,,,,,
eggs,bananas,apples,orange juice,spinach,salmon,cereal,chocolate,,,,,,,,,,,,
orange juice,chicken,pasta,yogurt,,,,,,,,,,,,,,,,
ground beef,pasta,olive oil,,,,,,,,,,,,,,,,,
orange juice,milk,yogurt,flour,chocolate,,,,,,,,,,,,,,,
spinach,flour,chicken,tomatoes,yogurt,orange juice,ground beef,eggs,,,,,,,,,,,,
bread,olive oil,,,,,,,,,,,,,,,,,,
sugar,,,,,,,,,,,,,,,,,,,
yogurt,potatoes,tomatoes,olive oil,cereal,butter,rice,pasta,,,,,,,,,,,,
bananas,spinach,,,,,,,,,,,,,,,,,,
coffee,cereal,chicken,milk,tea,,,,,,,,,,,,,,,
chicken,olive oil,cheese,,,,,,,,,,,,,,,,,
cereal,,,,,,,,,,,,,,,,,,,
orange juice,salmon,,,,,,,,,,,,,,,,,,
bread,tea,,,,,,,,,,,,,,,,,,
salmon,coffee,cereal,onions,,,,,,,,,,,,,,,,
yogurt,coffee,cereal,bananas,butter,bread,rice,spinach,,,,,,,,,,,,
sugar,ground beef,,,,,,,,,,,,,,,,,,
salmon,cheese,rice,tea,milk,chicken,coffee,potatoes,,,,,,,,,,,,
bananas,chicken,ground beef,spinach,potatoes,,,,,,,,,,,,,,,
spinach,tea,cereal,coffee,olive oil,orange juice,,,,,,,,,,,,,,
butter,apples,milk,salmon,bananas,tea,tomatoes,eggs,,,,,,,,,,,,
olive oil,chocolate,cereal,apples,chicken,flour,coffee,,,,,,,,,,,,,
bananas,cheese,tomatoes,yogurt,spinach,tea,flour,,,,,,,,,,,,,
flour,salmon,potatoes,pasta,eggs,spinach,apples,,,,,,,,,,,,,
onions,sugar,milk,salmon,cheese,coffee,bread,yogurt,,,,,,,,,,,,
sugar,chicken,orange juice,olive oil,bread,rice,coffee,apples,,,,,,,,,,,,
bread,,,,,,,,,,,,,,,,,,,
olive oil,flour,coffee,apples,,,,,,,,,,,,,,,,
ground beef,bread,bananas,yogurt,cheese,,,,,,,,,,,,,,,
apples,tomatoes,cereal,cheese,,,,,,,,,,,,,,,,
pasta,apples,orange juice,milk,,,,,,,,,,,,,,,,
onions,coffee,butter,tomatoes,cereal,orange juice,,,,,,,,,,,,,,
eggs,pasta,tomatoes,rice,apples,,,,,,,,,,,,,,,
bananas,salmon,,,,,,,,,,,,,,,,,,
butter,eggs,apples,onions,,,,,,,,,,,,,,,,
coffee,salmon,,,,,,,,,,,,,,,,,,
eggs,bananas,salmon,pasta,flour,cereal,chicken,,,,,,,,,,,,,
onions,olive oil,tomatoes,cheese,flour,cereal,tea,milk,,,,,,,,,,,,
butter,eggs,orange juice,coffee,,,,,,,,,,,,,,,,
sugar,pasta,,,,,,,,,,,,,,,,,,
tea,rice,pasta,orange juice,potatoes,,,,,,,,,,,,,,,
coffee,bread,yogurt,tomatoes,potatoes,,,,,,,,,,,,,,,
bread,apples,flour,olive oil,,,,,,,,,,,,,,,,
tomatoes,yogurt,olive oil,potatoes,salmon,,,,,,,,,,,,,,,
cheese,orange juice,bananas,,,,,,,,,,,,,,,,,
milk,bread,rice,flour,,,,,,,,,,,,,,,,
chocolate,onions,salmon,cereal,olive oil,yogurt,flour,cheese,,,,,,,,,,,,
tomatoes,,,,,,,,,,,,,,,,,,,
cereal,,,,,,,,,,,,,,,,,,,
salmon,coffee,pasta,bread,,,,,,,,,,,,,,,,
chicken,,,,,,,,,,,,,,,,,,,
chocolate,onions,rice,tomatoes,olive oil,,,,,,,,,,,,,,,
sugar,potatoes,pasta,cheese,ground beef,orange juice,coffee,spinach,,,,,,,,,,,,
yogurt,pasta,bread,rice,onions,,,,,,,,,,,,,,,
tomatoes,cereal,,,,,,,,,,,,,,,,,,
milk,olive oil,bread,,,,,,,,,,,,,,,,,
rice,,,,,,,,,,,,,,,,,,,
tea,eggs,chocolate,bread,yogurt,chicken,tomatoes,milk,,,,,,,,,,,,
eggs,bananas,salmon,milk,,,,,,,,,,,,,,,,
ground beef,orange juice,eggs,flour,,,,,,,,,,,,,,,,
chocolate,cheese,sugar,milk,potatoes,onions,,,,,,,,,,,,,,
tea,spinach,olive oil,ground beef,eggs,milk,bread,cheese,,,,,,,,,,,,
coffee,ground beef,chocolate,yogurt,flour,tomatoes,pasta,,,,,,,,,,,,,
cheese,sugar,eggs,coffee,,,,,,,,,,,,,,,,
sugar,spinach,bananas,onions,,,,,,,,,,,,,,,,
ground beef,onions,bananas,cereal,coffee,eggs,,,,,,,,,,,,,,
eggs,bread,tea,pasta,salmon,chocolate,ground beef,apples,,,,,,,,,,,,
tomatoes,apples,potatoes,pasta,butter,flour,,,,,,,,,,,,,,
bread,coffee,orange juice,olive oil,butter,potatoes,,,,,,,,,,,,,,
tea,apples,chicken,rice,bananas,cheese,butter,yogurt,,,,,,,,,,,,
pasta,orange juice,sugar,onions,coffee,,,,,,,,,,,,,,,
tea,apples,,,,,,,,,,,,,,,,,,
pasta,bananas,tea,,,,,,,,,,,,,,,,,
tea,sugar,chocolate,,,,,,,,,,,,,,,,,
butter,,,,,,,,,,,,,,,,,,,
olive oil,,,,,,,,,,,,,,,,,,,
tomatoes,apples,potatoes,cheese,olive oil,,,,,,,,,,,,,,,
yogurt,ground beef,,,,,,,,,,,,,,,,,,
flour,chicken,coffee,,,,,,,,,,,,,,,,,
potatoes,,,,,,,,,,,,,,,,,,,
spinach,bananas,tea,milk,eggs,,,,,,,,,,,,,,,
spinach,,,,,,,,,,,,,,,,,,,
sugar,,,,,,,,,,,,,,,,,,,
pasta,rice,ground beef,bananas,salmon,spinach,flour,orange juice,,,,,,,,,,,,
onions,tomatoes,,,,,,,,,,,,,,,,,,
butter,apples,olive oil,orange juice,yogurt,,,,,,,,,,,,,,,
apples,salmon,bananas,spinach,,,,,,,,,,,,,,,,
onions,,,,,,,,,,,,,,,,,,,
salmon,bananas,tea,,,,,,,,,,,,,,,,,
orange juice,milk,olive oil,,,,,,,,,,,,,,,,,
eggs,milk,cheese,cereal,yogurt,,,,,,,,,,,,,,,
chocolate,onions,orange juice,coffee,chicken,bread,,,,,,,,,,,,,,
rice,tomatoes,sugar,eggs,flour,,,,,,,,,,,,,,,
flour,bananas,,,,,,,,,,,,,,,,,,
flour,salmon,tomatoes,chicken,orange juice,cereal,cheese,yogurt,,,,,,,,,,,,
apples,tea,cheese,tomatoes,sugar,pasta,,,,,,,,,,,,,,
tea,potatoes,apples,ground beef,butter,,,,,,,,,,,,,,,
flour,onions,bread,bananas,tomatoes,milk,sugar,,,,,,,,,,,,,
apples,olive oil,salmon,,,,,,,,,,,,,,,,,
sugar,onions,yogurt,milk,potatoes,flour,,,,,,,,,,,,,,
rice,tomatoes,butter,milk,ground beef,cereal,pasta,,,,,,,,,,,,,
flour,bread,sugar,eggs,cheese,ground beef,salmon,olive oil,,,,,,,,,,,,
potatoes,bread,tea,milk,eggs,apples,,,,,,,,,,,,,,
chocolate,cheese,rice,,,,,,,,,,,,,,,,,
spinach,coffee,orange juice,pasta,salmon,chicken,bread,,,,,,,,,,,,,
olive oil,sugar,flour,coffee,yogurt,,,,,,,,,,,,,,,
tomatoes,pasta,cheese,salmon,flour,potatoes,chicken,,,,,,,,,,,,,
apples,bananas,eggs,,,,,,,,,,,,,,,,,
spinach,rice,chocolate,,,,,,,,,,,,,,,,,
sugar,ground beef,potatoes,orange juice,apples,rice,yogurt,spinach,,,,,,,,,,,,
spinach,tea,onions,olive oil,bread,cheese,tomatoes,coffee,,,,,,,,,,,,
orange juice,tomatoes,eggs,ground beef,chicken,yogurt,butter,,,,,,,,,,,,,
spinach,onions,potatoes,cereal,,,,,,,,,,,,,,,,
ground beef,apples,flour,salmon,cheese,,,,,,,,,,,,,,,
cheese,bread,sugar,coffee,pasta,olive oil,,,,,,,,,,,,,,
milk,tomatoes,bread,cheese,,,,,,,,,,,,,,,,
chocolate,milk,flour,orange juice,potatoes,cheese,spinach,,,,,,,,,,,,,
salmon,chicken,flour,rice,milk,,,,,,,,,,,,,,,
bread,salmon,chocolate,,,,,,,,,,,,,,,,,
sugar,cheese,,,,,,,,,,,,,,,,,,
olive oil,milk,bread,onions,rice,cereal,chocolate,,,,,,,,,,,,,
potatoes,cheese,milk,cereal,,,,,,,,,,,,,,,,
rice,cheese,milk,butter,,,,,,,,,,,,,,,,
sugar,ground beef,onions,chicken,bananas,rice,,,,,,,,,,,,,,
salmon,bread,cheese,,,,,,,,,,,,,,,,,
tomatoes,onions,cheese,bread,,,,,,,,,,,,,,,,
spinach,apples,tea,orange juice,flour,chocolate,,,,,,,,,,,,,,
eggs,sugar,tomatoes,yogurt,olive oil,spinach,onions,,,,,,,,,,,,,
butter,ground beef,bananas,tomatoes,rice,spinach,cereal,yogurt,,,,,,,,,,,,
tomatoes,cereal,potatoes,chicken,ground beef,rice,,,,,,,,,,,,,,
flour,olive oil,rice,coffee,tea,yogurt,,,,,,,,,,,,,,
salmon,apples,cheese,bananas,rice,cereal,,,,,,,,,,,,,,
sugar,potatoes,rice,pasta,,,,,,,,,,,,,,,,
coffee,rice,salmon,sugar,,,,,,,,,,,,,,,,
olive oil,eggs,ground beef,pasta,cereal,,,,,,,,,,,,,,,
apples,,,,,,,,,,,,,,,,,,,
salmon,cheese,potatoes,onions,chicken,,,,,,,,,,,,,,,
potatoes,coffee,onions,chicken,butter,salmon,sugar,apples,,,,,,,,,,,,
apples,flour,milk,,,,,,,,,,,,,,,,,
apples,olive oil,tomatoes,,,,,,,,,,,,,,,,,
butter,tea,bananas,flour,apples,eggs,,,,,,,,,,,,,,
yogurt,,,,,,,,,,,,,,,,,,,
apples,chocolate,ground beef,sugar,tomatoes,,,,,,,,,,,,,,,
salmon,onions,sugar,,,,,,,,,,,,,,,,,
butter,,,,,,,,,,,,,,,,,,,
coffee,,,,,,,,,,,,,,,,,,,
rice,cheese,salmon,coffee,onions,potatoes,ground beef,yogurt,,,,,,,,,,,,
apples,butter,,,,,,,,,,,,,,,,,,
eggs,milk,tomatoes,apples,flour,yogurt,potatoes,,,,,,,,,,,,,
sugar,cheese,tea,rice,bread,eggs,chicken,,,,,,,,,,,,,
salmon,orange juice,onions,,,,,,,,,,,,,,,,,
coffee,cheese,cereal,sugar,apples,ground beef,,,,,,,,,,,,,,
bananas,cereal,spinach,tea,chocolate,olive oil,,,,,,,,,,,,,,
ground beef,potatoes,cereal,,,,,,,,,,,,,,,,,
butter,spinach,cheese,ground beef,,,,,,,,,,,,,,,,
chicken,sugar,flour,cheese,,,,,,,,,,,,,,,,
bananas,,,,,,,,,,,,,,,,,,,
pasta,flour,yogurt,potatoes,olive oil,,,,,,,,,,,,,,,
cheese,chocolate,tea,,,,,,,,,,,,,,,,,
sugar,cheese,tomatoes,bread,salmon,olive oil,tea,,,,,,,,,,,,,
ground beef,spinach,rice,salmon,,,,,,,,,,,,,,,,
yogurt,flour,milk,cereal,coffee,onions,,,,,,,,,,,,,,
apples,ground beef,potatoes,,,,,,,,,,,,,,,,,
cereal,chicken,tea,yogurt,,,,,,,,,,,,,,,,
chicken,rice,butter,salmon,orange juice,,,,,,,,,,,,,,,
potatoes,apples,cheese,,,,,,,,,,,,,,,,,
chicken,bread,bananas,rice,eggs,onions,ground beef,orange juice,,,,,,,,,,,,
tea,cheese,,,,,,,,,,,,,,,,,,
chocolate,orange juice,sugar,,,,,,,,,,,,,,,,,
eggs,rice,chicken,milk,salmon,flour,ground beef,orange juice,,,,,,,,,,,,
cereal,apples,spinach,tea,coffee,yogurt,tomatoes,,,,,,,,,,,,,
pasta,sugar,orange juice,bread,potatoes,bananas,cereal,,,,,,,,,,,,,
eggs,chocolate,,,,,,,,,,,,,,,,,,
chocolate,tomatoes,potatoes,,,,,,,,,,,,,,,,,
pasta,cereal,,,,,,,,,,,,,,,,,,
ground beef,,,,,,,,,,,,,,,,,,,
olive oil,salmon,flour,tomatoes,coffee,orange juice,cereal,,,,,,,,,,,,,
potatoes,tomatoes,chicken,coffee,,,,,,,,,,,,,,,,
ground beef,bread,yogurt,,,,,,,,,,,,,,,,,
rice,salmon,flour,,,,,,,,,,,,,,,,,
flour,salmon,onions,,,,,,,,,,,,,,,,,
apples,potatoes,butter,orange juice,chicken,eggs,bread,,,,,,,,,,,,,
tea,butter,apples,rice,chocolate,tomatoes,sugar,,,,,,,,,,,,,
tea,potatoes,coffee,flour,,,,,,,,,,,,,,,,
orange juice,spinach,,,,,,,,,,,,,,,,,,
olive oil,milk,bread,,,,,,,,,,,,,,,,,
ground beef,spinach,chocolate,coffee,rice,,,,,,,,,,,,,,,
chocolate,,,,,,,,,,,,,,,,,,,
flour,rice,eggs,pasta,,,,,,,,,,,,,,,,
cheese,bread,,,,,,,,,,,,,,,,,,
ground beef,,,,,,,,,,,,,,,,,,,
sugar,milk,onions,salmon,,,,,,,,,,,,,,,,
butter,tea,,,,,,,,,,,,,,,,,,
cheese,tea,orange juice,,,,,,,,,,,,,,,,,
yogurt,,,,,,,,,,,,,,,,,,,
yogurt,flour,tomatoes,rice,cereal,bread,chicken,coffee,,,,,,,,,,,,
salmon,milk,onions,,,,,,,,,,,,,,,,,
coffee,,,,,,,,,,,,,,,,,,,
chocolate,ground beef,spinach,coffee,sugar,apples,tomatoes,,,,,,,,,,,,,
orange juice,butter,rice,eggs,spinach,bread,bananas,tea,,,,,,,,,,,,
cereal,apples,cheese,chicken,olive oil,chocolate,ground beef,salmon,,,,,,,,,,,,
yogurt,,,,,,,,,,,,,,,,,,,
bread,sugar,salmon,,,,,,,,,,,,,,,,,
olive oil,sugar,,,,,,,,,,,,,,,,,,
rice,flour,potatoes,orange juice,apples,tomatoes,,,,,,,,,,,,,,
cereal,chicken,butter,chocolate,flour,,,,,,,,,,,,,,,
orange juice,flour,tomatoes,olive oil,rice,butter,,,,,,,,,,,,,,
apples,cheese,,,,,,,,,,,,,,,,,,
chicken,,,,,,,,,,,,,,,,,,,
tea,onions,cheese,,,,,,,,,,,,,,,,,
tea,milk,rice,,,,,,,,,,,,,,,,,
chocolate,butter,,,,,,,,,,,,,,,,,,
cheese,olive oil,bananas,apples,ground beef,orange juice,,,,,,,,,,,,,,
eggs,bananas,orange juice,,,,,,,,,,,,,,,,,
spinach,ground beef,tomatoes,pasta,milk,onions,chocolate,,,,,,,,,,,,,
olive oil,flour,yogurt,ground beef,bananas,cereal,tea,,,,,,,,,,,,,
spinach,,,,,,,,,,,,,,,,,,,
ground beef,bread,eggs,orange juice,potatoes,,,,,,,,,,,,,,,
rice,chicken,apples,butter,onions,yogurt,coffee,,,,,,,,,,,,,
apples,cheese,onions,salmon,yogurt,,,,,,,,,,,,,,,
cereal,,,,,,,,,,,,,,,,,,,
milk,,,,,,,,,,,,,,,,,,,
spinach,olive oil,pasta,,,,,,,,,,,,,,,,,
chocolate,tea,cereal,rice,,,,,,,,,,,,,,,,
salmon,apples,olive oil,chicken,,,,,,,,,,,,,,,,
yogurt,cereal,flour,,,,,,,,,,,,,,,,,
ground beef,salmon,,,,,,,,,,,,,,,,,,
olive oil,chicken,chocolate,tea,flour,apples,rice,yogurt,,,,,,,,,,,,
yogurt,bread,chocolate,bananas,,,,,,,,,,,,,,,,
tomatoes,spinach,,,,,,,,,,,,,,,,,,
rice,orange juice,chocolate,onions,,,,,,,,,,,,,,,,
salmon,chocolate,pasta,onions,,,,,,,,,,,,,,,,
bananas,ground beef,onions,cereal,tomatoes,,,,,,,,,,,,,,,
milk,cheese,,,,,,,,,,,,,,,,,,
apples,,,,,,,,,,,,,,,,,,,
spinach,yogurt,chicken,orange juice,onions,,,,,,,,,,,,,,,
ground beef,,,,,,,,,,,,,,,,,,,
cheese,ground beef,tea,flour,coffee,yogurt,,,,,,,,,,,,,,
chocolate,tea,,,,,,,,,,,,,,,,,,
butter,milk,tea,ground beef,orange juice,yogurt,sugar,cereal,,,,,,,,,,,,
pasta,sugar,rice,apples,ground beef,,,,,,,,,,,,,,,
salmon,rice,pasta,coffee,cheese,butter,,,,,,,,,,,,,,
chicken,pasta,apples,tomatoes,onions,butter,tea,sugar,,,,,,,,,,,,
eggs,yogurt,ground beef,butter,,,,,,,,,,,,,,,,
chocolate,potatoes,salmon,apples,orange juice,butter,eggs,bread,,,,,,,,,,,,
tomatoes,bread,spinach,apples,tea,eggs,cheese,,,,,,,,,,,,,
pasta,potatoes,tea,cheese,,,,,,,,,,,,,,,,
tomatoes,apples,chocolate,salmon,butter,coffee,yogurt,,,,,,,,,,,,,
spinach,olive oil,,,,,,,,,,,,,,,,,,
orange juice,potatoes,coffee,olive oil,flour,bread,,,,,,,,,,,,,,
cheese,bananas,rice,olive oil,,,,,,,,,,,,,,,,
apples,bananas,onions,milk,rice,coffee,olive oil,chicken,,,,,,,,,,,,
rice,apples,orange juice,yogurt,chocolate,milk,chicken,,,,,,,,,,,,,
sugar,butter,apples,bananas,tea,cheese,pasta,,,,,,,,,,,,,
spinach,salmon,,,,,,,,,,,,,,,,,,
spinach,tea,,,,,,,,,,,,,,,,,,
rice,tea,cheese,bananas,,,,,,,,,,,,,,,,
cheese,chocolate,coffee,tea,sugar,eggs,orange juice,pasta,,,,,,,,,,,,
bananas,cheese,chocolate,yogurt,,,,,,,,,,,,,,,,
coffee,eggs,flour,tea,butter,apples,,,,,,,,,,,,,,
potatoes,coffee,milk,eggs,,,,,,,,,,,,,,,,
chocolate,onions,pasta,apples,bread,coffee,orange juice,,,,,,,,,,,,,
apples,bananas,milk,chocolate,orange juice,yogurt,ground beef,salmon,,,,,,,,,,,,
flour,sugar,orange juice,tomatoes,,,,,,,,,,,,,,,,
cheese,spinach,,,,,,,,,,,,,,,,,,
cheese,ground beef,olive oil,spinach,,,,,,,,,,,,,,,,
spinach,orange juice,,,,,,,,,,,,,,,,,,
sugar,apples,butter,orange juice,spinach,salmon,,,,,,,,,,,,,,
butter,sugar,,,,,,,,,,,,,,,,,,
tea,cereal,,,,,,,,,,,,,,,,,,
yogurt,,,,,,,,,,,,,,,,,,,
milk,potatoes,spinach,butter,coffee,cereal,orange juice,eggs,,,,,,,,,,,,
apples,tea,,,,,,,,,,,,,,,,,,
chicken,eggs,coffee,tomatoes,,,,,,,,,,,,,,,,
olive oil,cheese,salmon,bananas,orange juice,onions,,,,,,,,,,,,,,
salmon,flour,tomatoes,,,,,,,,,,,,,,,,,
chicken,olive oil,eggs,potatoes,,,,,,,,,,,,,,,,
milk,potatoes,bananas,,,,,,,,,,,,,,,,,
yogurt,butter,apples,cereal,pasta,orange juice,,,,,,,,,,,,,,
pasta,eggs,flour,onions,tomatoes,yogurt,cheese,chocolate,,,,,,,,,,,,
spinach,olive oil,apples,milk,salmon,sugar,onions,,,,,,,,,,,,,
tea,flour,orange juice,bananas,tomatoes,chicken,bread,,,,,,,,,,,,,
yogurt,onions,salmon,butter,potatoes,chocolate,pasta,,,,,,,,,,,,,
onions,pasta,tea,chocolate,potatoes,spinach,tomatoes,,,,,,,,,,,,,
tomatoes,chicken,pasta,,,,,,,,,,,,,,,,,
olive oil,eggs,,,,,,,,,,,,,,,,,,
tomatoes,rice,,,,,,,,,,,,,,,,,,
olive oil,tea,tomatoes,salmon,pasta,butter,bananas,yogurt,,,,,,,,,,,,
spinach,bread,bananas,,,,,,,,,,,,,,,,,
onions,,,,,,,,,,,,,,,,,,,
salmon,spinach,rice,,,,,,,,,,,,,,,,,
cereal,coffee,bread,potatoes,cheese,onions,,,,,,,,,,,,,,
rice,spinach,olive oil,sugar,coffee,orange juice,bananas,,,,,,,,,,,,,
cheese,sugar,potatoes,salmon,,,,,,,,,,,,,,,,
tea,salmon,pasta,spinach,,,,,,,,,,,,,,,,
pasta,butter,flour,ground beef,sugar,,,,,,,,,,,,,,,
bananas,apples,eggs,pasta,rice,,,,,,,,,,,,,,,
salmon,pasta,olive oil,sugar,orange juice,,,,,,,,,,,,,,,
bread,spinach,apples,ground beef,yogurt,sugar,bananas,salmon,,,,,,,,,,,,
flour,rice,bananas,ground beef,butter,salmon,,,,,,,,,,,,,,
yogurt,onions,,,,,,,,,,,,,,,,,,
sugar,cereal,,,,,,,,,,,,,,,,,,
sugar,pasta,rice,cheese,chicken,cereal,flour,,,,,,,,,,,,,
potatoes,flour,butter,,,,,,,,,,,,,,,,,
tea,potatoes,,,,,,,,,,,,,,,,,,
potatoes,pasta,bread,tea,cereal,flour,chicken,cheese,,,,,,,,,,,,
orange juice,,,,,,,,,,,,,,,,,,,
pasta,apples,cereal,spinach,coffee,orange juice,butter,chocolate,,,,,,,,,,,,
butter,cheese,spinach,tomatoes,,,,,,,,,,,,,,,,
olive oil,rice,eggs,pasta,butter,,,,,,,,,,,,,,,
apples,eggs,salmon,rice,chocolate,bananas,spinach,,,,,,,,,,,,,
yogurt,milk,eggs,orange juice,onions,coffee,sugar,,,,,,,,,,,,,
rice,potatoes,sugar,chocolate,,,,,,,,,,,,,,,,
potatoes,chocolate,sugar,,,,,,,,,,,,,,,,,
ground beef,onions,,,,,,,,,,,,,,,,,,
rice,potatoes,sugar,coffee,,,,,,,,,,,,,,,,
sugar,rice,bananas,flour,tomatoes,,,,,,,,,,,,,,,
cereal,tea,salmon,pasta,apples,bananas,,,,,,,,,,,,,,
sugar,bread,olive oil,pasta,chicken,flour,eggs,,,,,,,,,,,,,
pasta,bananas,onions,,,,,,,,,,,,,,,,,
bananas,milk,sugar,yogurt,olive oil,onions,rice,,,,,,,,,,,,,
orange juice,sugar,coffee,,,,,,,,,,,,,,,,,
spinach,ground beef,flour,cereal,,,,,,,,,,,,,,,,
bread,tomatoes,milk,,,,,,,,,,,,,,,,,
coffee,ground beef,onions,,,,,,,,,,,,,,,,,
sugar,cereal,orange juice,onions,flour,bananas,chicken,,,,,,,,,,,,,
pasta,tea,,,,,,,,,,,,,,,,,,
chicken,potatoes,bananas,,,,,,,,,,,,,,,,,
pasta,eggs,bread,tomatoes,apples,chocolate,,,,,,,,,,,,,,
potatoes,onions,olive oil,ground beef,,,,,,,,,,,,,,,,
spinach,sugar,,,,,,,,,,,,,,,,,,
milk,eggs,,,,,,,,,,,,,,,,,,
pasta,rice,bread,salmon,eggs,,,,,,,,,,,,,,,
bread,yogurt,cheese,olive oil,butter,ground beef,coffee,chicken,,,,,,,,,,,,
coffee,cereal,butter,eggs,tomatoes,orange juice,tea,chocolate,,,,,,,,,,,,
ground beef,yogurt,onions,bananas,butter,rice,apples,,,,,,,,,,,,,
eggs,,,,,,,,,,,,,,,,,,,
butter,,,,,,,,,,,,,,,,,,,
onions,butter,orange juice,pasta,sugar,cheese,,,,,,,,,,,,,,
cheese,tea,ground beef,olive oil,,,,,,,,,,,,,,,,
potatoes,tomatoes,flour,sugar,salmon,,,,,,,,,,,,,,,
coffee,yogurt,cereal,tea,chicken,salmon,,,,,,,,,,,,,,
tomatoes,orange juice,coffee,cheese,,,,,,,,,,,,,,,,
rice,onions,cereal,butter,salmon,olive oil,,,,,,,,,,,,,,
chicken,,,,,,,,,,,,,,,,,,,
rice,butter,,,,,,,,,,,,,,,,,,
salmon,tea,sugar,,,,,,,,,,,,,,,,,
cereal,rice,pasta,chocolate,chicken,orange juice,bananas,tea,,,,,,,,,,,,
sugar,chocolate,eggs,milk,yogurt,bread,apples,olive oil,,,,,,,,,,,,
tomatoes,olive oil,rice,chocolate,,,,,,,,,,,,,,,,
tomatoes,coffee,sugar,,,,,,,,,,,,,,,,,
chocolate,cereal,,,,,,,,,,,,,,,,,,
sugar,rice,eggs,ground beef,spinach,milk,onions,,,,,,,,,,,,,
yogurt,orange juice,,,,,,,,,,,,,,,,,,
milk,tomatoes,bananas,bread,sugar,,,,,,,,,,,,,,,
cereal,yogurt,rice,cheese,milk,bananas,,,,,,,,,,,,,,
spinach,milk,eggs,butter,olive oil,rice,sugar,,,,,,,,,,,,,
cereal,olive oil,tomatoes,rice,bananas,apples,ground beef,bread,,,,,,,,,,,,
bread,coffee,pasta,,,,,,,,,,,,,,,,,
rice,yogurt,tomatoes,cereal,olive oil,spinach,,,,,,,,,,,,,,
onions,potatoes,,,,,,,,,,,,,,,,,,
coffee,cheese,tomatoes,rice,chicken,bananas,orange juice,,,,,,,,,,,,,
spinach,apples,milk,bananas,tomatoes,butter,eggs,,,,,,,,,,,,,
flour,chocolate,bread,pasta,tea,,,,,,,,,,,,,,,
chicken,cereal,rice,sugar,spinach,butter,,,,,,,,,,,,,,
orange juice,milk,eggs,,,,,,,,,,,,,,,,,
cheese,pasta,milk,ground beef,onions,salmon,tea,,,,,,,,,,,,,
bread,potatoes,tea,apples,cheese,salmon,,,,,,,,,,,,,,
onions,pasta,potatoes,milk,bananas,flour,cheese,,,,,,,,,,,,,
rice,bread,coffee,flour,,,,,,,,,,,,,,,,
olive oil,spinach,onions,bread,chocolate,salmon,,,,,,,,,,,,,,
ground beef,chicken,milk,,,,,,,,,,,,,,,,,
rice,tomatoes,milk,cheese,bananas,,,,,,,,,,,,,,,
rice,pasta,,,,,,,,,,,,,,,,,,
orange juice,coffee,,,,,,,,,,,,,,,,,,
apples,spinach,pasta,sugar,rice,salmon,cereal,,,,,,,,,,,,,
spinach,,,,,,,,,,,,,,,,,,,
chocolate,milk,yogurt,olive oil,rice,salmon,,,,,,,,,,,,,,
olive oil,spinach,apples,,,,,,,,,,,,,,,,,
onions,butter,cheese,coffee,sugar,bread,,,,,,,,,,,,,,
sugar,olive oil,salmon,bananas,chocolate,,,,,,,,,,,,,,,
onions,cereal,potatoes,olive oil,chicken,tomatoes,sugar,,,,,,,,,,,,,
ground beef,milk,spinach,cereal,olive oil,salmon,eggs,,,,,,,,,,,,,
olive oil,pasta,orange juice,tomatoes,cereal,butter,yogurt,,,,,,,,,,,,,
bread,flour,tea,pasta,,,,,,,,,,,,,,,,
bananas,,,,,,,,,,,,,,,,,,,
tea,coffee,chicken,onions,,,,,,,,,,,,,,,,
coffee,salmon,eggs,,,,,,,,,,,,,,,,,
milk,,,,,,,,,,,,,,,,,,,
tomatoes,eggs,bananas,,,,,,,,,,,,,,,,,
butter,,,,,,,,,,,,,,,,,,,
olive oil,potatoes,cheese,coffee,yogurt,bananas,chocolate,apples,,,,,,,,,,,,
yogurt,apples,flour,chicken,pasta,spinach,,,,,,,,,,,,,,
salmon,potatoes,chicken,,,,,,,,,,,,,,,,,
ground beef,milk,coffee,onions,orange juice,tea,spinach,sugar,,,,,,,,,,,,
butter,milk,,,,,,,,,,,,,,,,,,
cheese,chocolate,milk,potatoes,coffee,,,,,,,,,,,,,,,
orange juice,potatoes,cereal,,,,,,,,,,,,,,,,,
chicken,,,,,,,,,,,,,,,,,,,
potatoes,olive oil,pasta,flour,eggs,,,,,,,,,,,,,,,
ground beef,potatoes,bananas,butter,,,,,,,,,,,,,,,,
sugar,onions,pasta,spinach,apples,potatoes,,,,,,,,,,,,,,
cereal,tea,potatoes,chicken,eggs,spinach,sugar,bread,,,,,,,,,,,,
bread,onions,chicken,tea,butter,,,,,,,,,,,,,,,
ground beef,yogurt,,,,,,,,,,,,,,,,,,
bread,butter,chicken,salmon,,,,,,,,,,,,,,,,
butter,pasta,,,,,,,,,,,,,,,,,,
bread,,,,,,,,,,,,,,,,,,,
bananas,salmon,ground beef,rice,,,,,,,,,,,,,,,,
sugar,chicken,butter,,,,,,,,,,,,,,,,,
cheese,eggs,orange juice,onions,milk,chocolate,,,,,,,,,,,,,,
potatoes,apples,pasta,,,,,,,,,,,,,,,,,
tea,eggs,olive oil,,,,,,,,,,,,,,,,,
orange juice,,,,,,,,,,,,,,,,,,,
bread,coffee,cereal,apples,rice,cheese,,,,,,,,,,,,,,
apples,,,,,,,,,,,,,,,,,,,
chocolate,bread,pasta,butter,,,,,,,,,,,,,,,,
tea,chocolate,orange juice,,,,,,,,,,,,,,,,,
tomatoes,cereal,salmon,bread,,,,,,,,,,,,,,,,
cereal,tea,apples,pasta,bananas,,,,,,,,,,,,,,,
potatoes,tea,coffee,chicken,sugar,ground beef,,,,,,,,,,,,,,
chicken,tea,salmon,onions,,,,,,,,,,,,,,,,
tea,eggs,flour,onions,ground beef,,,,,,,,,,,,,,,
chocolate,orange juice,,,,,,,,,,,,,,,,,,
salmon,apples,ground beef,onions,bread,potatoes,olive oil,,,,,,,,,,,,,
rice,chocolate,,,,,,,,,,,,,,,,,,
coffee,cereal,salmon,bread,butter,,,,,,,,,,,,,,,
rice,sugar,,,,,,,,,,,,,,,,,,
yogurt,flour,coffee,apples,,,,,,,,,,,,,,,,
potatoes,olive oil,,,,,,,,,,,,,,,,,,
pasta,spinach,,,,,,,,,,,,,,,,,,
bread,,,,,,,,,,,,,,,,,,,
onions,salmon,yogurt,tomatoes,cheese,,,,,,,,,,,,,,,
eggs,,,,,,,,,,,,,,,,,,,
cheese,eggs,coffee,bananas,onions,chicken,sugar,olive oil,,,,,,,,,,,,
sugar,bread,tea,orange juice,coffee,cereal,milk,,,,,,,,,,,,,
coffee,potatoes,cereal,bread,butter,yogurt,pasta,,,,,,,,,,,,,
flour,bread,coffee,sugar,chocolate,milk,potatoes,tomatoes,,,,,,,,,,,,
yogurt,apples,chicken,chocolate,,,,,,,,,,,,,,,,
yogurt,ground beef,coffee,bread,tomatoes,,,,,,,,,,,,,,,
olive oil,,,,,,,,,,,,,,,,,,,
cheese,tomatoes,potatoes,spinach,orange juice,salmon,onions,bread,,,,,,,,,,,,
onions,bread,milk,butter,spinach,bananas,cereal,cheese,,,,,,,,,,,,
salmon,milk,onions,orange juice,potatoes,,,,,,,,,,,,,,,
tomatoes,chicken,,,,,,,,,,,,,,,,,,
ground beef,cereal,bread,yogurt,,,,,,,,,,,,,,,,
onions,potatoes,coffee,orange juice,cereal,ground beef,,,,,,,,,,,,,,
spinach,tea,,,,,,,,,,,,,,,,,,
orange juice,coffee,,,,,,,,,,,,,,,,,,
milk,tomatoes,salmon,bread,,,,,,,,,,,,,,,,
cheese,orange juice,coffee,yogurt,flour,bread,eggs,,,,,,,,,,,,,
orange juice,potatoes,apples,yogurt,salmon,eggs,spinach,,,,,,,,,,,,,
salmon,bananas,rice,eggs,coffee,potatoes,butter,chocolate,,,,,,,,,,,,
onions,milk,pasta,tea,rice,,,,,,,,,,,,,,,
cheese,ground beef,bananas,milk,,,,,,,,,,,,,,,,
spinach,tomatoes,apples,cereal,flour,chocolate,butter,,,,,,,,,,,,,
orange juice,,,,,,,,,,,,,,,,,,,
yogurt,butter,tomatoes,sugar,onions,rice,eggs,apples,,,,,,,,,,,,
eggs,chicken,rice,sugar,salmon,milk,potatoes,,,,,,,,,,,,,
spinach,chocolate,potatoes,,,,,,,,,,,,,,,,,
cereal,chocolate,chicken,,,,,,,,,,,,,,,,,
sugar,pasta,bread,yogurt,salmon,chicken,spinach,tea,,,,,,,,,,,,
cereal,salmon,pasta,bananas,ground beef,coffee,,,,,,,,,,,,,,
salmon,flour,sugar,orange juice,tea,,,,,,,,,,,,,,,
ground beef,eggs,milk,,,,,,,,,,,,,,,,,
cereal,chicken,sugar,tomatoes,olive oil,butter,potatoes,,,,,,,,,,,,,
flour,yogurt,spinach,tomatoes,,,,,,,,,,,,,,,,
salmon,spinach,,,,,,,,,,,,,,,,,,
cheese,potatoes,flour,apples,coffee,,,,,,,,,,,,,,,
eggs,coffee,bread,pasta,salmon,orange juice,ground beef,yogurt,,,,,,,,,,,,
spinach,butter,rice,bread,chicken,,,,,,,,,,,,,,,
sugar,flour,orange juice,cheese,butter,,,,,,,,,,,,,,,
spinach,salmon,chocolate,milk,,,,,,,,,,,,,,,,
tea,salmon,rice,olive oil,bananas,,,,,,,,,,,,,,,
ground beef,salmon,cheese,tomatoes,eggs,,,,,,,,,,,,,,,
onions,spinach,ground beef,butter,,,,,,,,,,,,,,,,
onions,potatoes,bananas,,,,,,,,,,,,,,,,,
olive oil,onions,cheese,spinach,apples,,,,,,,,,,,,,,,
eggs,bread,,,,,,,,,,,,,,,,,,
bananas,rice,cereal,orange juice,pasta,bread,salmon,sugar,,,,,,,,,,,,
spinach,coffee,salmon,milk,,,,,,,,,,,,,,,,
sugar,rice,yogurt,butter,tea,,,,,,,,,,,,,,,
apples,tea,rice,milk,spinach,onions,butter,cheese,,,,,,,,,,,,
tea,yogurt,flour,bread,salmon,butter,rice,coffee,,,,,,,,,,,,
rice,orange juice,yogurt,cheese,,,,,,,,,,,,,,,,
onions,pasta,,,,,,,,,,,,,,,,,,
ground beef,spinach,apples,orange juice,pasta,butter,onions,sugar,,,,,,,,,,,,
milk,chicken,orange juice,spinach,apples,sugar,ground beef,chocolate,,,,,,,,,,,,
apples,,,,,,,,,,,,,,,,,,,
spinach,cereal,,,,,,,,,,,,,,,,,,
pasta,eggs,,,,,,,,,,,,,,,,,,
milk,olive oil,coffee,potatoes,onions,bread,flour,,,,,,,,,,,,,
tea,potatoes,,,,,,,,,,,,,,,,,,
bread,onions,eggs,coffee,potatoes,milk,ground beef,,,,,,,,,,,,,
potatoes,butter,tomatoes,eggs,milk,yogurt,olive oil,tea,,,,,,,,,,,,
pasta,apples,cereal,bananas,,,,,,,,,,,,,,,,
olive oil,chocolate,orange juice,tea,cheese,potatoes,ground beef,,,,,,,,,,,,,
bananas,flour,tea,,,,,,,,,,,,,,,,,
apples,potatoes,orange juice,bananas,butter,yogurt,ground beef,tea,,,,,,,,,,,,
pasta,salmon,eggs,cereal,orange juice,,,,,,,,,,,,,,,
ground beef,cheese,bananas,rice,potatoes,bread,,,,,,,,,,,,,,
sugar,onions,potatoes,flour,,,,,,,,,,,,,,,,
butter,,,,,,,,,,,,,,,,,,,
milk,orange juice,,,,,,,,,,,,,,,,,,
yogurt,,,,,,,,,,,,,,,,,,,
cereal,spinach,pasta,chocolate,salmon,coffee,rice,,,,,,,,,,,,,
orange juice,,,,,,,,,,,,,,,,,,,
rice,chicken,,,,,,,,,,,,,,,,,,
onions,tea,butter,bread,eggs,bananas,potatoes,,,,,,,,,,,,,
sugar,apples,coffee,,,,,,,,,,,,,,,,,
tea,cheese,bananas,apples,salmon,sugar,coffee,chicken,,,,,,,,,,,,
sugar,spinach,,,,,,,,,,,,,,,,,,
potatoes,yogurt,salmon,chocolate,milk,ground beef,eggs,cheese,,,,,,,,,,,,
ground beef,olive oil,,,,,,,,,,,,,,,,,,
cereal,chocolate,potatoes,chicken,olive oil,eggs,,,,,,,,,,,,,,
bananas,cheese,,,,,,,,,,,,,,,,,,
pasta,tea,bananas,flour,chicken,,,,,,,,,,,,,,,
rice,coffee,tomatoes,sugar,,,,,,,,,,,,,,,,
sugar,milk,cereal,orange juice,,,,,,,,,,,,,,,,
spinach,sugar,salmon,,,,,,,,,,,,,,,,,
orange juice,coffee,,,,,,,,,,,,,,,,,,
eggs,butter,,,,,,,,,,,,,,,,,,
bread,ground beef,yogurt,,,,,,,,,,,,,,,,,
sugar,rice,,,,,,,,,,,,,,,,,,
ground beef,coffee,tomatoes,tea,apples,sugar,,,,,,,,,,,,,,
tea,spinach,pasta,cereal,,,,,,,,,,,,,,,,
pasta,tomatoes,eggs,spinach,salmon,cheese,chocolate,sugar,,,,,,,,,,,,
tomatoes,ground beef,pasta,salmon,eggs,cereal,spinach,coffee,,,,,,,,,,,,
ground beef,yogurt,cheese,orange juice,flour,,,,,,,,,,,,,,,
onions,potatoes,,,,,,,,,,,,,,,,,,
potatoes,chocolate,butter,bread,orange juice,onions,flour,,,,,,,,,,,,,
flour,chicken,sugar,tomatoes,,,,,,,,,,,,,,,,
pasta,,,,,,,,,,,,,,,,,,,
ground beef,olive oil,rice,yogurt,cereal,coffee,potatoes,,,,,,,,,,,,,
orange juice,onions,,,,,,,,,,,,,,,,,,
potatoes,tomatoes,chicken,sugar,ground beef,salmon,pasta,coffee,,,,,,,,,,,,
onions,,,,,,,,,,,,,,,,,,,
eggs,,,,,,,,,,,,,,,,,,,
salmon,milk,apples,,,,,,,,,,,,,,,,,
bananas,orange juice,cereal,milk,,,,,,,,,,,,,,,,
salmon,apples,potatoes,bread,,,,,,,,,,,,,,,,
cereal,,,,,,,,,,,,,,,,,,,
rice,milk,spinach,cheese,ground beef,eggs,bread,,,,,,,,,,,,,
eggs,onions,tea,yogurt,milk,chicken,orange juice,bread,,,,,,,,,,,,
potatoes,tomatoes,eggs,rice,cereal,chicken,,,,,,,,,,,,,,
bread,pasta,cheese,potatoes,,,,,,,,,,,,,,,,
orange juice,eggs,pasta,cereal,chicken,tomatoes,chocolate,,,,,,,,,,,,,
cheese,,,,,,,,,,,,,,,,,,,
coffee,bananas,olive oil,sugar,milk,bread,flour,rice,,,,,,,,,,,,
sugar,salmon,milk,potatoes,,,,,,,,,,,,,,,,
onions,butter,bread,orange juice,ground beef,olive oil,apples,potatoes,,,,,,,,,,,,
apples,potatoes,salmon,tea,olive oil,,,,,,,,,,,,,,,
pasta,,,,,,,,,,,,,,,,,,,
pasta,cheese,,,,,,,,,,,,,,,,,,
bread,ground beef,chocolate,cheese,onions,pasta,tea,,,,,,,,,,,,,
sugar,tomatoes,tea,flour,chicken,,,,,,,,,,,,,,,
chicken,milk,rice,flour,cheese,,,,,,,,,,,,,,,
coffee,,,,,,,,,,,,,,,,,,,
rice,,,,,,,,,,,,,,,,,,,
tomatoes,,,,,,,,,,,,,,,,,,,
chocolate,apples,bananas,milk,,,,,,,,,,,,,,,,
onions,coffee,,,,,,,,,,,,,,,,,,
spinach,chicken,sugar,ground beef,cereal,potatoes,pasta,rice,,,,,,,,,,,,
apples,pasta,onions,bananas,potatoes,tea,,,,,,,,,,,,,,
eggs,onions,chicken,pasta,bread,butter,spinach,tomatoes,,,,,,,,,,,,
coffee,apples,,,,,,,,,,,,,,,,,,
spinach,chocolate,,,,,,,,,,,,,,,,,,
orange juice,,,,,,,,,,,,,,,,,,,
eggs,sugar,onions,olive oil,apples,cheese,,,,,,,,,,,,,,
coffee,sugar,butter,chocolate,onions,apples,,,,,,,,,,,,,,
sugar,potatoes,salmon,,,,,,,,,,,,,,,,,
potatoes,tea,eggs,apples,milk,,,,,,,,,,,,,,,
butter,,,,,,,,,,,,,,,,,,,
eggs,bananas,pasta,potatoes,cheese,,,,,,,,,,,,,,,
coffee,tea,tomatoes,spinach,onions,,,,,,,,,,,,,,,
cereal,spinach,eggs,,,,,,,,,,,,,,,,,
apples,milk,butter,chicken,,,,,,,,,,,,,,,,
onions,coffee,flour,,,,,,,,,,,,,,,,,
salmon,orange juice,,,,,,,,,,,,,,,,,,
flour,chocolate,spinach,bananas,eggs,olive oil,,,,,,,,,,,,,,
onions,butter,cheese,bread,apples,cereal,flour,,,,,,,,,,,,,
olive oil,sugar,bananas,cereal,potatoes,chocolate,,,,,,,,,,,,,,
rice,olive oil,butter,milk,coffee,flour,ground beef,orange juice,,,,,,,,,,,,
pasta,cereal,,,,,,,,,,,,,,,,,,
yogurt,spinach,apples,chicken,butter,bananas,rice,milk,,,,,,,,,,,,
apples,,,,,,,,,,,,,,,,,,,
coffee,cheese,apples,milk,tea,,,,,,,,,,,,,,,
cereal,,,,,,,,,,,,,,,,,,,
rice,tomatoes,,,,,,,,,,,,,,,,,,
tea,onions,,,,,,,,,,,,,,,,,,
butter,rice,,,,,,,,,,,,,,,,,,
cheese,olive oil,bananas,,,,,,,,,,,,,,,,,
pasta,sugar,spinach,,,,,,,,,,,,,,,,,
onions,orange juice,tomatoes,,,,,,,,,,,,,,,,,
eggs,tomatoes,,,,,,,,,,,,,,,,,,
milk,chocolate,yogurt,rice,bread,cereal,butter,,,,,,,,,,,,,
bananas,rice,coffee,apples,,,,,,,,,,,,,,,,
chicken,onions,bananas,coffee,sugar,tomatoes,,,,,,,,,,,,,,
potatoes,tea,olive oil,flour,ground beef,eggs,butter,,,,,,,,,,,,,
flour,butter,,,,,,,,,,,,,,,,,,
bread,potatoes,apples,,,,,,,,,,,,,,,,,
tea,,,,,,,,,,,,,,,,,,,
butter,sugar,,,,,,,,,,,,,,,,,,
eggs,onions,potatoes,olive oil,milk,,,,,,,,,,,,,,,
chocolate,coffee,sugar,yogurt,butter,rice,,,,,,,,,,,,,,
tomatoes,,,,,,,,,,,,,,,,,,,
olive oil,cheese,onions,potatoes,eggs,cereal,coffee,flour,,,,,,,,,,,,
bread,salmon,apples,butter,,,,,,,,,,,,,,,,
tea,onions,olive oil,chicken,pasta,apples,,,,,,,,,,,,,,
ground beef,pasta,coffee,,,,,,,,,,,,,,,,,
rice,ground beef,cheese,,,,,,,,,,,,,,,,,
eggs,salmon,bananas,rice,,,,,,,,,,,,,,,,
sugar,eggs,coffee,salmon,,,,,,,,,,,,,,,,
sugar,flour,milk,salmon,cheese,,,,,,,,,,,,,,,
sugar,rice,tomatoes,apples,bananas,,,,,,,,,,,,,,,
pasta,orange juice,cheese,eggs,apples,olive oil,onions,salmon,,,,,,,,,,,,
sugar,,,,,,,,,,,,,,,,,,,
chocolate,eggs,butter,pasta,bananas,,,,,,,,,,,,,,,
potatoes,cheese,onions,,,,,,,,,,,,,,,,,
tea,,,,,,,,,,,,,,,,,,,
flour,chicken,cheese,yogurt,sugar,orange juice,spinach,,,,,,,,,,,,,
ground beef,sugar,flour,,,,,,,,,,,,,,,,,
potatoes,pasta,,,,,,,,,,,,,,,,,,
potatoes,chocolate,pasta,,,,,,,,,,,,,,,,,
eggs,flour,coffee,,,,,,,,,,,,,,,,,
potatoes,,,,,,,,,,,,,,,,,,,
milk,sugar,pasta,,,,,,,,,,,,,,,,,
potatoes,,,,,,,,,,,,,,,,,,,
butter,,,,,,,,,,,,,,,,,,,
sugar,,,,,,,,,,,,,,,,,,,
tomatoes,olive oil,butter,milk,rice,cheese,,,,,,,,,,,,,,
olive oil,cereal,tomatoes,salmon,eggs,apples,,,,,,,,,,,,,,
potatoes,cheese,flour,chocolate,tea,yogurt,,,,,,,,,,,,,,
potatoes,,,,,,,,,,,,,,,,,,,
chocolate,salmon,cereal,tomatoes,,,,,,,,,,,,,,,,
pasta,potatoes,rice,tomatoes,bread,coffee,,,,,,,,,,,,,,
spinach,bread,sugar,,,,,,,,,,,,,,,,,
sugar,,,,,,,,,,,,,,,,,,,
cheese,olive oil,milk,salmon,tomatoes,yogurt,chicken,,,,,,,,,,,,,
cereal,coffee,chicken,cheese,,,,,,,,,,,,,,,,
yogurt,,,,,,,,,,,,,,,,,,,
onions,,,,,,,,,,,,,,,,,,,
salmon,orange juice,spinach,cheese,chocolate,sugar,ground beef,,,,,,,,,,,,,
ground beef,chicken,coffee,bread,orange juice,,,,,,,,,,,,,,,
onions,,,,,,,,,,,,,,,,,,,
orange juice,rice,yogurt,onions,potatoes,bread,eggs,,,,,,,,,,,,,
milk,tea,chicken,yogurt,coffee,cereal,,,,,,,,,,,,,,
rice,,,,,,,,,,,,,,,,,,,
chocolate,eggs,tea,bananas,chicken,milk,,,,,,,,,,,,,,
cereal,chicken,bread,olive oil,sugar,pasta,apples,ground beef,,,,,,,,,,,,
rice,apples,sugar,eggs,cheese,bananas,olive oil,,,,,,,,,,,,,
flour,chicken,sugar,olive oil,potatoes,yogurt,,,,,,,,,,,,,,
pasta,tomatoes,ground beef,flour,chicken,cereal,rice,,,,,,,,,,,,,
cereal,cheese,orange juice,onions,flour,,,,,,,,,,,,,,,
chocolate,yogurt,butter,pasta,coffee,potatoes,,,,,,,,,,,,,,
flour,cheese,coffee,butter,,,,,,,,,,,,,,,,
salmon,bananas,chicken,chocolate,sugar,tea,orange juice,coffee,,,,,,,,,,,,
chicken,cheese,yogurt,onions,tomatoes,spinach,apples,chocolate,,,,,,,,,,,,
potatoes,ground beef,chocolate,,,,,,,,,,,,,,,,,
cheese,tomatoes,chicken,,,,,,,,,,,,,,,,,
cheese,onions,,,,,,,,,,,,,,,,,,
coffee,eggs,flour,rice,sugar,olive oil,chocolate,,,,,,,,,,,,,
flour,cheese,tomatoes,pasta,rice,tea,butter,onions,,,,,,,,,,,,
chocolate,bread,cheese,olive oil,,,,,,,,,,,,,,,,
bananas,orange juice,tea,chicken,salmon,tomatoes,yogurt,flour,,,,,,,,,,,,
potatoes,milk,olive oil,salmon,,,,,,,,,,,,,,,,
yogurt,,,,,,,,,,,,,,,,,,,
apples,coffee,milk,eggs,sugar,rice,tomatoes,,,,,,,,,,,,,
ground beef,butter,,,,,,,,,,,,,,,,,,
bread,sugar,coffee,olive oil,butter,cheese,onions,,,,,,,,,,,,,
orange juice,tomatoes,flour,salmon,bananas,,,,,,,,,,,,,,,
yogurt,cheese,pasta,salmon,flour,milk,,,,,,,,,,,,,,
butter,bread,,,,,,,,,,,,,,,,,,
olive oil,apples,tomatoes,flour,milk,cereal,chicken,,,,,,,,,,,,,
milk,orange juice,pasta,salmon,potatoes,bananas,,,,,,,,,,,,,,
bread,cereal,,,,,,,,,,,,,,,,,,
onions,ground beef,tea,,,,,,,,,,,,,,,,,
olive oil,,,,,,,,,,,,,,,,,,,
spinach,ground beef,rice,orange juice,apples,coffee,flour,pasta,,,,,,,,,,,,
spinach,rice,chocolate,tea,,,,,,,,,,,,,,,,
eggs,onions,orange juice,ground beef,bread,tea,cereal,,,,,,,,,,,,,
chicken,onions,butter,,,,,,,,,,,,,,,,,
flour,chicken,coffee,bread,apples,,,,,,,,,,,,,,,
onions,chicken,coffee,eggs,bread,spinach,,,,,,,,,,,,,,
spinach,milk,bananas,olive oil,sugar,rice,pasta,cheese,,,,,,,,,,,,
tomatoes,onions,milk,cereal,ground beef,potatoes,chocolate,,,,,,,,,,,,,
flour,butter,cereal,yogurt,coffee,bananas,,,,,,,,,,,,,,
butter,,,,,,,,,,,,,,,,,,,
milk,butter,spinach,tomatoes,olive oil,ground beef,coffee,apples,,,,,,,,,,,,
cereal,yogurt,chicken,tea,eggs,orange juice,olive oil,,,,,,,,,,,,,
salmon,milk,bread,onions,tomatoes,orange juice,cereal,chocolate,,,,,,,,,,,,
eggs,,,,,,,,,,,,,,,,,,,
chicken,bread,,,,,,,,,,,,,,,,,,
orange juice,butter,,,,,,,,,,,,,,,,,,
chocolate,cereal,bananas,olive oil,,,,,,,,,,,,,,,,
spinach,,,,,,,,,,,,,,,,,,,
cheese,eggs,,,,,,,,,,,,,,,,,,
coffee,cheese,,,,,,,,,,,,,,,,,,
bread,chicken,salmon,,,,,,,,,,,,,,,,,
tomatoes,onions,milk,bananas,flour,apples,salmon,butter,,,,,,,,,,,,
apples,onions,,,,,,,,,,,,,,,,,,
yogurt,pasta,,,,,,,,,,,,,,,,,,
flour,eggs,milk,chicken,,,,,,,,,,,,,,,,
salmon,butter,bananas,rice,apples,spinach,orange juice,,,,,,,,,,,,,
bread,eggs,sugar,,,,,,,,,,,,,,,,,
ground beef,rice,potatoes,,,,,,,,,,,,,,,,,
ground beef,cheese,salmon,olive oil,cereal,chocolate,tomatoes,,,,,,,,,,,,,
cereal,rice,flour,ground beef,olive oil,spinach,cheese,,,,,,,,,,,,,
tea,,,,,,,,,,,,,,,,,,,
bananas,,,,,,,,,,,,,,,,,,,
rice,apples,bananas,ground beef,tea,,,,,,,,,,,,,,,
bread,,,,,,,,,,,,,,,,,,,
coffee,eggs,,,,,,,,,,,,,,,,,,
coffee,butter,,,,,,,,,,,,,,,,,,
butter,onions,pasta,orange juice,yogurt,tomatoes,,,,,,,,,,,,,,
cereal,pasta,eggs,rice,orange juice,salmon,spinach,ground beef,,,,,,,,,,,,
chocolate,coffee,potatoes,salmon,apples,rice,pasta,,,,,,,,,,,,,
chicken,butter,cheese,ground beef,apples,salmon,,,,,,,,,,,,,,
cheese,bread,coffee,salmon,yogurt,rice,,,,,,,,,,,,,,
tea,,,,,,,,,,,,,,,,,,,
chocolate,,,,,,,,,,,,,,,,,,,
flour,spinach,ground beef,milk,rice,,,,,,,,,,,,,,,
olive oil,milk,,,,,,,,,,,,,,,,,,
milk,pasta,rice,bananas,chocolate,orange juice,salmon,tomatoes,,,,,,,,,,,,
tea,coffee,salmon,,,,,,,,,,,,,,,,,
bread,rice,tea,coffee,,,,,,,,,,,,,,,,
salmon,milk,orange juice,cheese,bread,eggs,spinach,,,,,,,,,,,,,
butter,,,,,,,,,,,,,,,,,,,
cereal,chicken,pasta,orange juice,bread,,,,,,,,,,,,,,,
tea,coffee,rice,olive oil,yogurt,,,,,,,,,,,,,,,
flour,coffee,orange juice,pasta,tomatoes,,,,,,,,,,,,,,,
rice,bananas,ground beef,onions,milk,,,,,,,,,,,,,,,
tea,,,,,,,,,,,,,,,,,,,
sugar,coffee,potatoes,butter,bananas,spinach,apples,,,,,,,,,,,,,
apples,milk,butter,chocolate,,,,,,,,,,,,,,,,
yogurt,apples,olive oil,rice,eggs,bread,spinach,,,,,,,,,,,,,
cheese,coffee,butter,tomatoes,salmon,bread,spinach,eggs,,,,,,,,,,,,
coffee,milk,,,,,,,,,,,,,,,,,,
potatoes,spinach,flour,apples,,,,,,,,,,,,,,,,
sugar,onions,,,,,,,,,,,,,,,,,,
orange juice,cheese,pasta,,,,,,,,,,,,,,,,,
cheese,pasta,bananas,tea,yogurt,butter,cereal,,,,,,,,,,,,,
onions,ground beef,spinach,butter,,,,,,,,,,,,,,,,
orange juice,eggs,,,,,,,,,,,,,,,,,,
eggs,ground beef,potatoes,,,,,,,,,,,,,,,,,
onions,pasta,bananas,,,,,,,,,,,,,,,,,
rice,ground beef,tea,,,,,,,,,,,,,,,,,
tomatoes,sugar,pasta,bread,cereal,butter,flour,,,,,,,,,,,,,
rice,sugar,potatoes,,,,,,,,,,,,,,,,,
chicken,pasta,bread,potatoes,cereal,salmon,yogurt,chocolate,,,,,,,,,,,,
potatoes,ground beef,tomatoes,,,,,,,,,,,,,,,,,
ground beef,yogurt,salmon,onions,olive oil,potatoes,chicken,,,,,,,,,,,,,
eggs,olive oil,flour,milk,tea,pasta,tomatoes,,,,,,,,,,,,,
yogurt,,,,,,,,,,,,,,,,,,,
tea,cereal,orange juice,,,,,,,,,,,,,,,,,
bananas,yogurt,tea,butter,onions,cheese,,,,,,,,,,,,,,
milk,orange juice,butter,,,,,,,,,,,,,,,,,
tea,milk,pasta,rice,,,,,,,,,,,,,,,,
butter,onions,orange juice,,,,,,,,,,,,,,,,,
coffee,spinach,,,,,,,,,,,,,,,,,,
sugar,milk,butter,tomatoes,flour,,,,,,,,,,,,,,,
yogurt,,,,,,,,,,,,,,,,,,,
pasta,sugar,,,,,,,,,,,,,,,,,,
pasta,cheese,chocolate,chicken,rice,apples,,,,,,,,,,,,,,
tomatoes,salmon,cereal,tea,pasta,bread,eggs,,,,,,,,,,,,,
bread,,,,,,,,,,,,,,,,,,,
pasta,potatoes,tomatoes,,,,,,,,,,,,,,,,,
apples,milk,tea,yogurt,,,,,,,,,,,,,,,,
orange juice,,,,,,,,,,,,,,,,,,,
butter,,,,,,,,,,,,,,,,,,,
pasta,apples,ground beef,flour,coffee,eggs,chicken,butter,,,,,,,,,,,,
spinach,,,,,,,,,,,,,,,,,,,
salmon,butter,cheese,,,,,,,,,,,,,,,,,
bananas,rice,yogurt,,,,,,,,,,,,,,,,,
orange juice,spinach,olive oil,tea,,,,,,,,,,,,,,,,
onions,cheese,olive oil,,,,,,,,,,,,,,,,,
pasta,potatoes,cheese,coffee,chicken,,,,,,,,,,,,,,,
bread,orange juice,,,,,,,,,,,,,,,,,,
tea,tomatoes,,,,,,,,,,,,,,,,,,
salmon,yogurt,bread,coffee,potatoes,onions,chocolate,flour,,,,,,,,,,,,
chicken,,,,,,,,,,,,,,,,,,,
bananas,,,,,,,,,,,,,,,,,,,
cereal,,,,,,,,,,,,,,,,,,,
chocolate,pasta,spinach,orange juice,apples,sugar,,,,,,,,,,,,,,
bread,eggs,,,,,,,,,,,,,,,,,,
rice,bread,chicken,,,,,,,,,,,,,,,,,
flour,orange juice,,,,,,,,,,,,,,,,,,
yogurt,flour,coffee,,,,,,,,,,,,,,,,,
cereal,,,,,,,,,,,,,,,,,,,
milk,butter,yogurt,,,,,,,,,,,,,,,,,
onions,pasta,flour,bananas,potatoes,yogurt,coffee,,,,,,,,,,,,,
pasta,yogurt,,,,,,,,,,,,,,,,,,
tea,orange juice,yogurt,cheese,rice,eggs,apples,,,,,,,,,,,,,
apples,pasta,onions,spinach,bread,,,,,,,,,,,,,,,
apples,rice,yogurt,spinach,flour,pasta,,,,,,,,,,,,,,
coffee,bread,rice,olive oil,,,,,,,,,,,,,,,,
bread,butter,coffee,pasta,apples,orange juice,spinach,,,,,,,,,,,,,
milk,potatoes,cereal,,,,,,,,,,,,,,,,,
potatoes,bread,,,,,,,,,,,,,,,,,,
bread,milk,ground beef,,,,,,,,,,,,,,,,,
chocolate,cereal,ground beef,tea,onions,,,,,,,,,,,,,,,
eggs,yogurt,cheese,butter,,,,,,,,,,,,,,,,
orange juice,apples,chocolate,tea,cheese,potatoes,milk,sugar,,,,,,,,,,,,
eggs,,,,,,,,,,,,,,,,,,,
pasta,,,,,,,,,,,,,,,,,,,
apples,,,,,,,,,,,,,,,,,,,
onions,tomatoes,eggs,tea,chocolate,,,,,,,,,,,,,,,
coffee,sugar,milk,onions,bread,eggs,apples,bananas,,,,,,,,,,,,
ground beef,chicken,spinach,,,,,,,,,,,,,,,,,
coffee,flour,,,,,,,,,,,,,,,,,,
spinach,eggs,orange juice,tea,ground beef,,,,,,,,,,,,,,,
bread,cereal,onions,pasta,tea,apples,,,,,,,,,,,,,,
rice,onions,tomatoes,ground beef,orange juice,chocolate,sugar,,,,,,,,,,,,,
cereal,butter,chocolate,olive oil,chicken,orange juice,salmon,,,,,,,,,,,,,
olive oil,orange juice,sugar,bread,chocolate,eggs,cereal,bananas,,,,,,,,,,,,
chicken,cheese,salmon,tea,bananas,spinach,chocolate,tomatoes,,,,,,,,,,,,
cheese,rice,butter,,,,,,,,,,,,,,,,,
eggs,yogurt,olive oil,orange juice,apples,chocolate,pasta,,,,,,,,,,,,,
olive oil,rice,butter,chicken,,,,,,,,,,,,,,,,
chicken,,,,,,,,,,,,,,,,,,,
potatoes,milk,yogurt,,,,,,,,,,,,,,,,,
flour,spinach,butter,sugar,milk,ground beef,,,,,,,,,,,,,,
coffee,bread,butter,yogurt,,,,,,,,,,,,,,,,
bread,chocolate,salmon,olive oil,,,,,,,,,,,,,,,,
milk,flour,tomatoes,,,,,,,,,,,,,,,,,
tea,ground beef,,,,,,,,,,,,,,,,,,
rice,onions,potatoes,orange juice,milk,spinach,bananas,cheese,,,,,,,,,,,,
sugar,pasta,apples,cereal,,,,,,,,,,,,,,,,
chicken,orange juice,tomatoes,spinach,bananas,yogurt,olive oil,,,,,,,,,,,,,
sugar,cheese,tomatoes,orange juice,bananas,butter,,,,,,,,,,,,,,
milk,butter,,,,,,,,,,,,,,,,,,
spinach,sugar,olive oil,,,,,,,,,,,,,,,,,
potatoes,butter,olive oil,tomatoes,tea,chocolate,apples,bananas,,,,,,,,,,,,
bread,coffee,potatoes,butter,,,,,,,,,,,,,,,,
bananas,,,,,,,,,,,,,,,,,,,
rice,yogurt,pasta,tea,cereal,chocolate,,,,,,,,,,,,,,
orange juice,chicken,eggs,cheese,pasta,flour,,,,,,,,,,,,,,
yogurt,onions,cereal,pasta,salmon,rice,,,,,,,,,,,,,,
apples,olive oil,spinach,chicken,,,,,,,,,,,,,,,,
potatoes,sugar,rice,tomatoes,olive oil,,,,,,,,,,,,,,,
tomatoes,cheese,chicken,olive oil,ground beef,,,,,,,,,,,,,,,
eggs,chocolate,bananas,milk,yogurt,,,,,,,,,,,,,,,
sugar,butter,coffee,pasta,rice,tomatoes,,,,,,,,,,,,,,
flour,coffee,chocolate,ground beef,,,,,,,,,,,,,,,,
bananas,,,,,,,,,,,,,,,,,,,
orange juice,apples,cheese,spinach,salmon,,,,,,,,,,,,,,,
cereal,orange juice,,,,,,,,,,,,,,,,,,
cereal,tea,bread,sugar,,,,,,,,,,,,,,,,
flour,milk,onions,cereal,orange juice,spinach,eggs,,,,,,,,,,,,,
bananas,ground beef,cheese,olive oil,tea,milk,chicken,salmon,,,,,,,,,,,,
olive oil,potatoes,onions,pasta,chicken,bananas,bread,tea,,,,,,,,,,,,
onions,butter,tea,cheese,ground beef,chocolate,chicken,yogurt,,,,,,,,,,,,
flour,olive oil,onions,cheese,bananas,,,,,,,,,,,,,,,
ground beef,olive oil,milk,orange juice,salmon,tea,tomatoes,,,,,,,,,,,,,
onions,sugar,potatoes,bread,,,,,,,,,,,,,,,,
orange juice,salmon,milk,cereal,pasta,butter,,,,,,,,,,,,,,
orange juice,,,,,,,,,,,,,,,,,,,
eggs,,,,,,,,,,,,,,,,,,,
chocolate,,,,,,,,,,,,,,,,,,,
apples,sugar,eggs,olive oil,potatoes,,,,,,,,,,,,,,,
tea,,,,,,,,,,,,,,,,,,,
olive oil,apples,bread,pasta,spinach,cheese,,,,,,,,,,,,,,
butter,eggs,cheese,pasta,tomatoes,,,,,,,,,,,,,,,
tea,,,,,,,,,,,,,,,,,,,
apples,sugar,bananas,bread,yogurt,olive oil,,,,,,,,,,,,,,
chicken,olive oil,orange juice,ground beef,butter,tea,,,,,,,,,,,,,,
salmon,cereal,sugar,pasta,,,,,,,,,,,,,,,,
bananas,eggs,orange juice,potatoes,cheese,salmon,ground beef,onions,,,,,,,,,,,,
tomatoes,cheese,coffee,,,,,,,,,,,,,,,,,
salmon,yogurt,milk,chocolate,potatoes,tomatoes,,,,,,,,,,,,,,
yogurt,olive oil,,,,,,,,,,,,,,,,,,
apples,cheese,chicken,flour,milk,sugar,tea,,,,,,,,,,,,,
flour,apples,yogurt,bananas,onions,spinach,ground beef,potatoes,,,,,,,,,,,,
apples,potatoes,spinach,,,,,,,,,,,,,,,,,
salmon,onions,,,,,,,,,,,,,,,,,,
bananas,,,,,,,,,,,,,,,,,,,
yogurt,milk,butter,chicken,,,,,,,,,,,,,,,,
sugar,pasta,ground beef,spinach,butter,flour,tea,,,,,,,,,,,,,
chicken,cheese,bread,,,,,,,,,,,,,,,,,
cereal,,,,,,,,,,,,,,,,,,,
milk,chocolate,eggs,apples,flour,,,,,,,,,,,,,,,
yogurt,cereal,bananas,eggs,ground beef,salmon,milk,,,,,,,,,,,,,
onions,ground beef,pasta,chicken,sugar,apples,eggs,,,,,,,,,,,,,
onions,spinach,eggs,pasta,butter,coffee,bread,,,,,,,,,,,,,
chicken,potatoes,bananas,,,,,,,,,,,,,,,,,
coffee,tea,apples,onions,bread,bananas,tomatoes,,,,,,,,,,,,,
cereal,milk,,,,,,,,,,,,,,,,,,
sugar,rice,pasta,milk,ground beef,onions,coffee,,,,,,,,,,,,,
sugar,yogurt,milk,salmon,tea,butter,,,,,,,,,,,,,,
milk,rice,sugar,butter,ground beef,,,,,,,,,,,,,,,
cheese,apples,,,,,,,,,,,,,,,,,,
butter,pasta,bananas,olive oil,rice,,,,,,,,,,,,,,,
tomatoes,yogurt,orange juice,cheese,rice,olive oil,chocolate,apples,,,,,,,,,,,,
pasta,bananas,apples,,,,,,,,,,,,,,,,,
bread,orange juice,pasta,sugar,tea,ground beef,coffee,eggs,,,,,,,,,,,,
olive oil,sugar,,,,,,,,,,,,,,,,,,
potatoes,olive oil,apples,pasta,salmon,cereal,eggs,,,,,,,,,,,,,
chocolate,,,,,,,,,,,,,,,,,,,
chicken,potatoes,onions,apples,bananas,coffee,,,,,,,,,,,,,,
pasta,ground beef,chicken,yogurt,chocolate,cereal,flour,,,,,,,,,,,,,
bread,spinach,sugar,olive oil,,,,,,,,,,,,,,,,
spinach,chicken,bananas,cheese,,,,,,,,,,,,,,,,
milk,tomatoes,,,,,,,,,,,,,,,,,,
olive oil,cheese,bread,chocolate,rice,milk,cereal,coffee,,,,,,,,,,,,
chocolate,milk,,,,,,,,,,,,,,,,,,
coffee,tea,potatoes,,,,,,,,,,,,,,,,,
tomatoes,onions,bananas,spinach,,,,,,,,,,,,,,,,
olive oil,chicken,rice,chocolate,flour,cheese,salmon,,,,,,,,,,,,,
orange juice,bread,bananas,onions,butter,,,,,,,,,,,,,,,
rice,milk,pasta,eggs,cereal,tea,sugar,cheese,,,,,,,,,,,,
cereal,chocolate,olive oil,chicken,,,,,,,,,,,,,,,,
cheese,rice,orange juice,cereal,apples,,,,,,,,,,,,,,,
flour,yogurt,olive oil,potatoes,butter,chocolate,sugar,rice,,,,,,,,,,,,
tea,apples,tomatoes,chocolate,bananas,,,,,,,,,,,,,,,
coffee,olive oil,salmon,tomatoes,apples,onions,,,,,,,,,,,,,,
cheese,rice,,,,,,,,,,,,,,,,,,
chicken,flour,cheese,spinach,,,,,,,,,,,,,,,,
pasta,bread,apples,sugar,potatoes,chocolate,salmon,,,,,,,,,,,,,
olive oil,tea,chocolate,,,,,,,,,,,,,,,,,
coffee,chocolate,tomatoes,bread,spinach,apples,pasta,,,,,,,,,,,,,
cheese,,,,,,,,,,,,,,,,,,,
spinach,potatoes,,,,,,,,,,,,,,,,,,
flour,coffee,yogurt,,,,,,,,,,,,,,,,,
flour,tea,potatoes,ground beef,,,,,,,,,,,,,,,,
tea,tomatoes,eggs,butter,chocolate,,,,,,,,,,,,,,,
cheese,yogurt,sugar,ground beef,rice,milk,,,,,,,,,,,,,,
bread,orange juice,ground beef,coffee,spinach,olive oil,,,,,,,,,,,,,,
orange juice,,,,,,,,,,,,,,,,,,,
chocolate,,,,,,,,,,,,,,,,,,,
apples,,,,,,,,,,,,,,,,,,,
spinach,coffee,cheese,olive oil,,,,,,,,,,,,,,,,
olive oil,onions,bananas,,,,,,,,,,,,,,,,,
yogurt,rice,potatoes,chicken,butter,sugar,,,,,,,,,,,,,,
olive oil,pasta,sugar,cheese,bread,,,,,,,,,,,,,,,
flour,yogurt,,,,,,,,,,,,,,,,,,
orange juice,eggs,,,,,,,,,,,,,,,,,,
pasta,,,,,,,,,,,,,,,,,,,
spinach,chicken,orange juice,,,,,,,,,,,,,,,,,
cheese,bread,spinach,,,,,,,,,,,,,,,,,
eggs,cereal,bread,yogurt,chicken,,,,,,,,,,,,,,,
onions,eggs,,,,,,,,,,,,,,,,,,
cheese,chocolate,salmon,chicken,,,,,,,,,,,,,,,,
coffee,rice,chocolate,chicken,bananas,cheese,,,,,,,,,,,,,,
flour,,,,,,,,,,,,,,,,,,,
sugar,,,,,,,,,,,,,,,,,,,
olive oil,apples,flour,bread,,,,,,,,,,,,,,,,
butter,olive oil,ground beef,tea,,,,,,,,,,,,,,,,
rice,sugar,,,,,,,,,,,,,,,,,,
milk,orange juice,salmon,potatoes,onions,spinach,,,,,,,,,,,,,,
rice,sugar,chocolate,spinach,orange juice,bananas,milk,,,,,,,,,,,,,
potatoes,tomatoes,cereal,bananas,chocolate,salmon,,,,,,,,,,,,,,
sugar,bread,spinach,potatoes,flour,tea,,,,,,,,,,,,,,
apples,chocolate,chicken,ground beef,butter,,,,,,,,,,,,,,,
tea,cereal,milk,onions,orange juice,tomatoes,,,,,,,,,,,,,,
olive oil,flour,,,,,,,,,,,,,,,,,,
milk,pasta,sugar,chocolate,flour,spinach,butter,potatoes,,,,,,,,,,,,
flour,onions,bread,spinach,,,,,,,,,,,,,,,,
potatoes,salmon,ground beef,tomatoes,cheese,yogurt,butter,,,,,,,,,,,,,
cereal,,,,,,,,,,,,,,,,,,,
cereal,rice,onions,bananas,tea,,,,,,,,,,,,,,,
chicken,orange juice,,,,,,,,,,,,,,,,,,
chicken,sugar,spinach,chocolate,salmon,coffee,onions,,,,,,,,,,,,,
cheese,orange juice,yogurt,bananas,onions,,,,,,,,,,,,,,,
tomatoes,cereal,bananas,olive oil,ground beef,milk,rice,,,,,,,,,,,,,
potatoes,spinach,bread,apples,yogurt,olive oil,rice,,,,,,,,,,,,,
cheese,,,,,,,,,,,,,,,,,,,
orange juice,yogurt,potatoes,apples,chocolate,,,,,,,,,,,,,,,
olive oil,sugar,bananas,tea,,,,,,,,,,,,,,,,
sugar,cheese,salmon,olive oil,tea,milk,flour,,,,,,,,,,,,,
rice,sugar,,,,,,,,,,,,,,,,,,
rice,,,,,,,,,,,,,,,,,,,
coffee,,,,,,,,,,,,,,,,,,,
onions,bananas,chocolate,,,,,,,,,,,,,,,,,
bread,butter,spinach,yogurt,onions,milk,potatoes,,,,,,,,,,,,,
sugar,ground beef,flour,chicken,bananas,coffee,salmon,,,,,,,,,,,,,
flour,apples,sugar,butter,bananas,,,,,,,,,,,,,,,
chocolate,butter,tomatoes,bread,,,,,,,,,,,,,,,,
olive oil,cereal,salmon,milk,yogurt,chocolate,orange juice,tomatoes,,,,,,,,,,,,
tomatoes,spinach,bananas,bread,potatoes,eggs,olive oil,,,,,,,,,,,,,
milk,yogurt,,,,,,,,,,,,,,,,,,
eggs,,,,,,,,,,,,,,,,,,,
orange juice,salmon,,,,,,,,,,,,,,,,,,
cheese,sugar,flour,milk,,,,,,,,,,,,,,,,
flour,orange juice,chicken,spinach,,,,,,,,,,,,,,,,
orange juice,tomatoes,eggs,spinach,butter,potatoes,bananas,,,,,,,,,,,,,
chocolate,potatoes,cheese,chicken,ground beef,,,,,,,,,,,,,,,
tea,rice,onions,butter,,,,,,,,,,,,,,,,
bananas,,,,,,,,,,,,,,,,,,,
ground beef,tomatoes,spinach,butter,orange juice,bread,cereal,,,,,,,,,,,,,
milk,eggs,tomatoes,,,,,,,,,,,,,,,,,
milk,coffee,,,,,,,,,,,,,,,,,,
apples,flour,olive oil,bread,,,,,,,,,,,,,,,,
milk,coffee,,,,,,,,,,,,,,,,,,
potatoes,rice,pasta,spinach,coffee,milk,onions,salmon,,,,,,,,,,,,
eggs,yogurt,cheese,sugar,olive oil,,,,,,,,,,,,,,,
apples,,,,,,,,,,,,,,,,,,,
spinach,ground beef,tomatoes,,,,,,,,,,,,,,,,,
yogurt,onions,orange juice,spinach,butter,ground beef,,,,,,,,,,,,,,
tea,,,,,,,,,,,,,,,,,,,
orange juice,chocolate,rice,butter,coffee,,,,,,,,,,,,,,,
chicken,bread,milk,coffee,tomatoes,yogurt,butter,,,,,,,,,,,,,
rice,tomatoes,potatoes,pasta,tea,eggs,yogurt,flour,,,,,,,,,,,,
chocolate,salmon,yogurt,olive oil,,,,,,,,,,,,,,,,
yogurt,onions,coffee,apples,,,,,,,,,,,,,,,,
bread,rice,eggs,spinach,,,,,,,,,,,,,,,,
bread,coffee,ground beef,sugar,flour,tomatoes,salmon,yogurt,,,,,,,,,,,,
potatoes,chocolate,ground beef,pasta,,,,,,,,,,,,,,,,
rice,,,,,,,,,,,,,,,,,,,
salmon,pasta,ground beef,flour,olive oil,yogurt,,,,,,,,,,,,,,
coffee,cheese,yogurt,cereal,rice,,,,,,,,,,,,,,,
olive oil,coffee,onions,salmon,,,,,,,,,,,,,,,,
butter,spinach,yogurt,cereal,orange juice,,,,,,,,,,,,,,,
coffee,ground beef,cheese,cereal,rice,chocolate,tomatoes,bread,,,,,,,,,,,,
pasta,coffee,rice,,,,,,,,,,,,,,,,,
bread,chocolate,spinach,pasta,cheese,,,,,,,,,,,,,,,
orange juice,spinach,bread,ground beef,tomatoes,flour,butter,,,,,,,,,,,,,
yogurt,coffee,onions,,,,,,,,,,,,,,,,,
eggs,rice,chocolate,bananas,potatoes,ground beef,pasta,,,,,,,,,,,,,
flour,salmon,chocolate,spinach,,,,,,,,,,,,,,,,
pasta,bananas,spinach,ground beef,apples,tomatoes,orange juice,,,,,,,,,,,,,
ground beef,yogurt,tomatoes,flour,,,,,,,,,,,,,,,,
yogurt,eggs,chocolate,pasta,onions,,,,,,,,,,,,,,,
sugar,spinach,bread,apples,,,,,,,,,,,,,,,,
butter,flour,,,,,,,,,,,,,,,,,,
flour,,,,,,,,,,,,,,,,,,,
chocolate,tomatoes,cereal,,,,,,,,,,,,,,,,,
butter,coffee,cereal,spinach,yogurt,potatoes,salmon,rice,,,,,,,,,,,,
eggs,apples,milk,yogurt,chicken,pasta,,,,,,,,,,,,,,
milk,cereal,onions,flour,cheese,salmon,sugar,tea,,,,,,,,,,,,
butter,olive oil,,,,,,,,,,,,,,,,,,
yogurt,,,,,,,,,,,,,,,,,,,
butter,milk,tomatoes,pasta,chocolate,,,,,,,,,,,,,,,
pasta,onions,,,,,,,,,,,,,,,,,,
bananas,ground beef,coffee,sugar,flour,chocolate,,,,,,,,,,,,,,
eggs,coffee,chocolate,milk,,,,,,,,,,,,,,,,
chicken,eggs,tomatoes,sugar,olive oil,,,,,,,,,,,,,,,
sugar,,,,,,,,,,,,,,,,,,,
rice,olive oil,bread,spinach,potatoes,yogurt,,,,,,,,,,,,,,
flour,pasta,ground beef,,,,,,,,,,,,,,,,,
salmon,potatoes,butter,bread,bananas,pasta,,,,,,,,,,,,,,
onions,chicken,tea,olive oil,sugar,ground beef,,,,,,,,,,,,,,
salmon,,,,,,,,,,,,,,,,,,,
yogurt,onions,orange juice,chicken,cereal,flour,,,,,,,,,,,,,,
yogurt,flour,potatoes,,,,,,,,,,,,,,,,,
salmon,chocolate,flour,,,,,,,,,,,,,,,,,
butter,chicken,rice,bread,potatoes,olive oil,,,,,,,,,,,,,,
pasta,butter,apples,chicken,potatoes,tea,eggs,,,,,,,,,,,,,
onions,chicken,butter,rice,eggs,,,,,,,,,,,,,,,
orange juice,pasta,bread,butter,chocolate,flour,cereal,spinach,,,,,,,,,,,,
cereal,bananas,yogurt,,,,,,,,,,,,,,,,,
bread,olive oil,tea,chocolate,bananas,yogurt,,,,,,,,,,,,,,
onions,sugar,eggs,coffee,rice,flour,chocolate,,,,,,,,,,,,,
ground beef,,,,,,,,,,,,,,,,,,,
olive oil,bananas,butter,ground beef,sugar,,,,,,,,,,,,,,,
flour,eggs,tea,,,,,,,,,,,,,,,,,
chicken,,,,,,,,,,,,,,,,,,,
eggs,cereal,bread,cheese,chicken,olive oil,bananas,apples,,,,,,,,,,,,
apples,olive oil,rice,,,,,,,,,,,,,,,,,
chocolate,apples,onions,butter,coffee,bread,,,,,,,,,,,,,,
apples,yogurt,salmon,sugar,milk,flour,chicken,,,,,,,,,,,,,
butter,pasta,,,,,,,,,,,,,,,,,,
pasta,spinach,eggs,coffee,salmon,,,,,,,,,,,,,,,
olive oil,spinach,salmon,,,,,,,,,,,,,,,,,
potatoes,tomatoes,butter,bread,,,,,,,,,,,,,,,,
onions,tomatoes,bananas,yogurt,butter,cereal,,,,,,,,,,,,,,
potatoes,chocolate,apples,cheese,cereal,butter,,,,,,,,,,,,,,
cheese,,,,,,,,,,,,,,,,,,,
bread,,,,,,,,,,,,,,,,,,,
orange juice,coffee,potatoes,chocolate,onions,spinach,eggs,,,,,,,,,,,,,
bananas,onions,pasta,tea,cheese,chicken,,,,,,,,,,,,,,
olive oil,orange juice,coffee,,,,,,,,,,,,,,,,,
chocolate,tomatoes,yogurt,bread,apples,milk,,,,,,,,,,,,,,
onions,yogurt,olive oil,cereal,,,,,,,,,,,,,,,,
spinach,sugar,tomatoes,orange juice,,,,,,,,,,,,,,,,
chocolate,ground beef,potatoes,,,,,,,,,,,,,,,,,
chicken,flour,ground beef,tomatoes,,,,,,,,,,,,,,,,
pasta,onions,rice,salmon,,,,,,,,,,,,,,,,
potatoes,pasta,cheese,onions,chicken,bananas,,,,,,,,,,,,,,
apples,potatoes,bananas,ground beef,rice,chicken,eggs,yogurt,,,,,,,,,,,,
olive oil,salmon,coffee,tea,spinach,,,,,,,,,,,,,,,
coffee,,,,,,,,,,,,,,,,,,,
onions,butter,spinach,,,,,,,,,,,,,,,,,
bread,bananas,potatoes,coffee,orange juice,,,,,,,,,,,,,,,
tea,butter,rice,,,,,,,,,,,,,,,,,
tomatoes,ground beef,,,,,,,,,,,,,,,,,,
pasta,,,,,,,,,,,,,,,,,,,
apples,butter,cereal,flour,eggs,potatoes,olive oil,rice,,,,,,,,,,,,
chocolate,rice,potatoes,orange juice,salmon,apples,bread,,,,,,,,,,,,,
chicken,onions,salmon,milk,bananas,,,,,,,,,,,,,,,
yogurt,cheese,bananas,tomatoes,sugar,eggs,rice,,,,,,,,,,,,,
bread,potatoes,cheese,yogurt,spinach,,,,,,,,,,,,,,,
spinach,sugar,rice,pasta,olive oil,chocolate,yogurt,coffee,,,,,,,,,,,,
bananas,cheese,pasta,onions,apples,cereal,tea,,,,,,,,,,,,,
bread,cereal,chocolate,salmon,cheese,,,,,,,,,,,,,,,
cereal,ground beef,spinach,coffee,,,,,,,,,,,,,,,,
cereal,sugar,apples,flour,pasta,,,,,,,,,,,,,,,
apples,butter,eggs,salmon,pasta,,,,,,,,,,,,,,,
milk,spinach,rice,tomatoes,butter,yogurt,,,,,,,,,,,,,,
pasta,bananas,olive oil,onions,orange juice,,,,,,,,,,,,,,,
potatoes,flour,apples,,,,,,,,,,,,,,,,,
yogurt,bread,ground beef,onions,butter,,,,,,,,,,,,,,,
sugar,coffee,olive oil,,,,,,,,,,,,,,,,,
orange juice,yogurt,sugar,potatoes,tea,salmon,,,,,,,,,,,,,,
onions,tea,,,,,,,,,,,,,,,,,,
ground beef,coffee,,,,,,,,,,,,,,,,,,
ground beef,tea,orange juice,pasta,olive oil,potatoes,yogurt,salmon,,,,,,,,,,,,
orange juice,sugar,bread,,,,,,,,,,,,,,,,,
tomatoes,cereal,,,,,,,,,,,,,,,,,,
chocolate,flour,cereal,salmon,yogurt,bananas,milk,,,,,,,,,,,,,
bananas,yogurt,flour,,,,,,,,,,,,,,,,,
apples,chocolate,,,,,,,,,,,,,,,,,,
cereal,ground beef,flour,,,,,,,,,,,,,,,,,
tea,bananas,olive oil,sugar,chocolate,eggs,apples,,,,,,,,,,,,,
bananas,spinach,milk,apples,eggs,butter,potatoes,,,,,,,,,,,,,
tomatoes,pasta,chocolate,sugar,butter,eggs,spinach,,,,,,,,,,,,,
bananas,milk,yogurt,cheese,tea,,,,,,,,,,,,,,,
yogurt,potatoes,cheese,,,,,,,,,,,,,,,,,
salmon,milk,apples,potatoes,bananas,coffee,,,,,,,,,,,,,,
cheese,coffee,,,,,,,,,,,,,,,,,,
flour,pasta,bread,,,,,,,,,,,,,,,,,
tea,spinach,apples,onions,cereal,cheese,bananas,sugar,,,,,,,,,,,,
butter,cheese,apples,salmon,,,,,,,,,,,,,,,,
spinach,cereal,cheese,butter,chicken,olive oil,,,,,,,,,,,,,,
eggs,flour,cereal,potatoes,,,,,,,,,,,,,,,,
cereal,chocolate,rice,flour,potatoes,,,,,,,,,,,,,,,
sugar,ground beef,olive oil,flour,,,,,,,,,,,,,,,,
potatoes,salmon,bananas,,,,,,,,,,,,,,,,,
coffee,chocolate,yogurt,bananas,apples,sugar,,,,,,,,,,,,,,
tea,ground beef,chicken,yogurt,,,,,,,,,,,,,,,,
orange juice,rice,tomatoes,milk,potatoes,flour,pasta,,,,,,,,,,,,,
bread,,,,,,,,,,,,,,,,,,,
cereal,sugar,chicken,spinach,bread,,,,,,,,,,,,,,,
cereal,pasta,orange juice,chicken,bananas,spinach,onions,,,,,,,,,,,,,
cereal,orange juice,bread,salmon,spinach,cheese,eggs,rice,,,,,,,,,,,,
salmon,,,,,,,,,,,,,,,,,,,
olive oil,spinach,butter,,,,,,,,,,,,,,,,,
tea,salmon,bananas,onions,cheese,spinach,potatoes,bread,,,,,,,,,,,,
cereal,yogurt,pasta,,,,,,,,,,,,,,,,,
orange juice,cheese,bread,tomatoes,,,,,,,,,,,,,,,,
cheese,butter,potatoes,chocolate,,,,,,,,,,,,,,,,
sugar,,,,,,,,,,,,,,,,,,,
yogurt,potatoes,rice,butter,cereal,chocolate,onions,apples,,,,,,,,,,,,
orange juice,ground beef,pasta,butter,,,,,,,,,,,,,,,,
onions,tomatoes,tea,cheese,yogurt,sugar,,,,,,,,,,,,,,
tea,,,,,,,,,,,,,,,,,,,
sugar,,,,,,,,,,,,,,,,,,,
chocolate,tomatoes,coffee,spinach,salmon,,,,,,,,,,,,,,,
spinach,bread,yogurt,orange juice,cereal,salmon,,,,,,,,,,,,,,
chicken,butter,cheese,,,,,,,,,,,,,,,,,
cereal,orange juice,ground beef,,,,,,,,,,,,,,,,,
salmon,,,,,,,,,,,,,,,,,,,
onions,cereal,eggs,flour,salmon,butter,,,,,,,,,,,,,,
chocolate,bananas,sugar,salmon,,,,,,,,,,,,,,,,
bread,,,,,,,,,,,,,,,,,,,
tea,yogurt,bananas,,,,,,,,,,,,,,,,,
orange juice,bread,apples,,,,,,,,,,,,,,,,,
salmon,apples,,,,,,,,,,,,,,,,,,
yogurt,potatoes,butter,salmon,,,,,,,,,,,,,,,,
flour,,,,,,,,,,,,,,,,,,,
ground beef,orange juice,,,,,,,,,,,,,,,,,,
apples,onions,ground beef,chicken,,,,,,,,,,,,,,,,
onions,bananas,chocolate,ground beef,coffee,cheese,,,,,,,,,,,,,,
coffee,orange juice,milk,chocolate,yogurt,onions,salmon,spinach,,,,,,,,,,,,
tomatoes,bread,cheese,spinach,ground beef,cereal,pasta,olive oil,,,,,,,,,,,,
butter,,,,,,,,,,,,,,,,,,,
sugar,butter,orange juice,olive oil,chocolate,cheese,salmon,tomatoes,,,,,,,,,,,,
onions,butter,bread,chicken,pasta,cheese,apples,,,,,,,,,,,,,
apples,spinach,tomatoes,potatoes,rice,flour,bananas,onions,,,,,,,,,,,,
chicken,onions,salmon,cheese,butter,tomatoes,bananas,eggs,,,,,,,,,,,,
apples,eggs,spinach,cereal,onions,salmon,,,,,,,,,,,,,,
bananas,eggs,,,,,,,,,,,,,,,,,,
milk,bread,olive oil,rice,salmon,,,,,,,,,,,,,,,
rice,salmon,orange juice,chocolate,sugar,,,,,,,,,,,,,,,
sugar,,,,,,,,,,,,,,,,,,,
chicken,potatoes,bananas,spinach,tomatoes,cereal,sugar,butter,,,,,,,,,,,,
sugar,,,,,,,,,,,,,,,,,,,
chicken,,,,,,,,,,,,,,,,,,,
bread,rice,olive oil,spinach,milk,flour,eggs,potatoes,,,,,,,,,,,,
butter,potatoes,onions,bread,eggs,chocolate,tea,salmon,,,,,,,,,,,,
bread,ground beef,tea,spinach,salmon,,,,,,,,,,,,,,,
butter,onions,tea,,,,,,,,,,,,,,,,,
cheese,flour,potatoes,chocolate,spinach,,,,,,,,,,,,,,,
bread,butter,chicken,orange juice,potatoes,apples,milk,ground beef,,,,,,,,,,,,
cereal,cheese,ground beef,apples,rice,,,,,,,,,,,,,,,
apples,bananas,,,,,,,,,,,,,,,,,,
cereal,bread,salmon,spinach,eggs,chicken,apples,milk,,,,,,,,,,,,
onions,chocolate,spinach,pasta,,,,,,,,,,,,,,,,
chicken,orange juice,ground beef,milk,,,,,,,,,,,,,,,,
bread,tea,sugar,eggs,coffee,yogurt,,,,,,,,,,,,,,
rice,,,,,,,,,,,,,,,,,,,
apples,coffee,cheese,,,,,,,,,,,,,,,,,
chocolate,cheese,pasta,ground beef,salmon,eggs,spinach,,,,,,,,,,,,,
orange juice,flour,,,,,,,,,,,,,,,,,,
chocolate,sugar,,,,,,,,,,,,,,,,,,
ground beef,coffee,sugar,bananas,apples,bread,eggs,rice,,,,,,,,,,,,
coffee,,,,,,,,,,,,,,,,,,,
orange juice,potatoes,,,,,,,,,,,,,,,,,,
bananas,sugar,bread,yogurt,chicken,,,,,,,,,,,,,,,
tomatoes,apples,chicken,chocolate,onions,yogurt,,,,,,,,,,,,,,
coffee,orange juice,pasta,yogurt,ground beef,,,,,,,,,,,,,,,
orange juice,tomatoes,yogurt,bread,ground beef,apples,olive oil,,,,,,,,,,,,,
tomatoes,,,,,,,,,,,,,,,,,,,
yogurt,coffee,bread,salmon,potatoes,onions,,,,,,,,,,,,,,
pasta,rice,sugar,onions,bread,orange juice,,,,,,,,,,,,,,
orange juice,salmon,butter,spinach,pasta,,,,,,,,,,,,,,,
orange juice,,,,,,,,,,,,,,,,,,,
chicken,ground beef,potatoes,butter,sugar,,,,,,,,,,,,,,,
butter,apples,ground beef,orange juice,potatoes,eggs,flour,tomatoes,,,,,,,,,,,,
cheese,chocolate,tomatoes,bread,orange juice,spinach,,,,,,,,,,,,,,
bananas,,,,,,,,,,,,,,,,,,,
pasta,sugar,yogurt,apples,tomatoes,bananas,,,,,,,,,,,,,,
olive oil,,,,,,,,,,,,,,,,,,,
chicken,pasta,sugar,tea,olive oil,spinach,chocolate,cereal,,,,,,,,,,,,
yogurt,butter,rice,chicken,apples,potatoes,,,,,,,,,,,,,,
spinach,cereal,potatoes,cheese,orange juice,bananas,milk,,,,,,,,,,,,,
chocolate,coffee,tea,potatoes,bread,sugar,,,,,,,,,,,,,,
eggs,spinach,pasta,yogurt,cereal,rice,bread,olive oil,,,,,,,,,,,,
onions,sugar,ground beef,yogurt,butter,,,,,,,,,,,,,,,
butter,cereal,flour,yogurt,cheese,rice,,,,,,,,,,,,,,
rice,pasta,salmon,cereal,chicken,bread,olive oil,,,,,,,,,,,,,
ground beef,eggs,cheese,,,,,,,,,,,,,,,,,
orange juice,olive oil,onions,chocolate,flour,yogurt,chicken,rice,,,,,,,,,,,,
chicken,potatoes,onions,ground beef,orange juice,,,,,,,,,,,,,,,
bread,potatoes,yogurt,apples,spinach,cereal,,,,,,,,,,,,,,
butter,tea,,,,,,,,,,,,,,,,,,
olive oil,,,,,,,,,,,,,,,,,,,
rice,eggs,coffee,spinach,milk,salmon,,,,,,,,,,,,,,
chocolate,,,,,,,,,,,,,,,,,,,
salmon,,,,,,,,,,,,,,,,,,,
rice,cheese,chicken,coffee,ground beef,,,,,,,,,,,,,,,
apples,spinach,tea,butter,orange juice,cheese,,,,,,,,,,,,,,
coffee,,,,,,,,,,,,,,,,,,,
flour,onions,butter,chocolate,pasta,rice,spinach,,,,,,,,,,,,,
bananas,cereal,,,,,,,,,,,,,,,,,,
apples,tomatoes,cheese,milk,rice,olive oil,salmon,butter,,,,,,,,,,,,
milk,olive oil,bread,bananas,rice,potatoes,,,,,,,,,,,,,,
cereal,tea,chocolate,yogurt,chicken,,,,,,,,,,,,,,,
coffee,olive oil,chocolate,cheese,tea,onions,apples,butter,,,,,,,,,,,,
coffee,olive oil,salmon,apples,bread,sugar,,,,,,,,,,,,,,
rice,chicken,potatoes,yogurt,butter,,,,,,,,,,,,,,,
bananas,sugar,orange juice,pasta,chocolate,apples,tomatoes,,,,,,,,,,,,,
onions,pasta,chocolate,ground beef,chicken,eggs,,,,,,,,,,,,,,
pasta,flour,coffee,sugar,,,,,,,,,,,,,,,,
chocolate,pasta,cereal,butter,bananas,yogurt,bread,,,,,,,,,,,,,
salmon,ground beef,apples,tomatoes,eggs,bread,milk,,,,,,,,,,,,,
rice,cheese,,,,,,,,,,,,,,,,,,
cereal,olive oil,,,,,,,,,,,,,,,,,,
butter,eggs,cheese,potatoes,milk,chocolate,chicken,rice,,,,,,,,,,,,
sugar,flour,onions,spinach,olive oil,bananas,apples,cheese,,,,,,,,,,,,
coffee,bananas,eggs,chicken,tomatoes,rice,,,,,,,,,,,,,,
sugar,tomatoes,,,,,,,,,,,,,,,,,,
tea,olive oil,,,,,,,,,,,,,,,,,,
bananas,butter,eggs,milk,rice,sugar,olive oil,,,,,,,,,,,,,
butter,apples,bananas,sugar,cheese,,,,,,,,,,,,,,,
coffee,yogurt,orange juice,,,,,,,,,,,,,,,,,
butter,cheese,spinach,apples,,,,,,,,,,,,,,,,
milk,orange juice,chocolate,,,,,,,,,,,,,,,,,
chocolate,pasta,chicken,salmon,apples,cereal,ground beef,,,,,,,,,,,,,
potatoes,cheese,chicken,rice,,,,,,,,,,,,,,,,
cheese,chicken,butter,chocolate,,,,,,,,,,,,,,,,
pasta,rice,sugar,apples,salmon,cheese,onions,,,,,,,,,,,,,
orange juice,olive oil,onions,flour,tea,,,,,,,,,,,,,,,
sugar,apples,potatoes,yogurt,ground beef,cereal,tomatoes,butter,,,,,,,,,,,,
chicken,salmon,,,,,,,,,,,,,,,,,,
spinach,,,,,,,,,,,,,,,,,,,
yogurt,ground beef,chocolate,,,,,,,,,,,,,,,,,
chocolate,,,,,,,,,,,,,,,,,,,
olive oil,tea,orange juice,,,,,,,,,,,,,,,,,
flour,bananas,cereal,apples,pasta,spinach,rice,,,,,,,,,,,,,
sugar,apples,,,,,,,,,,,,,,,,,,
chocolate,olive oil,onions,orange juice,,,,,,,,,,,,,,,,
tea,butter,ground beef,milk,potatoes,olive oil,,,,,,,,,,,,,,
salmon,coffee,cheese,,,,,,,,,,,,,,,,,
bread,butter,,,,,,,,,,,,,,,,,,
salmon,tea,pasta,yogurt,cereal,rice,tomatoes,cheese,,,,,,,,,,,,
olive oil,rice,,,,,,,,,,,,,,,,,,
coffee,orange juice,bananas,spinach,cereal,olive oil,flour,cheese,,,,,,,,,,,,
onions,olive oil,spinach,,,,,,,,,,,,,,,,,
olive oil,,,,,,,,,,,,,,,,,,,
spinach,olive oil,apples,,,,,,,,,,,,,,,,,
coffee,cheese,flour,orange juice,eggs,apples,potatoes,,,,,,,,,,,,,
orange juice,bread,sugar,tea,ground beef,chicken,,,,,,,,,,,,,,
milk,apples,olive oil,chicken,bananas,sugar,chocolate,tea,,,,,,,,,,,,
cereal,chocolate,olive oil,sugar,,,,,,,,,,,,,,,,
pasta,olive oil,rice,apples,butter,cheese,sugar,orange juice,,,,,,,,,,,,
ground beef,milk,eggs,cereal,yogurt,,,,,,,,,,,,,,,
pasta,yogurt,coffee,bread,ground beef,flour,sugar,,,,,,,,,,,,,
tea,spinach,orange juice,butter,cheese,bananas,chocolate,salmon,,,,,,,,,,,,
flour,milk,potatoes,spinach,apples,chocolate,,,,,,,,,,,,,,
orange juice,coffee,cheese,bananas,butter,flour,rice,chicken,,,,,,,,,,,,
potatoes,rice,orange juice,,,,,,,,,,,,,,,,,
bread,apples,butter,yogurt,milk,ground beef,,,,,,,,,,,,,,
yogurt,bread,orange juice,,,,,,,,,,,,,,,,,
chicken,apples,,,,,,,,,,,,,,,,,,
rice,apples,coffee,olive oil,eggs,orange juice,ground beef,chocolate,,,,,,,,,,,,
onions,potatoes,ground beef,rice,orange juice,eggs,,,,,,,,,,,,,,
tea,ground beef,cereal,rice,olive oil,yogurt,,,,,,,,,,,,,,
chicken,orange juice,,,,,,,,,,,,,,,,,,
chocolate,eggs,rice,,,,,,,,,,,,,,,,,
pasta,coffee,salmon,chocolate,milk,ground beef,flour,bread,,,,,,,,,,,,
sugar,potatoes,,,,,,,,,,,,,,,,,,
pasta,sugar,bread,cheese,olive oil,tomatoes,,,,,,,,,,,,,,
eggs,salmon,onions,coffee,bread,rice,cereal,,,,,,,,,,,,,
orange juice,bread,potatoes,,,,,,,,,,,,,,,,,
onions,cereal,ground beef,chocolate,salmon,,,,,,,,,,,,,,,
potatoes,coffee,tomatoes,sugar,tea,,,,,,,,,,,,,,,
ground beef,rice,cereal,spinach,,,,,,,,,,,,,,,,
milk,butter,cereal,salmon,chocolate,chicken,,,,,,,,,,,,,,
potatoes,onions,sugar,salmon,,,,,,,,,,,,,,,,
cereal,flour,pasta,apples,milk,salmon,,,,,,,,,,,,,,
potatoes,spinach,,,,,,,,,,,,,,,,,,
tomatoes,rice,flour,,,,,,,,,,,,,,,,,
chicken,,,,,,,,,,,,,,,,,,,
olive oil,orange juice,milk,chicken,bread,cheese,bananas,salmon,,,,,,,,,,,,
apples,ground beef,pasta,,,,,,,,,,,,,,,,,
pasta,onions,chocolate,olive oil,bananas,milk,ground beef,cheese,,,,,,,,,,,,
flour,,,,,,,,,,,,,,,,,,,
coffee,onions,flour,cereal,chocolate,tea,salmon,,,,,,,,,,,,,
olive oil,milk,cereal,butter,,,,,,,,,,,,,,,,
potatoes,butter,bananas,flour,yogurt,,,,,,,,,,,,,,,
salmon,eggs,bananas,,,,,,,,,,,,,,,,,
chocolate,tomatoes,eggs,cheese,rice,butter,spinach,,,,,,,,,,,,,
flour,chicken,chocolate,tea,bananas,sugar,butter,potatoes,,,,,,,,,,,,
rice,coffee,butter,apples,,,,,,,,,,,,,,,,
rice,potatoes,,,,,,,,,,,,,,,,,,
chicken,orange juice,bananas,butter,pasta,,,,,,,,,,,,,,,
coffee,spinach,ground beef,,,,,,,,,,,,,,,,,
bananas,olive oil,chocolate,apples,cheese,salmon,eggs,tomatoes,,,,,,,,,,,,
orange juice,sugar,,,,,,,,,,,,,,,,,,
chocolate,cheese,rice,apples,,,,,,,,,,,,,,,,
flour,yogurt,chicken,spinach,,,,,,,,,,,,,,,,
salmon,tea,pasta,cheese,tomatoes,bananas,yogurt,cereal,,,,,,,,,,,,
orange juice,pasta,onions,flour,potatoes,butter,,,,,,,,,,,,,,
apples,,,,,,,,,,,,,,,,,,,
coffee,,,,,,,,,,,,,,,,,,,
butter,orange juice,,,,,,,,,,,,,,,,,,
apples,milk,rice,chicken,,,,,,,,,,,,,,,,
potatoes,chocolate,tea,spinach,eggs,bananas,salmon,onions,,,,,,,,,,,,
rice,eggs,ground beef,butter,cereal,potatoes,,,,,,,,,,,,,,
potatoes,coffee,cheese,flour,rice,chocolate,milk,,,,,,,,,,,,,
olive oil,cereal,,,,,,,,,,,,,,,,,,
pasta,tomatoes,olive oil,chicken,coffee,,,,,,,,,,,,,,,
pasta,salmon,spinach,,,,,,,,,,,,,,,,,
tomatoes,flour,bananas,coffee,potatoes,onions,,,,,,,,,,,,,,
milk,tea,butter,salmon,sugar,,,,,,,,,,,,,,,
bananas,apples,milk,olive oil,yogurt,cheese,tomatoes,,,,,,,,,,,,,
eggs,potatoes,salmon,tomatoes,,,,,,,,,,,,,,,,
flour,milk,orange juice,,,,,,,,,,,,,,,,,
salmon,flour,bananas,milk,chicken,cheese,spinach,chocolate,,,,,,,,,,,,
flour,potatoes,rice,eggs,bread,salmon,,,,,,,,,,,,,,
butter,flour,potatoes,ground beef,bananas,spinach,tea,apples,,,,,,,,,,,,
cereal,chicken,onions,pasta,tea,yogurt,,,,,,,,,,,,,,
rice,sugar,chocolate,orange juice,tomatoes,olive oil,,,,,,,,,,,,,,
orange juice,,,,,,,,,,,,,,,,,,,
butter,flour,,,,,,,,,,,,,,,,,,
potatoes,eggs,,,,,,,,,,,,,,,,,,
spinach,rice,eggs,flour,onions,butter,salmon,apples,,,,,,,,,,,,
olive oil,cheese,bread,apples,chicken,onions,,,,,,,,,,,,,,
onions,cereal,,,,,,,,,,,,,,,,,,
ground beef,cheese,bread,tomatoes,chocolate,,,,,,,,,,,,,,,
chicken,flour,cheese,tomatoes,,,,,,,,,,,,,,,,
apples,chocolate,milk,olive oil,bananas,pasta,butter,coffee,,,,,,,,,,,,
apples,flour,coffee,salmon,chicken,yogurt,,,,,,,,,,,,,,
butter,spinach,yogurt,cheese,bread,milk,potatoes,pasta,,,,,,,,,,,,
salmon,yogurt,,,,,,,,,,,,,,,,,,
chicken,,,,,,,,,,,,,,,,,,,
cereal,bread,chocolate,,,,,,,,,,,,,,,,,
tomatoes,orange juice,chicken,olive oil,bread,bananas,yogurt,,,,,,,,,,,,,
apples,butter,,,,,,,,,,,,,,,,,,
bread,yogurt,ground beef,cereal,pasta,butter,chicken,,,,,,,,,,,,,
milk,rice,olive oil,chocolate,sugar,tomatoes,,,,,,,,,,,,,,
salmon,,,,,,,,,,,,,,,,,,,
chicken,bananas,pasta,tea,,,,,,,,,,,,,,,,
butter,sugar,bananas,apples,,,,,,,,,,,,,,,,
yogurt,,,,,,,,,,,,,,,,,,,
apples,,,,,,,,,,,,,,,,,,,
chocolate,,,,,,,,,,,,,,,,,,,
cereal,,,,,,,,,,,,,,,,,,,
onions,olive oil,cheese,apples,milk,tomatoes,ground beef,tea,,,,,,,,,,,,
pasta,apples,spinach,milk,rice,bananas,tea,,,,,,,,,,,,,
spinach,onions,yogurt,potatoes,cheese,,,,,,,,,,,,,,,
milk,olive oil,sugar,,,,,,,,,,,,,,,,,
tomatoes,cereal,yogurt,ground beef,chocolate,olive oil,rice,,,,,,,,,,,,,
cereal,,,,,,,,,,,,,,,,,,,
coffee,apples,butter,spinach,,,,,,,,,,,,,,,,
spinach,coffee,cereal,,,,,,,,,,,,,,,,,
butter,onions,,,,,,,,,,,,,,,,,,
chicken,cereal,,,,,,,,,,,,,,,,,,
bananas,coffee,yogurt,sugar,pasta,cereal,milk,ground beef,,,,,,,,,,,,
rice,orange juice,eggs,cereal,bread,butter,ground beef,potatoes,,,,,,,,,,,,
cereal,chicken,butter,yogurt,ground beef,,,,,,,,,,,,,,,
salmon,bananas,chocolate,flour,orange juice,sugar,,,,,,,,,,,,,,
butter,tomatoes,orange juice,bread,chocolate,spinach,ground beef,,,,,,,,,,,,,
chocolate,salmon,cereal,eggs,,,,,,,,,,,,,,,,
chicken,olive oil,tea,,,,,,,,,,,,,,,,,
chicken,rice,potatoes,sugar,pasta,olive oil,,,,,,,,,,,,,,
chocolate,onions,,,,,,,,,,,,,,,,,,
chicken,bananas,butter,bread,pasta,eggs,,,,,,,,,,,,,,
rice,olive oil,,,,,,,,,,,,,,,,,,
pasta,rice,butter,cereal,,,,,,,,,,,,,,,,
salmon,,,,,,,,,,,,,,,,,,,
chicken,,,,,,,,,,,,,,,,,,,
onions,flour,,,,,,,,,,,,,,,,,,
cheese,rice,,,,,,,,,,,,,,,,,,
milk,yogurt,cheese,eggs,,,,,,,,,,,,,,,,
tea,butter,ground beef,chocolate,,,,,,,,,,,,,,,,
pasta,cereal,salmon,bananas,olive oil,flour,,,,,,,,,,,,,,
yogurt,chicken,butter,chocolate,orange juice,olive oil,,,,,,,,,,,,,,
olive oil,bread,eggs,spinach,onions,,,,,,,,,,,,,,,
orange juice,,,,,,,,,,,,,,,,,,,
spinach,,,,,,,,,,,,,,,,,,,
milk,ground beef,sugar,potatoes,,,,,,,,,,,,,,,,
tea,rice,,,,,,,,,,,,,,,,,,
cheese,olive oil,pasta,butter,yogurt,,,,,,,,,,,,,,,
chicken,,,,,,,,,,,,,,,,,,,
tomatoes,chocolate,,,,,,,,,,,,,,,,,,
pasta,,,,,,,,,,,,,,,,,,,
bananas,coffee,yogurt,spinach,,,,,,,,,,,,,,,,
salmon,rice,eggs,butter,,,,,,,,,,,,,,,,
bread,tea,ground beef,chicken,eggs,potatoes,spinach,,,,,,,,,,,,,
eggs,,,,,,,,,,,,,,,,,,,
spinach,bananas,tea,olive oil,cheese,potatoes,milk,,,,,,,,,,,,,
milk,coffee,,,,,,,,,,,,,,,,,,
tea,spinach,salmon,ground beef,tomatoes,,,,,,,,,,,,,,,
tea,orange juice,bread,eggs,,,,,,,,,,,,,,,,
butter,yogurt,sugar,apples,onions,,,,,,,,,,,,,,,
tomatoes,pasta,,,,,,,,,,,,,,,,,,
tomatoes,flour,sugar,potatoes,pasta,yogurt,chocolate,,,,,,,,,,,,,
rice,ground beef,olive oil,bread,yogurt,salmon,pasta,potatoes,,,,,,,,,,,,
ground beef,,,,,,,,,,,,,,,,,,,
salmon,bread,bananas,,,,,,,,,,,,,,,,,
salmon,sugar,olive oil,chicken,tea,chocolate,,,,,,,,,,,,,,
tomatoes,onions,bananas,pasta,rice,,,,,,,,,,,,,,,
milk,salmon,chocolate,,,,,,,,,,,,,,,,,
ground beef,cereal,yogurt,,,,,,,,,,,,,,,,,
milk,rice,bread,potatoes,salmon,sugar,eggs,flour,,,,,,,,,,,,
milk,potatoes,tomatoes,sugar,,,,,,,,,,,,,,,,
pasta,yogurt,tomatoes,chicken,milk,,,,,,,,,,,,,,,
orange juice,potatoes,butter,milk,apples,cheese,bread,,,,,,,,,,,,,
chicken,salmon,,,,,,,,,,,,,,,,,,
bread,,,,,,,,,,,,,,,,,,,
pasta,rice,potatoes,orange juice,salmon,coffee,eggs,sugar,,,,,,,,,,,,
orange juice,ground beef,salmon,eggs,potatoes,olive oil,bananas,milk,,,,,,,,,,,,
spinach,tea,rice,coffee,chicken,chocolate,cereal,,,,,,,,,,,,,
bananas,onions,milk,potatoes,chicken,,,,,,,,,,,,,,,
yogurt,chicken,bananas,,,,,,,,,,,,,,,,,
yogurt,,,,,,,,,,,,,,,,,,,
bananas,spinach,rice,milk,,,,,,,,,,,,,,,,
potatoes,ground beef,tea,apples,orange juice,,,,,,,,,,,,,,,
milk,cheese,ground beef,potatoes,eggs,,,,,,,,,,,,,,,
spinach,chicken,,,,,,,,,,,,,,,,,,
bread,sugar,spinach,tomatoes,chicken,,,,,,,,,,,,,,,
rice,spinach,ground beef,butter,sugar,,,,,,,,,,,,,,,
sugar,chocolate,tomatoes,potatoes,spinach,,,,,,,,,,,,,,,
rice,bread,bananas,,,,,,,,,,,,,,,,,
pasta,cheese,tea,cereal,sugar,olive oil,tomatoes,bananas,,,,,,,,,,,,
salmon,bread,chicken,,,,,,,,,,,,,,,,,
yogurt,,,,,,,,,,,,,,,,,,,
sugar,flour,salmon,onions,yogurt,,,,,,,,,,,,,,,
coffee,salmon,pasta,spinach,onions,eggs,,,,,,,,,,,,,,
cereal,yogurt,,,,,,,,,,,,,,,,,,
orange juice,eggs,milk,potatoes,bananas,,,,,,,,,,,,,,,
coffee,apples,butter,tomatoes,bananas,eggs,orange juice,,,,,,,,,,,,,
chicken,bread,rice,onions,,,,,,,,,,,,,,,,
chocolate,tomatoes,cereal,yogurt,ground beef,,,,,,,,,,,,,,,
apples,spinach,potatoes,rice,chocolate,yogurt,milk,,,,,,,,,,,,,
rice,pasta,bread,onions,olive oil,flour,yogurt,,,,,,,,,,,,,
cereal,,,,,,,,,,,,,,,,,,,
potatoes,,,,,,,,,,,,,,,,,,,
chocolate,tea,,,,,,,,,,,,,,,,,,
chicken,coffee,orange juice,yogurt,butter,,,,,,,,,,,,,,,
rice,olive oil,sugar,eggs,salmon,tomatoes,cheese,,,,,,,,,,,,,
chicken,,,,,,,,,,,,,,,,,,,
olive oil,coffee,tomatoes,ground beef,cheese,,,,,,,,,,,,,,,
bananas,potatoes,chicken,orange juice,olive oil,apples,tea,,,,,,,,,,,,,
ground beef,tomatoes,onions,butter,potatoes,olive oil,eggs,,,,,,,,,,,,,
eggs,rice,pasta,onions,salmon,orange juice,,,,,,,,,,,,,,
cereal,,,,,,,,,,,,,,,,,,,
bread,chicken,pasta,coffee,,,,,,,,,,,,,,,,
chicken,,,,,,,,,,,,,,,,,,,
tomatoes,salmon,milk,orange juice,chocolate,flour,,,,,,,,,,,,,,
tomatoes,chocolate,sugar,rice,tea,coffee,bananas,cereal,,,,,,,,,,,,
cheese,,,,,,,,,,,,,,,,,,,
salmon,,,,,,,,,,,,,,,,,,,
onions,tea,apples,sugar,rice,,,,,,,,,,,,,,,
apples,ground beef,bananas,eggs,salmon,chocolate,,,,,,,,,,,,,,
bananas,pasta,,,,,,,,,,,,,,,,,,
cereal,chocolate,tea,coffee,olive oil,salmon,,,,,,,,,,,,,,
chicken,onions,,,,,,,,,,,,,,,,,,
potatoes,bread,tomatoes,onions,spinach,sugar,bananas,,,,,,,,,,,,,
tomatoes,bread,potatoes,rice,,,,,,,,,,,,,,,,
onions,,,,,,,,,,,,,,,,,,,
bread,yogurt,sugar,salmon,spinach,chocolate,,,,,,,,,,,,,,
eggs,flour,cheese,chicken,,,,,,,,,,,,,,,,
chocolate,cheese,sugar,spinach,butter,onions,coffee,orange juice,,,,,,,,,,,,
onions,,,,,,,,,,,,,,,,,,,
chicken,yogurt,potatoes,bread,,,,,,,,,,,,,,,,
chocolate,,,,,,,,,,,,,,,,,,,
bread,ground beef,butter,,,,,,,,,,,,,,,,,
bread,cheese,,,,,,,,,,,,,,,,,,
potatoes,tea,,,,,,,,,,,,,,,,,,
sugar,,,,,,,,,,,,,,,,,,,
salmon,rice,onions,chocolate,,,,,,,,,,,,,,,,
sugar,butter,apples,pasta,potatoes,,,,,,,,,,,,,,,
cheese,ground beef,,,,,,,,,,,,,,,,,,
yogurt,chocolate,chicken,cheese,milk,,,,,,,,,,,,,,,
pasta,butter,potatoes,tomatoes,chicken,sugar,bread,,,,,,,,,,,,,
ground beef,bread,bananas,milk,coffee,yogurt,chicken,,,,,,,,,,,,,
cheese,rice,yogurt,flour,bread,olive oil,,,,,,,,,,,,,,
chicken,orange juice,,,,,,,,,,,,,,,,,,
apples,chocolate,,,,,,,,,,,,,,,,,,
spinach,olive oil,pasta,,,,,,,,,,,,,,,,,
eggs,apples,rice,,,,,,,,,,,,,,,,,
tomatoes,spinach,bananas,orange juice,,,,,,,,,,,,,,,,
flour,yogurt,pasta,,,,,,,,,,,,,,,,,
rice,sugar,butter,,,,,,,,,,,,,,,,,
butter,,,,,,,,,,,,,,,,,,,
bread,,,,,,,,,,,,,,,,,,,
chocolate,tomatoes,yogurt,sugar,butter,rice,pasta,coffee,,,,,,,,,,,,
sugar,orange juice,cereal,rice,coffee,butter,,,,,,,,,,,,,,
butter,,,,,,,,,,,,,,,,,,,
cereal,onions,sugar,,,,,,,,,,,,,,,,,
cheese,bread,salmon,pasta,tomatoes,ground beef,chicken,eggs,,,,,,,,,,,,
chocolate,olive oil,tea,,,,,,,,,,,,,,,,,
apples,,,,,,,,,,,,,,,,,,,
sugar,chocolate,,,,,,,,,,,,,,,,,,
ground beef,olive oil,tomatoes,eggs,pasta,,,,,,,,,,,,,,,
potatoes,,,,,,,,,,,,,,,,,,,
chicken,,,,,,,,,,,,,,,,,,,
coffee,flour,rice,sugar,potatoes,ground beef,pasta,spinach,,,,,,,,,,,,
pasta,potatoes,chicken,butter,,,,,,,,,,,,,,,,
sugar,ground beef,rice,milk,chicken,onions,tea,,,,,,,,,,,,,
flour,tomatoes,pasta,milk,potatoes,cereal,bread,chocolate,,,,,,,,,,,,
pasta,salmon,,,,,,,,,,,,,,,,,,
potatoes,salmon,pasta,eggs,orange juice,cheese,tomatoes,spinach,,,,,,,,,,,,
yogurt,milk,tomatoes,flour,pasta,bread,,,,,,,,,,,,,,
ground beef,orange juice,chicken,onions,yogurt,rice,tea,tomatoes,,,,,,,,,,,,
olive oil,yogurt,bananas,eggs,cheese,onions,butter,coffee,,,,,,,,,,,,
eggs,chocolate,spinach,bread,coffee,cheese,olive oil,apples,,,,,,,,,,,,
yogurt,tomatoes,rice,ground beef,,,,,,,,,,,,,,,,
milk,chocolate,,,,,,,,,,,,,,,,,,
tomatoes,coffee,salmon,,,,,,,,,,,,,,,,,
milk,tea,,,,,,,,,,,,,,,,,,
yogurt,chicken,pasta,tomatoes,onions,,,,,,,,,,,,,,,
tea,,,,,,,,,,,,,,,,,,,
sugar,rice,spinach,onions,chicken,tea,tomatoes,olive oil,,,,,,,,,,,,
butter,,,,,,,,,,,,,,,,,,,
tomatoes,spinach,cheese,olive oil,yogurt,orange juice,rice,,,,,,,,,,,,,
rice,,,,,,,,,,,,,,,,,,,
cereal,salmon,pasta,,,,,,,,,,,,,,,,,
rice,bananas,olive oil,cereal,bread,potatoes,onions,,,,,,,,,,,,,
bread,pasta,olive oil,butter,yogurt,eggs,spinach,,,,,,,,,,,,,
ground beef,potatoes,tea,milk,apples,,,,,,,,,,,,,,,
milk,butter,tomatoes,bread,pasta,rice,,,,,,,,,,,,,,
orange juice,chicken,pasta,rice,cereal,bread,apples,,,,,,,,,,,,,
eggs,bread,sugar,cereal,orange juice,,,,,,,,,,,,,,,
onions,,,,,,,,,,,,,,,,,,,
flour,cereal,ground beef,coffee,chocolate,orange juice,,,,,,,,,,,,,,
olive oil,rice,cheese,yogurt,,,,,,,,,,,,,,,,
cheese,chicken,bananas,onions,chocolate,,,,,,,,,,,,,,,
coffee,cheese,apples,onions,eggs,butter,ground beef,,,,,,,,,,,,,
tea,chocolate,cheese,cereal,salmon,milk,bananas,apples,,,,,,,,,,,,
spinach,flour,sugar,,,,,,,,,,,,,,,,,
salmon,,,,,,,,,,,,,,,,,,,
cheese,yogurt,,,,,,,,,,,,,,,,,,
rice,spinach,ground beef,sugar,bread,milk,flour,tomatoes,,,,,,,,,,,,
eggs,chocolate,chicken,milk,yogurt,,,,,,,,,,,,,,,
apples,,,,,,,,,,,,,,,,,,,
bananas,chicken,butter,flour,,,,,,,,,,,,,,,,
coffee,,,,,,,,,,,,,,,,,,,
milk,rice,pasta,flour,,,,,,,,,,,,,,,,
milk,onions,bread,salmon,chocolate,spinach,,,,,,,,,,,,,,
olive oil,eggs,bananas,yogurt,chocolate,spinach,tomatoes,cereal,,,,,,,,,,,,
butter,sugar,chocolate,milk,flour,eggs,cheese,cereal,,,,,,,,,,,,
tomatoes,rice,bananas,yogurt,milk,pasta,chicken,,,,,,,,,,,,,
bread,tea,spinach,,,,,,,,,,,,,,,,,
potatoes,sugar,flour,salmon,rice,,,,,,,,,,,,,,,
milk,apples,sugar,ground beef,orange juice,,,,,,,,,,,,,,,
apples,spinach,orange juice,tea,sugar,,,,,,,,,,,,,,,
onions,flour,olive oil,orange juice,eggs,ground beef,,,,,,,,,,,,,,
apples,rice,salmon,tea,bread,milk,sugar,,,,,,,,,,,,,
spinach,chocolate,butter,milk,olive oil,,,,,,,,,,,,,,,
eggs,onions,salmon,spinach,sugar,bread,,,,,,,,,,,,,,
milk,cheese,,,,,,,,,,,,,,,,,,
onions,sugar,olive oil,yogurt,chicken,chocolate,coffee,,,,,,,,,,,,,
bread,rice,bananas,yogurt,pasta,chocolate,orange juice,,,,,,,,,,,,,
orange juice,apples,cereal,bread,tea,milk,onions,,,,,,,,,,,,,
olive oil,chicken,cheese,cereal,,,,,,,,,,,,,,,,
ground beef,bread,spinach,sugar,orange juice,apples,cereal,olive oil,,,,,,,,,,,,
cheese,butter,chicken,rice,,,,,,,,,,,,,,,,
pasta,orange juice,chicken,potatoes,flour,ground beef,,,,,,,,,,,,,,
bananas,coffee,eggs,milk,ground beef,chocolate,tomatoes,,,,,,,,,,,,,
tea,cheese,yogurt,butter,sugar,ground beef,chicken,,,,,,,,,,,,,
yogurt,ground beef,bananas,onions,tomatoes,apples,flour,cereal,,,,,,,,,,,,
coffee,butter,spinach,,,,,,,,,,,,,,,,,
chicken,tea,bananas,bread,butter,potatoes,,,,,,,,,,,,,,
orange juice,potatoes,butter,chicken,tomatoes,sugar,,,,,,,,,,,,,,
spinach,yogurt,rice,ground beef,,,,,,,,,,,,,,,,
potatoes,bread,pasta,butter,chocolate,cereal,,,,,,,,,,,,,,
apples,sugar,,,,,,,,,,,,,,,,,,
coffee,sugar,salmon,potatoes,apples,pasta,ground beef,orange juice,,,,,,,,,,,,
orange juice,cereal,bread,flour,eggs,potatoes,ground beef,apples,,,,,,,,,,,,
bread,flour,orange juice,sugar,milk,salmon,,,,,,,,,,,,,,
salmon,chocolate,bread,eggs,tea,,,,,,,,,,,,,,,
ground beef,coffee,milk,sugar,orange juice,yogurt,olive oil,spinach,,,,,,,,,,,,
sugar,tea,cereal,yogurt,coffee,,,,,,,,,,,,,,,
onions,cheese,apples,chocolate,bread,,,,,,,,,,,,,,,
olive oil,cereal,eggs,,,,,,,,,,,,,,,,,
potatoes,orange juice,cereal,salmon,flour,butter,pasta,olive oil,,,,,,,,,,,,
milk,pasta,butter,bananas,chicken,bread,,,,,,,,,,,,,,
cheese,bananas,eggs,yogurt,,,,,,,,,,,,,,,,
ground beef,onions,sugar,salmon,apples,rice,butter,chocolate,,,,,,,,,,,,
sugar,spinach,bread,,,,,,,,,,,,,,,,,
ground beef,tomatoes,olive oil,pasta,coffee,cereal,rice,,,,,,,,,,,,,
chicken,coffee,bananas,onions,yogurt,,,,,,,,,,,,,,,
tomatoes,salmon,ground beef,bread,butter,potatoes,olive oil,,,,,,,,,,,,,
spinach,bread,rice,yogurt,chicken,bananas,,,,,,,,,,,,,,
apples,rice,butter,chicken,,,,,,,,,,,,,,,,
rice,orange juice,onions,butter,yogurt,sugar,olive oil,,,,,,,,,,,,,
bananas,chocolate,cheese,olive oil,cereal,eggs,,,,,,,,,,,,,,
rice,chicken,cereal,sugar,milk,potatoes,,,,,,,,,,,,,,
olive oil,sugar,chicken,flour,,,,,,,,,,,,,,,,
eggs,orange juice,cereal,spinach,sugar,,,,,,,,,,,,,,,
bread,milk,,,,,,,,,,,,,,,,,,
apples,tea,cereal,chocolate,cheese,,,,,,,,,,,,,,,
chicken,sugar,rice,bread,milk,salmon,tea,,,,,,,,,,,,,
pasta,sugar,potatoes,,,,,,,,,,,,,,,,,
butter,yogurt,flour,chocolate,bread,milk,,,,,,,,,,,,,,
orange juice,spinach,butter,eggs,cereal,,,,,,,,,,,,,,,
butter,spinach,chocolate,cereal,,,,,,,,,,,,,,,,
potatoes,cheese,chicken,yogurt,olive oil,,,,,,,,,,,,,,,
rice,yogurt,bread,spinach,flour,chicken,olive oil,eggs,,,,,,,,,,,,
spinach,cereal,orange juice,tomatoes,ground beef,potatoes,tea,chicken,,,,,,,,,,,,
ground beef,sugar,bread,apples,salmon,milk,eggs,flour,,,,,,,,,,,,
yogurt,bananas,,,,,,,,,,,,,,,,,,
chicken,,,,,,,,,,,,,,,,,,,
bread,olive oil,,,,,,,,,,,,,,,,,,
spinach,tomatoes,cheese,tea,apples,onions,olive oil,yogurt,,,,,,,,,,,,
salmon,apples,tomatoes,yogurt,,,,,,,,,,,,,,,,
apples,tomatoes,coffee,flour,olive oil,,,,,,,,,,,,,,,
tea,,,,,,,,,,,,,,,,,,,
sugar,onions,eggs,orange juice,olive oil,rice,chicken,,,,,,,,,,,,,
onions,bread,salmon,tomatoes,,,,,,,,,,,,,,,,
salmon,rice,coffee,eggs,cheese,bananas,ground beef,,,,,,,,,,,,,
rice,ground beef,bananas,cereal,flour,pasta,potatoes,,,,,,,,,,,,,
apples,coffee,bananas,onions,tomatoes,bread,,,,,,,,,,,,,,
potatoes,yogurt,,,,,,,,,,,,,,,,,,
rice,butter,coffee,orange juice,,,,,,,,,,,,,,,,
cereal,apples,potatoes,sugar,tomatoes,bananas,,,,,,,,,,,,,,
butter,tea,chocolate,flour,olive oil,ground beef,salmon,,,,,,,,,,,,,
eggs,,,,,,,,,,,,,,,,,,,
apples,milk,eggs,rice,coffee,bananas,cereal,salmon,,,,,,,,,,,,
chocolate,bananas,apples,,,,,,,,,,,,,,,,,
bananas,salmon,cereal,onions,olive oil,sugar,ground beef,,,,,,,,,,,,,
butter,orange juice,eggs,bread,,,,,,,,,,,,,,,,
yogurt,rice,eggs,tea,butter,,,,,,,,,,,,,,,
bananas,ground beef,eggs,orange juice,pasta,tea,rice,sugar,,,,,,,,,,,,
cereal,,,,,,,,,,,,,,,,,,,
butter,sugar,apples,flour,bread,eggs,salmon,coffee,,,,,,,,,,,,
orange juice,chicken,eggs,flour,,,,,,,,,,,,,,,,
onions,tomatoes,pasta,orange juice,apples,,,,,,,,,,,,,,,
ground beef,tomatoes,onions,rice,chicken,eggs,apples,tea,,,,,,,,,,,,
milk,,,,,,,,,,,,,,,,,,,
flour,yogurt,,,,,,,,,,,,,,,,,,
rice,bread,cheese,eggs,chicken,tea,,,,,,,,,,,,,,
flour,eggs,potatoes,coffee,,,,,,,,,,,,,,,,
coffee,yogurt,tea,olive oil,sugar,bread,milk,,,,,,,,,,,,,
bread,orange juice,tea,olive oil,apples,eggs,ground beef,butter,,,,,,,,,,,,
tomatoes,chocolate,bananas,tea,eggs,olive oil,,,,,,,,,,,,,,
pasta,coffee,spinach,chocolate,bananas,,,,,,,,,,,,,,,
salmon,spinach,pasta,cereal,rice,coffee,,,,,,,,,,,,,,
bread,onions,chocolate,cereal,chicken,olive oil,ground beef,tea,,,,,,,,,,,,
chocolate,,,,,,,,,,,,,,,,,,,
onions,,,,,,,,,,,,,,,,,,,
onions,chicken,orange juice,sugar,tomatoes,milk,apples,bread,,,,,,,,,,,,
yogurt,,,,,,,,,,,,,,,,,,,
bananas,chicken,potatoes,salmon,chocolate,yogurt,,,,,,,,,,,,,,
tea,butter,cereal,,,,,,,,,,,,,,,,,
bananas,,,,,,,,,,,,,,,,,,,
tea,butter,ground beef,milk,,,,,,,,,,,,,,,,
bananas,coffee,eggs,chocolate,cereal,,,,,,,,,,,,,,,
tomatoes,eggs,rice,cereal,tea,sugar,apples,cheese,,,,,,,,,,,,
olive oil,bread,pasta,eggs,tomatoes,onions,,,,,,,,,,,,,,
sugar,olive oil,orange juice,spinach,ground beef,,,,,,,,,,,,,,,
eggs,bread,coffee,tea,cheese,orange juice,spinach,,,,,,,,,,,,,
pasta,,,,,,,,,,,,,,,,,,,
cheese,tomatoes,apples,ground beef,coffee,,,,,,,,,,,,,,,
olive oil,,,,,,,,,,,,,,,,,,,
tea,,,,,,,,,,,,,,,,,,,
ground beef,chocolate,bananas,pasta,,,,,,,,,,,,,,,,
sugar,salmon,onions,yogurt,pasta,apples,eggs,coffee,,,,,,,,,,,,
potatoes,cereal,rice,apples,yogurt,milk,bananas,,,,,,,,,,,,,
yogurt,spinach,rice,apples,pasta,,,,,,,,,,,,,,,
rice,tomatoes,cereal,butter,tea,,,,,,,,,,,,,,,
yogurt,onions,ground beef,cheese,flour,,,,,,,,,,,,,,,
chocolate,chicken,potatoes,pasta,spinach,eggs,,,,,,,,,,,,,,
apples,tomatoes,yogurt,spinach,milk,coffee,salmon,butter,,,,,,,,,,,,
chicken,spinach,chocolate,tomatoes,bread,milk,eggs,,,,,,,,,,,,,
tomatoes,yogurt,tea,,,,,,,,,,,,,,,,,
olive oil,milk,tomatoes,apples,eggs,chicken,yogurt,pasta,,,,,,,,,,,,
chicken,chocolate,sugar,cheese,orange juice,bread,,,,,,,,,,,,,,
bananas,cheese,,,,,,,,,,,,,,,,,,
flour,yogurt,potatoes,coffee,cheese,,,,,,,,,,,,,,,
bread,potatoes,chicken,sugar,spinach,apples,,,,,,,,,,,,,,
yogurt,pasta,,,,,,,,,,,,,,,,,,
tea,salmon,pasta,,,,,,,,,,,,,,,,,
spinach,cheese,chicken,ground beef,pasta,milk,tea,coffee,,,,,,,,,,,,
cereal,rice,,,,,,,,,,,,,,,,,,
salmon,butter,,,,,,,,,,,,,,,,,,
ground beef,potatoes,apples,,,,,,,,,,,,,,,,,
flour,bananas,eggs,,,,,,,,,,,,,,,,,
bread,spinach,apples,chocolate,potatoes,ground beef,tomatoes,,,,,,,,,,,,,
apples,coffee,butter,potatoes,spinach,,,,,,,,,,,,,,,
tomatoes,cheese,bananas,flour,sugar,coffee,pasta,yogurt,,,,,,,,,,,,
chocolate,cheese,butter,,,,,,,,,,,,,,,,,
chicken,bananas,bread,apples,milk,,,,,,,,,,,,,,,
tea,ground beef,orange juice,coffee,onions,flour,,,,,,,,,,,,,,
sugar,bananas,rice,,,,,,,,,,,,,,,,,
olive oil,milk,sugar,,,,,,,,,,,,,,,,,
rice,ground beef,flour,onions,chicken,,,,,,,,,,,,,,,
rice,bread,tomatoes,pasta,,,,,,,,,,,,,,,,
onions,,,,,,,,,,,,,,,,,,,
salmon,cereal,,,,,,,,,,,,,,,,,,
spinach,bananas,,,,,,,,,,,,,,,,,,
rice,olive oil,butter,,,,,,,,,,,,,,,,,
rice,chicken,coffee,,,,,,,,,,,,,,,,,
tea,olive oil,butter,,,,,,,,,,,,,,,,,
butter,olive oil,tea,apples,,,,,,,,,,,,,,,,
olive oil,,,,,,,,,,,,,,,,,,,
chicken,olive oil,,,,,,,,,,,,,,,,,,
chocolate,cheese,bananas,potatoes,,,,,,,,,,,,,,,,
ground beef,bananas,chocolate,salmon,rice,tea,,,,,,,,,,,,,,
chicken,pasta,spinach,eggs,olive oil,bread,butter,,,,,,,,,,,,,
spinach,,,,,,,,,,,,,,,,,,,
sugar,,,,,,,,,,,,,,,,,,,
cereal,olive oil,tomatoes,rice,,,,,,,,,,,,,,,,
chocolate,pasta,bananas,onions,coffee,apples,,,,,,,,,,,,,,
chocolate,bananas,spinach,rice,apples,milk,,,,,,,,,,,,,,
milk,apples,onions,,,,,,,,,,,,,,,,,
chicken,apples,,,,,,,,,,,,,,,,,,
orange juice,salmon,eggs,flour,sugar,butter,,,,,,,,,,,,,,
orange juice,bread,apples,,,,,,,,,,,,,,,,,
tea,tomatoes,,,,,,,,,,,,,,,,,,
olive oil,pasta,cheese,coffee,butter,ground beef,cereal,,,,,,,,,,,,,
sugar,chocolate,pasta,tomatoes,,,,,,,,,,,,,,,,
ground beef,chicken,pasta,,,,,,,,,,,,,,,,,
olive oil,chicken,cereal,bananas,milk,,,,,,,,,,,,,,,
coffee,cereal,,,,,,,,,,,,,,,,,,
orange juice,cereal,onions,tea,potatoes,ground beef,tomatoes,milk,,,,,,,,,,,,
pasta,bread,onions,,,,,,,,,,,,,,,,,
tea,butter,rice,milk,olive oil,yogurt,,,,,,,,,,,,,,
butter,orange juice,,,,,,,,,,,,,,,,,,
rice,potatoes,flour,yogurt,sugar,spinach,cheese,,,,,,,,,,,,,
butter,rice,olive oil,flour,tomatoes,milk,potatoes,spinach,,,,,,,,,,,,
orange juice,flour,tomatoes,tea,bananas,sugar,,,,,,,,,,,,,,
salmon,sugar,flour,tomatoes,ground beef,olive oil,milk,,,,,,,,,,,,,
salmon,coffee,tea,cheese,ground beef,pasta,butter,,,,,,,,,,,,,
spinach,bananas,pasta,chicken,bread,eggs,tea,,,,,,,,,,,,,
rice,chocolate,,,,,,,,,,,,,,,,,,
cereal,yogurt,,,,,,,,,,,,,,,,,,
apples,,,,,,,,,,,,,,,,,,,
ground beef,onions,apples,,,,,,,,,,,,,,,,,
salmon,eggs,ground beef,milk,tomatoes,chocolate,chicken,,,,,,,,,,,,,
pasta,chicken,ground beef,tomatoes,,,,,,,,,,,,,,,,
yogurt,chicken,pasta,spinach,milk,tomatoes,,,,,,,,,,,,,,
flour,salmon,bread,ground beef,eggs,,,,,,,,,,,,,,,
butter,chocolate,bananas,pasta,eggs,bread,tomatoes,chicken,,,,,,,,,,,,
tea,cheese,olive oil,,,,,,,,,,,,,,,,,
apples,pasta,salmon,butter,cereal,flour,,,,,,,,,,,,,,
cheese,cereal,tomatoes,,,,,,,,,,,,,,,,,
salmon,pasta,sugar,coffee,,,,,,,,,,,,,,,,
rice,chicken,butter,,,,,,,,,,,,,,,,,
tomatoes,cheese,chocolate,eggs,spinach,coffee,,,,,,,,,,,,,,
orange juice,chicken,olive oil,spinach,bananas,bread,coffee,,,,,,,,,,,,,
eggs,butter,cereal,,,,,,,,,,,,,,,,,
bread,onions,tomatoes,tea,pasta,orange juice,cereal,eggs,,,,,,,,,,,,
onions,,,,,,,,,,,,,,,,,,,
sugar,apples,milk,orange juice,,,,,,,,,,,,,,,,
orange juice,bananas,milk,eggs,bread,,,,,,,,,,,,,,,
orange juice,olive oil,potatoes,spinach,tomatoes,pasta,,,,,,,,,,,,,,
salmon,,,,,,,,,,,,,,,,,,,
ground beef,,,,,,,,,,,,,,,,,,,
salmon,cheese,tea,chicken,cereal,,,,,,,,,,,,,,,
potatoes,onions,bananas,cheese,ground beef,coffee,butter,,,,,,,,,,,,,
tomatoes,tea,apples,onions,orange juice,rice,,,,,,,,,,,,,,
rice,apples,flour,potatoes,chocolate,,,,,,,,,,,,,,,
bananas,apples,butter,rice,yogurt,ground beef,olive oil,cheese,,,,,,,,,,,,
olive oil,chicken,potatoes,ground beef,tea,coffee,chocolate,,,,,,,,,,,,,
potatoes,olive oil,cereal,chocolate,tea,,,,,,,,,,,,,,,
rice,,,,,,,,,,,,,,,,,,,
chocolate,onions,salmon,,,,,,,,,,,,,,,,,
ground beef,cheese,,,,,,,,,,,,,,,,,,
tomatoes,salmon,rice,bananas,eggs,chicken,spinach,apples,,,,,,,,,,,,
potatoes,,,,,,,,,,,,,,,,,,,
tomatoes,cheese,rice,cereal,salmon,yogurt,,,,,,,,,,,,,,
sugar,spinach,ground beef,salmon,,,,,,,,,,,,,,,,
chicken,tomatoes,potatoes,,,,,,,,,,,,,,,,,
coffee,olive oil,,,,,,,,,,,,,,,,,,
flour,pasta,,,,,,,,,,,,,,,,,,
tea,apples,,,,,,,,,,,,,,,,,,
tea,onions,salmon,bread,yogurt,potatoes,olive oil,cheese,,,,,,,,,,,,
chicken,apples,olive oil,,,,,,,,,,,,,,,,,
olive oil,,,,,,,,,,,,,,,,,,,
coffee,cereal,sugar,flour,spinach,milk,onions,cheese,,,,,,,,,,,,
eggs,sugar,salmon,chicken,,,,,,,,,,,,,,,,
orange juice,onions,yogurt,tomatoes,,,,,,,,,,,,,,,,
rice,salmon,bread,chocolate,yogurt,coffee,chicken,tea,,,,,,,,,,,,
chicken,olive oil,flour,orange juice,tomatoes,,,,,,,,,,,,,,,
eggs,salmon,onions,bananas,rice,flour,yogurt,,,,,,,,,,,,,
flour,spinach,coffee,rice,tomatoes,milk,salmon,potatoes,,,,,,,,,,,,
chocolate,cheese,,,,,,,,,,,,,,,,,,
bananas,,,,,,,,,,,,,,,,,,,
bread,cheese,orange juice,rice,eggs,flour,,,,,,,,,,,,,,
bread,chicken,flour,yogurt,,,,,,,,,,,,,,,,
salmon,orange juice,chicken,cereal,potatoes,eggs,,,,,,,,,,,,,,
ground beef,rice,potatoes,flour,cheese,bread,coffee,chocolate,,,,,,,,,,,,
cereal,yogurt,coffee,rice,tomatoes,apples,,,,,,,,,,,,,,
apples,rice,,,,,,,,,,,,,,,,,,
onions,apples,coffee,flour,,,,,,,,,,,,,,,,
tea,salmon,spinach,flour,butter,ground beef,pasta,orange juice,,,,,,,,,,,,
coffee,eggs,ground beef,,,,,,,,,,,,,,,,,
chocolate,rice,cereal,,,,,,,,,,,,,,,,,
apples,chocolate,tea,butter,milk,onions,yogurt,,,,,,,,,,,,,
onions,bananas,bread,tea,yogurt,potatoes,rice,spinach,,,,,,,,,,,,
butter,apples,,,,,,,,,,,,,,,,,,
olive oil,,,,,,,,,,,,,,,,,,,
bread,cheese,sugar,salmon,cereal,olive oil,,,,,,,,,,,,,,
chocolate,bread,spinach,butter,,,,,,,,,,,,,,,,
orange juice,butter,,,,,,,,,,,,,,,,,,
coffee,,,,,,,,,,,,,,,,,,,
eggs,rice,flour,chocolate,apples,ground beef,tea,,,,,,,,,,,,,
milk,yogurt,eggs,bananas,tomatoes,chocolate,spinach,potatoes,,,,,,,,,,,,
chocolate,flour,,,,,,,,,,,,,,,,,,
orange juice,butter,bananas,flour,,,,,,,,,,,,,,,,
onions,potatoes,apples,spinach,salmon,,,,,,,,,,,,,,,
bananas,tomatoes,,,,,,,,,,,,,,,,,,
yogurt,spinach,flour,tomatoes,orange juice,bananas,,,,,,,,,,,,,,
butter,,,,,,,,,,,,,,,,,,,
bananas,potatoes,bread,flour,apples,salmon,,,,,,,,,,,,,,
cereal,olive oil,eggs,,,,,,,,,,,,,,,,,
cereal,chocolate,apples,salmon,eggs,,,,,,,,,,,,,,,
salmon,butter,tea,yogurt,potatoes,,,,,,,,,,,,,,,
milk,yogurt,cereal,tea,apples,chicken,,,,,,,,,,,,,,
olive oil,sugar,tea,yogurt,eggs,,,,,,,,,,,,,,,
spinach,ground beef,,,,,,,,,,,,,,,,,,
spinach,cheese,chicken,ground beef,milk,coffee,bananas,apples,,,,,,,,,,,,
butter,orange juice,apples,potatoes,chocolate,milk,bread,,,,,,,,,,,,,
apples,orange juice,chicken,,,,,,,,,,,,,,,,,
tea,rice,,,,,,,,,,,,,,,,,,
yogurt,tea,chicken,bread,apples,chocolate,sugar,rice,,,,,,,,,,,,
cereal,tomatoes,,,,,,,,,,,,,,,,,,
olive oil,apples,milk,chocolate,tomatoes,,,,,,,,,,,,,,,
bananas,chicken,orange juice,sugar,,,,,,,,,,,,,,,,
cheese,coffee,butter,rice,sugar,orange juice,,,,,,,,,,,,,,
pasta,,,,,,,,,,,,,,,,,,,
onions,bananas,ground beef,,,,,,,,,,,,,,,,,
rice,olive oil,spinach,orange juice,onions,,,,,,,,,,,,,,,
apples,yogurt,sugar,milk,pasta,cereal,,,,,,,,,,,,,,
eggs,cheese,,,,,,,,,,,,,,,,,,
butter,pasta,cereal,,,,,,,,,,,,,,,,,
chocolate,orange juice,bananas,milk,,,,,,,,,,,,,,,,
rice,spinach,butter,,,,,,,,,,,,,,,,,
chocolate,apples,chicken,spinach,yogurt,flour,butter,onions,,,,,,,,,,,,
apples,,,,,,,,,,,,,,,,,,,
tomatoes,olive oil,rice,,,,,,,,,,,,,,,,,
chicken,,,,,,,,,,,,,,,,,,,
ground beef,pasta,olive oil,,,,,,,,,,,,,,,,,
butter,chicken,bread,potatoes,yogurt,spinach,tea,,,,,,,,,,,,,
bread,onions,olive oil,butter,yogurt,ground beef,,,,,,,,,,,,,,
eggs,spinach,bread,apples,orange juice,coffee,chicken,olive oil,,,,,,,,,,,,
potatoes,sugar,bread,,,,,,,,,,,,,,,,,
onions,milk,eggs,tomatoes,orange juice,,,,,,,,,,,,,,,
bananas,coffee,olive oil,orange juice,pasta,eggs,flour,,,,,,,,,,,,,
tea,bananas,tomatoes,onions,flour,butter,chocolate,,,,,,,,,,,,,
chocolate,sugar,milk,onions,salmon,apples,cereal,butter,,,,,,,,,,,,
potatoes,sugar,,,,,,,,,,,,,,,,,,
salmon,ground beef,chicken,chocolate,cereal,,,,,,,,,,,,,,,
tomatoes,bananas,orange juice,spinach,apples,,,,,,,,,,,,,,,
bananas,bread,butter,,,,,,,,,,,,,,,,,
bread,,,,,,,,,,,,,,,,,,,
pasta,cheese,bread,,,,,,,,,,,,,,,,,
orange juice,cheese,butter,pasta,tomatoes,,,,,,,,,,,,,,,
tomatoes,pasta,salmon,apples,,,,,,,,,,,,,,,,
spinach,yogurt,eggs,,,,,,,,,,,,,,,,,
olive oil,eggs,coffee,,,,,,,,,,,,,,,,,
chicken,onions,salmon,,,,,,,,,,,,,,,,,
pasta,olive oil,bananas,cereal,,,,,,,,,,,,,,,,
tomatoes,pasta,sugar,,,,,,,,,,,,,,,,,
eggs,pasta,onions,rice,chicken,ground beef,,,,,,,,,,,,,,
pasta,salmon,,,,,,,,,,,,,,,,,,
butter,onions,rice,cereal,tea,sugar,potatoes,apples,,,,,,,,,,,,
tea,spinach,chicken,yogurt,onions,olive oil,butter,rice,,,,,,,,,,,,
rice,tomatoes,coffee,milk,chocolate,,,,,,,,,,,,,,,
milk,tea,,,,,,,,,,,,,,,,,,
sugar,tea,chocolate,rice,tomatoes,flour,bananas,pasta,,,,,,,,,,,,
cheese,rice,chocolate,milk,flour,,,,,,,,,,,,,,,
butter,olive oil,tomatoes,flour,cereal,,,,,,,,,,,,,,,
rice,olive oil,eggs,salmon,,,,,,,,,,,,,,,,
potatoes,cheese,eggs,yogurt,,,,,,,,,,,,,,,,
chocolate,potatoes,flour,bananas,tea,yogurt,coffee,bread,,,,,,,,,,,,
flour,,,,,,,,,,,,,,,,,,,
cheese,eggs,cereal,,,,,,,,,,,,,,,,,
tomatoes,eggs,apples,bread,spinach,chocolate,,,,,,,,,,,,,,
butter,milk,chicken,,,,,,,,,,,,,,,,,
eggs,rice,pasta,onions,orange juice,,,,,,,,,,,,,,,
spinach,salmon,milk,apples,onions,eggs,cereal,coffee,,,,,,,,,,,,
spinach,coffee,bananas,potatoes,ground beef,sugar,milk,,,,,,,,,,,,,
potatoes,flour,yogurt,cheese,onions,ground beef,sugar,,,,,,,,,,,,,
coffee,cheese,sugar,onions,eggs,chocolate,,,,,,,,,,,,,,
ground beef,tea,cereal,cheese,chocolate,eggs,bananas,coffee,,,,,,,,,,,,
tomatoes,onions,bananas,cheese,cereal,olive oil,eggs,apples,,,,,,,,,,,,
pasta,milk,,,,,,,,,,,,,,,,,,
rice,olive oil,ground beef,milk,chicken,coffee,,,,,,,,,,,,,,
eggs,,,,,,,,,,,,,,,,,,,
pasta,salmon,bananas,orange juice,,,,,,,,,,,,,,,,
eggs,tomatoes,bread,milk,apples,butter,,,,,,,,,,,,,,
tea,cereal,sugar,,,,,,,,,,,,,,,,,
onions,coffee,potatoes,spinach,rice,cheese,chicken,flour,,,,,,,,,,,,
bananas,salmon,chicken,yogurt,,,,,,,,,,,,,,,,
flour,yogurt,butter,bananas,eggs,cereal,,,,,,,,,,,,,,
chocolate,onions,orange juice,salmon,cheese,bread,spinach,potatoes,,,,,,,,,,,,
yogurt,chocolate,sugar,coffee,bread,bananas,butter,ground beef,,,,,,,,,,,,
bread,pasta,cereal,flour,orange juice,bananas,,,,,,,,,,,,,,
olive oil,,,,,,,,,,,,,,,,,,,
cereal,ground beef,onions,orange juice,chicken,pasta,,,,,,,,,,,,,,
coffee,spinach,potatoes,flour,cereal,,,,,,,,,,,,,,,
tomatoes,,,,,,,,,,,,,,,,,,,
milk,eggs,tomatoes,,,,,,,,,,,,,,,,,
tea,cheese,butter,eggs,spinach,coffee,yogurt,,,,,,,,,,,,,
apples,chicken,cheese,flour,coffee,orange juice,,,,,,,,,,,,,,
potatoes,coffee,rice,orange juice,tea,flour,bread,,,,,,,,,,,,,
potatoes,butter,,,,,,,,,,,,,,,,,,
bananas,ground beef,chocolate,cereal,,,,,,,,,,,,,,,,
flour,butter,olive oil,,,,,,,,,,,,,,,,,
chicken,pasta,flour,butter,orange juice,,,,,,,,,,,,,,,
butter,spinach,orange juice,coffee,,,,,,,,,,,,,,,,
butter,spinach,onions,flour,tea,,,,,,,,,,,,,,,
apples,salmon,milk,cheese,coffee,eggs,spinach,tomatoes,,,,,,,,,,,,
onions,spinach,rice,,,,,,,,,,,,,,,,,
spinach,tea,apples,ground beef,milk,,,,,,,,,,,,,,,
ground beef,yogurt,potatoes,,,,,,,,,,,,,,,,,
butter,sugar,tea,,,,,,,,,,,,,,,,,
pasta,yogurt,chicken,,,,,,,,,,,,,,,,,
milk,bread,chocolate,coffee,,,,,,,,,,,,,,,,
milk,,,,,,,,,,,,,,,,,,,
orange juice,cereal,chocolate,chicken,butter,flour,,,,,,,,,,,,,,
cereal,milk,sugar,flour,chocolate,apples,,,,,,,,,,,,,,
coffee,,,,,,,,,,,,,,,,,,,
orange juice,,,,,,,,,,,,,,,,,,,
bananas,orange juice,rice,milk,chocolate,,,,,,,,,,,,,,,
tea,cheese,coffee,onions,cereal,,,,,,,,,,,,,,,
tea,salmon,rice,sugar,apples,,,,,,,,,,,,,,,
potatoes,cereal,sugar,pasta,onions,ground beef,eggs,coffee,,,,,,,,,,,,
apples,cereal,coffee,potatoes,onions,spinach,,,,,,,,,,,,,,
bread,,,,,,,,,,,,,,,,,,,
salmon,tea,chicken,,,,,,,,,,,,,,,,,
salmon,olive oil,cheese,,,,,,,,,,,,,,,,,
salmon,bananas,tomatoes,potatoes,pasta,flour,bread,spinach,,,,,,,,,,,,
cereal,tomatoes,bananas,sugar,orange juice,eggs,pasta,,,,,,,,,,,,,
onions,salmon,potatoes,cheese,milk,,,,,,,,,,,,,,,
chicken,chocolate,potatoes,tea,salmon,butter,eggs,onions,,,,,,,,,,,,
rice,,,,,,,,,,,,,,,,,,,
potatoes,salmon,,,,,,,,,,,,,,,,,,
butter,yogurt,rice,bananas,salmon,onions,tea,,,,,,,,,,,,,
apples,milk,cheese,ground beef,,,,,,,,,,,,,,,,
apples,cheese,ground beef,tomatoes,milk,,,,,,,,,,,,,,,
bread,apples,,,,,,,,,,,,,,,,,,
tomatoes,apples,eggs,yogurt,flour,,,,,,,,,,,,,,,
spinach,potatoes,chocolate,tea,coffee,,,,,,,,,,,,,,,
chicken,eggs,apples,olive oil,orange juice,milk,cheese,,,,,,,,,,,,,
ground beef,orange juice,tomatoes,flour,apples,butter,bread,tea,,,,,,,,,,,,
salmon,bananas,,,,,,,,,,,,,,,,,,
chocolate,cheese,yogurt,sugar,potatoes,,,,,,,,,,,,,,,
flour,rice,pasta,salmon,milk,,,,,,,,,,,,,,,
flour,orange juice,olive oil,tomatoes,eggs,,,,,,,,,,,,,,,
coffee,potatoes,sugar,bread,chicken,,,,,,,,,,,,,,,
tomatoes,cheese,eggs,,,,,,,,,,,,,,,,,
yogurt,apples,pasta,salmon,tea,,,,,,,,,,,,,,,
salmon,flour,milk,ground beef,yogurt,butter,sugar,chocolate,,,,,,,,,,,,
tomatoes,butter,rice,ground beef,sugar,eggs,flour,,,,,,,,,,,,,
milk,orange juice,onions,chocolate,chicken,tea,olive oil,cheese,,,,,,,,,,,,
yogurt,,,,,,,,,,,,,,,,,,,
cereal,,,,,,,,,,,,,,,,,,,
tomatoes,cheese,butter,potatoes,apples,yogurt,olive oil,chicken,,,,,,,,,,,,
salmon,butter,chocolate,tea,,,,,,,,,,,,,,,,
cheese,sugar,butter,coffee,ground beef,spinach,,,,,,,,,,,,,,
ground beef,spinach,coffee,,,,,,,,,,,,,,,,,
flour,cheese,butter,coffee,chicken,olive oil,,,,,,,,,,,,,,
cheese,coffee,pasta,milk,salmon,,,,,,,,,,,,,,,
milk,sugar,orange juice,spinach,,,,,,,,,,,,,,,,
bread,orange juice,flour,tea,chicken,tomatoes,cheese,,,,,,,,,,,,,
onions,bread,milk,yogurt,chocolate,,,,,,,,,,,,,,,
milk,,,,,,,,,,,,,,,,,,,
chicken,butter,cereal,coffee,potatoes,tomatoes,,,,,,,,,,,,,,
coffee,sugar,eggs,cheese,flour,rice,potatoes,,,,,,,,,,,,,
eggs,bread,ground beef,,,,,,,,,,,,,,,,,
olive oil,rice,potatoes,pasta,tea,apples,,,,,,,,,,,,,,
onions,apples,,,,,,,,,,,,,,,,,,
ground beef,tomatoes,chicken,onions,cheese,tea,orange juice,,,,,,,,,,,,,
bread,spinach,bananas,chicken,pasta,eggs,,,,,,,,,,,,,,
chicken,cereal,,,,,,,,,,,,,,,,,,
onions,salmon,chicken,cheese,milk,,,,,,,,,,,,,,,
bread,sugar,tomatoes,eggs,apples,,,,,,,,,,,,,,,
cheese,spinach,potatoes,bananas,pasta,butter,,,,,,,,,,,,,,
pasta,spinach,tomatoes,potatoes,ground beef,flour,salmon,,,,,,,,,,,,,
eggs,tomatoes,chicken,,,,,,,,,,,,,,,,,
cereal,pasta,,,,,,,,,,,,,,,,,,
onions,orange juice,olive oil,rice,ground beef,tomatoes,,,,,,,,,,,,,,
salmon,olive oil,,,,,,,,,,,,,,,,,,
butter,chocolate,salmon,sugar,,,,,,,,,,,,,,,,
coffee,cheese,salmon,milk,yogurt,ground beef,apples,,,,,,,,,,,,,
olive oil,yogurt,tomatoes,chicken,chocolate,tea,potatoes,pasta,,,,,,,,,,,,
yogurt,flour,,,,,,,,,,,,,,,,,,
onions,coffee,rice,ground beef,salmon,chocolate,,,,,,,,,,,,,,
tea,chocolate,onions,ground beef,rice,tomatoes,,,,,,,,,,,,,,
coffee,olive oil,butter,apples,cheese,bananas,milk,,,,,,,,,,,,,
chocolate,,,,,,,,,,,,,,,,,,,
rice,cheese,,,,,,,,,,,,,,,,,,
chocolate,milk,bananas,tomatoes,tea,onions,cheese,sugar,,,,,,,,,,,,
cereal,tomatoes,eggs,orange juice,chocolate,potatoes,,,,,,,,,,,,,,
onions,tea,,,,,,,,,,,,,,,,,,
cereal,,,,,,,,,,,,,,,,,,,
eggs,chicken,butter,olive oil,,,,,,,,,,,,,,,,
cheese,,,,,,,,,,,,,,,,,,,
potatoes,tea,bread,butter,chicken,,,,,,,,,,,,,,,
sugar,yogurt,chicken,,,,,,,,,,,,,,,,,
ground beef,eggs,potatoes,,,,,,,,,,,,,,,,,
eggs,cereal,chocolate,bananas,ground beef,tomatoes,,,,,,,,,,,,,,
orange juice,potatoes,eggs,bananas,cheese,milk,coffee,,,,,,,,,,,,,
potatoes,eggs,apples,,,,,,,,,,,,,,,,,
tea,,,,,,,,,,,,,,,,,,,
bananas,spinach,tea,yogurt,,,,,,,,,,,,,,,,
coffee,cheese,rice,cereal,tea,bananas,milk,,,,,,,,,,,,,
yogurt,,,,,,,,,,,,,,,,,,,
eggs,flour,bread,,,,,,,,,,,,,,,,,
coffee,potatoes,salmon,chicken,,,,,,,,,,,,,,,,
olive oil,eggs,pasta,,,,,,,,,,,,,,,,,
bananas,ground beef,chicken,,,,,,,,,,,,,,,,,
olive oil,cereal,yogurt,,,,,,,,,,,,,,,,,
bananas,milk,,,,,,,,,,,,,,,,,,
apples,bread,milk,,,,,,,,,,,,,,,,,
yogurt,cereal,bread,,,,,,,,,,,,,,,,,
bananas,apples,cereal,,,,,,,,,,,,,,,,,
sugar,orange juice,pasta,,,,,,,,,,,,,,,,,
pasta,milk,cheese,cereal,flour,bananas,chocolate,chicken,,,,,,,,,,,,
chicken,olive oil,,,,,,,,,,,,,,,,,,
tomatoes,cheese,milk,,,,,,,,,,,,,,,,,
cereal,bananas,coffee,pasta,,,,,,,,,,,,,,,,
rice,,,,,,,,,,,,,,,,,,,
chocolate,cheese,rice,potatoes,chicken,tomatoes,onions,,,,,,,,,,,,,
eggs,,,,,,,,,,,,,,,,,,,
olive oil,flour,butter,potatoes,spinach,onions,cereal,,,,,,,,,,,,,
chicken,potatoes,onions,tomatoes,coffee,,,,,,,,,,,,,,,
bananas,cheese,sugar,olive oil,apples,salmon,eggs,orange juice,,,,,,,,,,,,
olive oil,ground beef,apples,potatoes,spinach,sugar,tea,,,,,,,,,,,,,
cheese,pasta,milk,salmon,bananas,cereal,spinach,,,,,,,,,,,,,
apples,salmon,orange juice,rice,bananas,,,,,,,,,,,,,,,
onions,pasta,cheese,olive oil,coffee,ground beef,yogurt,,,,,,,,,,,,,
flour,salmon,butter,cereal,,,,,,,,,,,,,,,,
ground beef,,,,,,,,,,,,,,,,,,,
sugar,rice,orange juice,tomatoes,eggs,butter,,,,,,,,,,,,,,
flour,potatoes,salmon,,,,,,,,,,,,,,,,,
bananas,milk,,,,,,,,,,,,,,,,,,
chicken,butter,bananas,milk,flour,chocolate,rice,pasta,,,,,,,,,,,,
chicken,butter,bread,olive oil,coffee,apples,ground beef,,,,,,,,,,,,,
pasta,chicken,bananas,,,,,,,,,,,,,,,,,
salmon,tomatoes,chicken,ground beef,flour,coffee,orange juice,apples,,,,,,,,,,,,
butter,,,,,,,,,,,,,,,,,,,
olive oil,onions,tomatoes,coffee,bananas,cereal,ground beef,chocolate,,,,,,,,,,,,
butter,cheese,ground beef,chicken,,,,,,,,,,,,,,,,
ground beef,sugar,bananas,milk,tomatoes,spinach,bread,,,,,,,,,,,,,
butter,,,,,,,,,,,,,,,,,,,
coffee,ground beef,yogurt,cereal,potatoes,eggs,,,,,,,,,,,,,,
spinach,chicken,rice,chocolate,ground beef,,,,,,,,,,,,,,,
cheese,,,,,,,,,,,,,,,,,,,
sugar,chicken,flour,potatoes,tea,orange juice,rice,,,,,,,,,,,,,
chicken,potatoes,olive oil,,,,,,,,,,,,,,,,,
tomatoes,ground beef,cheese,rice,onions,,,,,,,,,,,,,,,
salmon,,,,,,,,,,,,,,,,,,,
cereal,,,,,,,,,,,,,,,,,,,
bread,flour,tea,ground beef,,,,,,,,,,,,,,,,
flour,onions,bread,,,,,,,,,,,,,,,,,
salmon,sugar,cheese,chicken,,,,,,,,,,,,,,,,
cereal,coffee,chicken,cheese,,,,,,,,,,,,,,,,
eggs,flour,,,,,,,,,,,,,,,,,,
onions,tea,apples,coffee,olive oil,bananas,butter,milk,,,,,,,,,,,,
ground beef,onions,spinach,salmon,orange juice,chocolate,yogurt,cheese,,,,,,,,,,,,
butter,apples,bread,chocolate,,,,,,,,,,,,,,,,
butter,,,,,,,,,,,,,,,,,,,
cereal,chocolate,eggs,potatoes,apples,bananas,cheese,,,,,,,,,,,,,
onions,chocolate,tea,cheese,coffee,orange juice,sugar,potatoes,,,,,,,,,,,,
apples,bananas,cheese,flour,sugar,pasta,,,,,,,,,,,,,,
onions,cheese,eggs,,,,,,,,,,,,,,,,,
chicken,spinach,tea,,,,,,,,,,,,,,,,,
cereal,,,,,,,,,,,,,,,,,,,
pasta,,,,,,,,,,,,,,,,,,,
bananas,,,,,,,,,,,,,,,,,,,
coffee,chicken,spinach,cheese,,,,,,,,,,,,,,,,
bananas,,,,,,,,,,,,,,,,,,,
sugar,olive oil,tomatoes,tea,,,,,,,,,,,,,,,,
chocolate,tea,eggs,cereal,spinach,ground beef,coffee,,,,,,,,,,,,,
olive oil,ground beef,onions,potatoes,orange juice,yogurt,salmon,,,,,,,,,,,,,
bananas,orange juice,rice,coffee,,,,,,,,,,,,,,,,
ground beef,pasta,milk,eggs,salmon,rice,cheese,onions,,,,,,,,,,,,
apples,cheese,orange juice,bread,,,,,,,,,,,,,,,,
spinach,salmon,cereal,eggs,chicken,,,,,,,,,,,,,,,
tomatoes,,,,,,,,,,,,,,,,,,,
potatoes,,,,,,,,,,,,,,,,,,,
spinach,cheese,butter,milk,pasta,chocolate,,,,,,,,,,,,,,
flour,cheese,yogurt,eggs,pasta,cereal,butter,tomatoes,,,,,,,,,,,,
cereal,coffee,eggs,,,,,,,,,,,,,,,,,
olive oil,ground beef,onions,bread,cheese,apples,chicken,,,,,,,,,,,,,
pasta,,,,,,,,,,,,,,,,,,,
orange juice,bananas,onions,chicken,potatoes,bread,milk,tea,,,,,,,,,,,,
butter,potatoes,chicken,cereal,salmon,pasta,,,,,,,,,,,,,,
spinach,pasta,cheese,ground beef,coffee,onions,,,,,,,,,,,,,,
tomatoes,salmon,,,,,,,,,,,,,,,,,,
tomatoes,salmon,,,,,,,,,,,,,,,,,,
bread,milk,,,,,,,,,,,,,,,,,,
chocolate,onions,sugar,butter,apples,spinach,,,,,,,,,,,,,,
flour,yogurt,chicken,tomatoes,,,,,,,,,,,,,,,,
apples,salmon,butter,olive oil,coffee,orange juice,rice,sugar,,,,,,,,,,,,
ground beef,cheese,orange juice,rice,,,,,,,,,,,,,,,,
tea,onions,milk,rice,apples,potatoes,chocolate,,,,,,,,,,,,,
yogurt,cereal,butter,coffee,spinach,salmon,chicken,,,,,,,,,,,,,
butter,salmon,yogurt,,,,,,,,,,,,,,,,,
eggs,cheese,flour,pasta,butter,chicken,,,,,,,,,,,,,,
milk,,,,,,,,,,,,,,,,,,,
coffee,ground beef,,,,,,,,,,,,,,,,,,
eggs,salmon,tea,bread,potatoes,spinach,,,,,,,,,,,,,,
orange juice,,,,,,,,,,,,,,,,,,,
butter,bananas,,,,,,,,,,,,,,,,,,
cereal,coffee,tomatoes,butter,chicken,onions,orange juice,,,,,,,,,,,,,
onions,spinach,,,,,,,,,,,,,,,,,,
eggs,spinach,milk,,,,,,,,,,,,,,,,,
salmon,tomatoes,cereal,tea,chocolate,,,,,,,,,,,,,,,
orange juice,salmon,ground beef,olive oil,milk,bananas,,,,,,,,,,,,,,
onions,coffee,sugar,eggs,tea,rice,tomatoes,,,,,,,,,,,,,
yogurt,pasta,,,,,,,,,,,,,,,,,,
potatoes,ground beef,eggs,onions,orange juice,butter,milk,,,,,,,,,,,,,
eggs,onions,spinach,sugar,butter,ground beef,,,,,,,,,,,,,,
chicken,eggs,apples,milk,,,,,,,,,,,,,,,,
eggs,bananas,bread,cereal,pasta,,,,,,,,,,,,,,,
eggs,rice,spinach,,,,,,,,,,,,,,,,,
yogurt,milk,pasta,butter,ground beef,salmon,bread,,,,,,,,,,,,,
bananas,chocolate,potatoes,rice,butter,chicken,tea,onions,,,,,,,,,,,,
potatoes,milk,onions,spinach,ground beef,,,,,,,,,,,,,,,
chicken,sugar,potatoes,flour,apples,,,,,,,,,,,,,,,
pasta,flour,olive oil,rice,sugar,chocolate,,,,,,,,,,,,,,
onions,potatoes,sugar,spinach,pasta,,,,,,,,,,,,,,,
bananas,,,,,,,,,,,,,,,,,,,
bananas,cereal,,,,,,,,,,,,,,,,,,
potatoes,butter,ground beef,eggs,yogurt,pasta,onions,,,,,,,,,,,,,
cheese,olive oil,potatoes,,,,,,,,,,,,,,,,,
potatoes,yogurt,salmon,eggs,rice,,,,,,,,,,,,,,,
potatoes,orange juice,tomatoes,,,,,,,,,,,,,,,,,
olive oil,flour,chicken,ground beef,sugar,cereal,butter,,,,,,,,,,,,,
potatoes,pasta,,,,,,,,,,,,,,,,,,
cheese,ground beef,bread,,,,,,,,,,,,,,,,,
pasta,rice,tomatoes,,,,,,,,,,,,,,,,,
eggs,bananas,spinach,apples,,,,,,,,,,,,,,,,
bread,bananas,rice,tea,onions,,,,,,,,,,,,,,,
tea,,,,,,,,,,,,,,,,,,,
butter,flour,bread,sugar,coffee,cereal,eggs,,,,,,,,,,,,,
orange juice,sugar,butter,onions,salmon,bread,cheese,tomatoes,,,,,,,,,,,,
cereal,ground beef,,,,,,,,,,,,,,,,,,
tomatoes,spinach,apples,bread,cereal,potatoes,,,,,,,,,,,,,,
coffee,milk,orange juice,cheese,eggs,,,,,,,,,,,,,,,
bread,yogurt,butter,tomatoes,rice,chocolate,coffee,sugar,,,,,,,,,,,,
tea,sugar,coffee,cheese,,,,,,,,,,,,,,,,
butter,salmon,,,,,,,,,,,,,,,,,,
bread,salmon,cereal,ground beef,,,,,,,,,,,,,,,,
apples,flour,bananas,rice,,,,,,,,,,,,,,,,
ground beef,chicken,tea,flour,,,,,,,,,,,,,,,,
tea,,,,,,,,,,,,,,,,,,,
bananas,sugar,onions,tomatoes,chocolate,,,,,,,,,,,,,,,
tea,eggs,salmon,apples,flour,chicken,,,,,,,,,,,,,,
bread,tea,cereal,sugar,,,,,,,,,,,,,,,,
potatoes,apples,flour,olive oil,milk,bread,cereal,eggs,,,,,,,,,,,,
flour,apples,cereal,pasta,chicken,eggs,butter,potatoes,,,,,,,,,,,,
butter,olive oil,tea,apples,,,,,,,,,,,,,,,,
salmon,rice,tomatoes,chicken,,,,,,,,,,,,,,,,
onions,rice,cheese,orange juice,yogurt,,,,,,,,,,,,,,,
cereal,ground beef,,,,,,,,,,,,,,,,,,
onions,,,,,,,,,,,,,,,,,,,
olive oil,yogurt,chicken,,,,,,,,,,,,,,,,,
coffee,chocolate,chicken,rice,olive oil,orange juice,yogurt,potatoes,,,,,,,,,,,,
tomatoes,flour,bread,cereal,apples,orange juice,,,,,,,,,,,,,,
sugar,orange juice,apples,spinach,,,,,,,,,,,,,,,,
flour,olive oil,coffee,,,,,,,,,,,,,,,,,
sugar,pasta,cereal,chocolate,ground beef,salmon,eggs,,,,,,,,,,,,,
cheese,salmon,orange juice,,,,,,,,,,,,,,,,,
cereal,rice,bread,spinach,flour,salmon,orange juice,,,,,,,,,,,,,
coffee,chocolate,bananas,,,,,,,,,,,,,,,,,
orange juice,chicken,sugar,,,,,,,,,,,,,,,,,
potatoes,bananas,tomatoes,olive oil,,,,,,,,,,,,,,,,
coffee,salmon,bread,,,,,,,,,,,,,,,,,
spinach,orange juice,potatoes,cereal,yogurt,tea,butter,bread,,,,,,,,,,,,
onions,chicken,tea,flour,salmon,olive oil,,,,,,,,,,,,,,
eggs,spinach,,,,,,,,,,,,,,,,,,
salmon,bread,apples,,,,,,,,,,,,,,,,,
tea,apples,yogurt,onions,chocolate,spinach,bananas,,,,,,,,,,,,,
cereal,olive oil,chocolate,rice,pasta,yogurt,bread,tomatoes,,,,,,,,,,,,
potatoes,coffee,salmon,pasta,onions,bread,cheese,butter,,,,,,,,,,,,
yogurt,coffee,eggs,chicken,rice,spinach,,,,,,,,,,,,,,
rice,cereal,salmon,orange juice,pasta,bananas,eggs,potatoes,,,,,,,,,,,,
bread,onions,rice,flour,,,,,,,,,,,,,,,,
bananas,eggs,milk,spinach,salmon,onions,yogurt,orange juice,,,,,,,,,,,,
eggs,pasta,bananas,salmon,cereal,potatoes,rice,,,,,,,,,,,,,
yogurt,cheese,ground beef,salmon,olive oil,tomatoes,rice,,,,,,,,,,,,,
ground beef,pasta,,,,,,,,,,,,,,,,,,
onions,bananas,,,,,,,,,,,,,,,,,,
orange juice,potatoes,rice,apples,,,,,,,,,,,,,,,,
pasta,onions,cereal,tomatoes,chocolate,cheese,olive oil,,,,,,,,,,,,,
rice,cereal,cheese,orange juice,apples,,,,,,,,,,,,,,,
yogurt,apples,pasta,chicken,,,,,,,,,,,,,,,,
spinach,bread,salmon,,,,,,,,,,,,,,,,,
chicken,salmon,sugar,cereal,ground beef,potatoes,orange juice,rice,,,,,,,,,,,,
chocolate,onions,rice,bananas,chicken,butter,sugar,coffee,,,,,,,,,,,,
cereal,rice,ground beef,pasta,onions,potatoes,,,,,,,,,,,,,,
chicken,olive oil,apples,,,,,,,,,,,,,,,,,
orange juice,cheese,onions,chocolate,chicken,bananas,pasta,ground beef,,,,,,,,,,,,
orange juice,yogurt,cheese,,,,,,,,,,,,,,,,,
onions,,,,,,,,,,,,,,,,,,,
bananas,apples,ground beef,,,,,,,,,,,,,,,,,
ground beef,salmon,cereal,bananas,spinach,eggs,,,,,,,,,,,,,,
spinach,ground beef,pasta,rice,milk,,,,,,,,,,,,,,,
ground beef,tea,bread,eggs,apples,,,,,,,,,,,,,,,
coffee,cereal,,,,,,,,,,,,,,,,,,
bread,spinach,,,,,,,,,,,,,,,,,,
eggs,cereal,flour,tomatoes,,,,,,,,,,,,,,,,
olive oil,spinach,chicken,cheese,milk,yogurt,bread,,,,,,,,,,,,,
orange juice,onions,pasta,,,,,,,,,,,,,,,,,
pasta,sugar,potatoes,bread,cheese,coffee,,,,,,,,,,,,,,
butter,flour,sugar,milk,bread,potatoes,orange juice,,,,,,,,,,,,,
spinach,yogurt,cereal,olive oil,tomatoes,eggs,,,,,,,,,,,,,,
apples,orange juice,milk,,,,,,,,,,,,,,,,,
yogurt,cheese,olive oil,coffee,sugar,eggs,butter,potatoes,,,,,,,,,,,,
pasta,olive oil,butter,bread,cheese,,,,,,,,,,,,,,,
coffee,pasta,cheese,olive oil,yogurt,chicken,potatoes,,,,,,,,,,,,,
bananas,,,,,,,,,,,,,,,,,,,
bananas,cheese,flour,butter,olive oil,sugar,,,,,,,,,,,,,,
salmon,,,,,,,,,,,,,,,,,,,
yogurt,cereal,tea,,,,,,,,,,,,,,,,,
chicken,tea,tomatoes,bread,coffee,potatoes,rice,salmon,,,,,,,,,,,,
salmon,cheese,spinach,orange juice,,,,,,,,,,,,,,,,
cereal,bread,chicken,apples,,,,,,,,,,,,,,,,
ground beef,spinach,potatoes,bananas,,,,,,,,,,,,,,,,
cereal,flour,salmon,cheese,spinach,,,,,,,,,,,,,,,
salmon,,,,,,,,,,,,,,,,,,,
pasta,potatoes,cheese,cereal,sugar,,,,,,,,,,,,,,,
chicken,yogurt,milk,bananas,tea,olive oil,rice,,,,,,,,,,,,,
tomatoes,rice,,,,,,,,,,,,,,,,,,
pasta,sugar,potatoes,bananas,,,,,,,,,,,,,,,,
tomatoes,chocolate,sugar,tea,,,,,,,,,,,,,,,,
potatoes,cheese,bread,spinach,yogurt,rice,,,,,,,,,,,,,,
pasta,apples,ground beef,tomatoes,butter,tea,bananas,chocolate,,,,,,,,,,,,
butter,onions,chocolate,rice,chicken,eggs,,,,,,,,,,,,,,
yogurt,bread,spinach,,,,,,,,,,,,,,,,,
cereal,cheese,tea,flour,butter,,,,,,,,,,,,,,,
onions,eggs,,,,,,,,,,,,,,,,,,
tomatoes,onions,spinach,flour,chocolate,salmon,,,,,,,,,,,,,,
eggs,tomatoes,chicken,rice,ground beef,coffee,pasta,yogurt,,,,,,,,,,,,
flour,orange juice,potatoes,salmon,eggs,tea,yogurt,chocolate,,,,,,,,,,,,
cereal,salmon,potatoes,yogurt,pasta,chicken,,,,,,,,,,,,,,
tomatoes,cheese,eggs,flour,chicken,chocolate,sugar,yogurt,,,,,,,,,,,,
onions,potatoes,olive oil,salmon,bananas,flour,sugar,cereal,,,,,,,,,,,,
coffee,tomatoes,,,,,,,,,,,,,,,,,,
chicken,orange juice,potatoes,cheese,milk,chocolate,,,,,,,,,,,,,,
flour,bananas,yogurt,potatoes,eggs,rice,olive oil,sugar,,,,,,,,,,,,
flour,cereal,yogurt,bananas,rice,milk,eggs,,,,,,,,,,,,,
coffee,onions,cheese,spinach,butter,,,,,,,,,,,,,,,
yogurt,spinach,,,,,,,,,,,,,,,,,,
eggs,apples,,,,,,,,,,,,,,,,,,
rice,butter,spinach,,,,,,,,,,,,,,,,,
flour,cheese,salmon,potatoes,rice,bread,sugar,bananas,,,,,,,,,,,,
tomatoes,ground beef,tea,,,,,,,,,,,,,,,,,
tomatoes,flour,ground beef,spinach,yogurt,sugar,milk,bread,,,,,,,,,,,,
sugar,cereal,spinach,flour,,,,,,,,,,,,,,,,
cheese,coffee,cereal,,,,,,,,,,,,,,,,,
yogurt,sugar,pasta,,,,,,,,,,,,,,,,,
apples,pasta,,,,,,,,,,,,,,,,,,
cereal,olive oil,bananas,pasta,flour,,,,,,,,,,,,,,,
coffee,bread,,,,,,,,,,,,,,,,,,
yogurt,bananas,coffee,olive oil,orange juice,bread,milk,,,,,,,,,,,,,
tomatoes,,,,,,,,,,,,,,,,,,,
orange juice,tomatoes,apples,bread,tea,,,,,,,,,,,,,,,
pasta,coffee,eggs,bread,tea,spinach,olive oil,,,,,,,,,,,,,
cheese,yogurt,ground beef,pasta,butter,onions,olive oil,bread,,,,,,,,,,,,
rice,ground beef,,,,,,,,,,,,,,,,,,
orange juice,sugar,chocolate,tomatoes,rice,flour,,,,,,,,,,,,,,
eggs,sugar,tomatoes,apples,coffee,,,,,,,,,,,,,,,
orange juice,sugar,butter,salmon,,,,,,,,,,,,,,,,
cheese,butter,potatoes,milk,onions,,,,,,,,,,,,,,,
flour,chocolate,rice,butter,potatoes,,,,,,,,,,,,,,,
pasta,salmon,milk,olive oil,bread,yogurt,orange juice,,,,,,,,,,,,,
chocolate,salmon,olive oil,eggs,,,,,,,,,,,,,,,,
bananas,cereal,potatoes,,,,,,,,,,,,,,,,,
olive oil,salmon,sugar,coffee,pasta,,,,,,,,,,,,,,,
potatoes,bananas,milk,flour,sugar,pasta,,,,,,,,,,,,,,
ground beef,orange juice,flour,apples,potatoes,chicken,sugar,,,,,,,,,,,,,
olive oil,rice,butter,milk,,,,,,,,,,,,,,,,
apples,,,,,,,,,,,,,,,,,,,
flour,bread,sugar,potatoes,yogurt,,,,,,,,,,,,,,,
potatoes,salmon,tomatoes,olive oil,sugar,rice,,,,,,,,,,,,,,
chicken,milk,apples,,,,,,,,,,,,,,,,,
rice,apples,pasta,potatoes,sugar,chicken,,,,,,,,,,,,,,
flour,orange juice,onions,salmon,chicken,bread,bananas,,,,,,,,,,,,,
coffee,chocolate,pasta,rice,yogurt,butter,sugar,,,,,,,,,,,,,
salmon,flour,cheese,chocolate,yogurt,bread,,,,,,,,,,,,,,
milk,potatoes,onions,,,,,,,,,,,,,,,,,
cheese,potatoes,,,,,,,,,,,,,,,,,,
chicken,potatoes,ground beef,cereal,bread,apples,olive oil,,,,,,,,,,,,,
butter,cereal,sugar,spinach,,,,,,,,,,,,,,,,
salmon,apples,chicken,chocolate,eggs,rice,coffee,bananas,,,,,,,,,,,,
cereal,yogurt,olive oil,rice,butter,coffee,,,,,,,,,,,,,,
orange juice,cheese,eggs,sugar,chocolate,,,,,,,,,,,,,,,
butter,sugar,,,,,,,,,,,,,,,,,,
milk,tea,chocolate,bread,cheese,butter,,,,,,,,,,,,,,
flour,coffee,olive oil,salmon,,,,,,,,,,,,,,,,
milk,chicken,coffee,,,,,,,,,,,,,,,,,
spinach,potatoes,chocolate,,,,,,,,,,,,,,,,,
eggs,butter,bananas,cheese,ground beef,flour,salmon,,,,,,,,,,,,,
bananas,coffee,onions,cereal,,,,,,,,,,,,,,,,
spinach,flour,cereal,apples,milk,tea,,,,,,,,,,,,,,
olive oil,cereal,salmon,eggs,,,,,,,,,,,,,,,,
eggs,chicken,chocolate,spinach,salmon,,,,,,,,,,,,,,,
cereal,salmon,tomatoes,,,,,,,,,,,,,,,,,
bread,milk,eggs,cereal,spinach,,,,,,,,,,,,,,,
pasta,,,,,,,,,,,,,,,,,,,
flour,cereal,onions,chicken,tomatoes,chocolate,milk,spinach,,,,,,,,,,,,
cereal,onions,orange juice,pasta,butter,,,,,,,,,,,,,,,
tea,tomatoes,potatoes,,,,,,,,,,,,,,,,,
onions,butter,,,,,,,,,,,,,,,,,,
eggs,,,,,,,,,,,,,,,,,,,
tomatoes,cereal,coffee,,,,,,,,,,,,,,,,,
salmon,potatoes,,,,,,,,,,,,,,,,,,
yogurt,,,,,,,,,,,,,,,,,,,
bread,,,,,,,,,,,,,,,,,,,
sugar,,,,,,,,,,,,,,,,,,,
yogurt,tea,tomatoes,pasta,ground beef,coffee,olive oil,,,,,,,,,,,,,
chicken,sugar,onions,tomatoes,bananas,chocolate,cereal,apples,,,,,,,,,,,,
onions,cereal,bread,orange juice,rice,,,,,,,,,,,,,,,
potatoes,flour,chicken,bananas,,,,,,,,,,,,,,,,
ground beef,olive oil,yogurt,chicken,eggs,pasta,,,,,,,,,,,,,,
coffee,ground beef,flour,,,,,,,,,,,,,,,,,
cereal,yogurt,flour,chicken,chocolate,coffee,,,,,,,,,,,,,,
flour,cereal,butter,chicken,rice,,,,,,,,,,,,,,,
eggs,sugar,ground beef,tea,bananas,cheese,,,,,,,,,,,,,,
yogurt,rice,bananas,,,,,,,,,,,,,,,,,
pasta,bread,salmon,yogurt,potatoes,tea,coffee,tomatoes,,,,,,,,,,,,
salmon,yogurt,,,,,,,,,,,,,,,,,,
cereal,,,,,,,,,,,,,,,,,,,
milk,chocolate,tomatoes,,,,,,,,,,,,,,,,,
coffee,milk,pasta,eggs,,,,,,,,,,,,,,,,
chicken,tomatoes,butter,tea,bread,coffee,orange juice,,,,,,,,,,,,,
cheese,rice,flour,sugar,,,,,,,,,,,,,,,,
rice,onions,tea,tomatoes,,,,,,,,,,,,,,,,
eggs,flour,spinach,yogurt,coffee,bread,,,,,,,,,,,,,,
cereal,pasta,orange juice,,,,,,,,,,,,,,,,,
tomatoes,eggs,coffee,,,,,,,,,,,,,,,,,
rice,butter,onions,cheese,ground beef,bananas,sugar,flour,,,,,,,,,,,,
milk,rice,chicken,olive oil,sugar,apples,onions,bread,,,,,,,,,,,,
cereal,spinach,cheese,potatoes,tomatoes,,,,,,,,,,,,,,,
pasta,yogurt,milk,,,,,,,,,,,,,,,,,
salmon,bread,tomatoes,flour,cheese,coffee,,,,,,,,,,,,,,
orange juice,chocolate,olive oil,spinach,,,,,,,,,,,,,,,,
spinach,bread,orange juice,pasta,cheese,olive oil,,,,,,,,,,,,,,
orange juice,cereal,bread,milk,coffee,spinach,olive oil,,,,,,,,,,,,,
pasta,coffee,tomatoes,apples,,,,,,,,,,,,,,,,
chocolate,onions,,,,,,,,,,,,,,,,,,
yogurt,cereal,coffee,olive oil,apples,,,,,,,,,,,,,,,
potatoes,,,,,,,,,,,,,,,,,,,
olive oil,pasta,spinach,chocolate,potatoes,yogurt,cheese,rice,,,,,,,,,,,,
rice,potatoes,tomatoes,chicken,milk,chocolate,spinach,olive oil,,,,,,,,,,,,
butter,coffee,sugar,chicken,eggs,bread,potatoes,flour,,,,,,,,,,,,
apples,coffee,olive oil,salmon,cheese,,,,,,,,,,,,,,,
milk,bread,bananas,,,,,,,,,,,,,,,,,
butter,tomatoes,,,,,,,,,,,,,,,,,,
milk,onions,bananas,tea,,,,,,,,,,,,,,,,
olive oil,ground beef,pasta,spinach,orange juice,rice,chicken,,,,,,,,,,,,,
chicken,tea,cheese,potatoes,cereal,sugar,eggs,yogurt,,,,,,,,,,,,
tomatoes,chicken,flour,cereal,orange juice,chocolate,spinach,yogurt,,,,,,,,,,,,
potatoes,,,,,,,,,,,,,,,,,,,
olive oil,eggs,tomatoes,,,,,,,,,,,,,,,,,
rice,,,,,,,,,,,,,,,,,,,
butter,flour,coffee,bread,chocolate,spinach,yogurt,rice,,,,,,,,,,,,
orange juice,coffee,cheese,onions,ground beef,,,,,,,,,,,,,,,
pasta,sugar,tea,tomatoes,cheese,,,,,,,,,,,,,,,
eggs,chicken,chocolate,rice,tea,cheese,pasta,flour,,,,,,,,,,,,
spinach,,,,,,,,,,,,,,,,,,,
pasta,rice,cheese,chicken,bananas,orange juice,,,,,,,,,,,,,,
cereal,sugar,,,,,,,,,,,,,,,,,,
butter,potatoes,tomatoes,bananas,chocolate,coffee,,,,,,,,,,,,,,
potatoes,yogurt,milk,salmon,pasta,,,,,,,,,,,,,,,
flour,salmon,,,,,,,,,,,,,,,,,,
chicken,tea,butter,onions,sugar,pasta,bread,olive oil,,,,,,,,,,,,
chicken,,,,,,,,,,,,,,,,,,,
tea,yogurt,salmon,eggs,sugar,coffee,spinach,,,,,,,,,,,,,
sugar,,,,,,,,,,,,,,,,,,,
sugar,eggs,cheese,bananas,onions,,,,,,,,,,,,,,,
tea,apples,bananas,sugar,milk,pasta,,,,,,,,,,,,,,
yogurt,ground beef,bananas,onions,bread,,,,,,,,,,,,,,,
orange juice,,,,,,,,,,,,,,,,,,,
salmon,olive oil,pasta,cereal,chicken,potatoes,sugar,yogurt,,,,,,,,,,,,
coffee,tea,olive oil,orange juice,,,,,,,,,,,,,,,,
tomatoes,coffee,,,,,,,,,,,,,,,,,,
bananas,onions,butter,chocolate,tomatoes,coffee,,,,,,,,,,,,,,
spinach,pasta,cereal,flour,yogurt,,,,,,,,,,,,,,,
coffee,orange juice,,,,,,,,,,,,,,,,,,
cheese,tea,eggs,,,,,,,,,,,,,,,,,
chicken,potatoes,tomatoes,onions,,,,,,,,,,,,,,,,
orange juice,flour,chicken,,,,,,,,,,,,,,,,,
bread,apples,tea,ground beef,olive oil,chicken,,,,,,,,,,,,,,
ground beef,onions,,,,,,,,,,,,,,,,,,
cereal,potatoes,cheese,pasta,olive oil,tea,,,,,,,,,,,,,,
butter,tomatoes,bananas,rice,ground beef,chicken,spinach,onions,,,,,,,,,,,,
bread,cheese,yogurt,ground beef,olive oil,chicken,milk,,,,,,,,,,,,,
salmon,orange juice,bread,,,,,,,,,,,,,,,,,
bread,eggs,,,,,,,,,,,,,,,,,,
coffee,cereal,cheese,onions,butter,,,,,,,,,,,,,,,
sugar,onions,coffee,rice,chicken,bread,,,,,,,,,,,,,,
ground beef,olive oil,milk,,,,,,,,,,,,,,,,,
olive oil,ground beef,flour,,,,,,,,,,,,,,,,,
spinach,coffee,sugar,ground beef,bread,,,,,,,,,,,,,,,
olive oil,butter,coffee,onions,cheese,,,,,,,,,,,,,,,
milk,,,,,,,,,,,,,,,,,,,
eggs,orange juice,tomatoes,ground beef,butter,chocolate,olive oil,,,,,,,,,,,,,
tea,orange juice,,,,,,,,,,,,,,,,,,
bread,spinach,apples,chocolate,flour,cheese,bananas,,,,,,,,,,,,,
pasta,onions,coffee,,,,,,,,,,,,,,,,,
flour,pasta,cereal,salmon,cheese,,,,,,,,,,,,,,,
rice,bananas,chicken,ground beef,,,,,,,,,,,,,,,,
bread,chocolate,yogurt,bananas,,,,,,,,,,,,,,,,
cheese,butter,orange juice,chocolate,olive oil,sugar,,,,,,,,,,,,,,
onions,eggs,,,,,,,,,,,,,,,,,,
cereal,olive oil,flour,onions,coffee,orange juice,apples,,,,,,,,,,,,,
coffee,flour,bread,salmon,butter,bananas,,,,,,,,,,,,,,
coffee,olive oil,,,,,,,,,,,,,,,,,,
orange juice,apples,olive oil,tea,yogurt,,,,,,,,,,,,,,,
apples,salmon,onions,eggs,,,,,,,,,,,,,,,,
sugar,tea,tomatoes,milk,ground beef,,,,,,,,,,,,,,,
milk,orange juice,yogurt,bananas,,,,,,,,,,,,,,,,
tea,sugar,,,,,,,,,,,,,,,,,,
orange juice,bananas,chocolate,flour,sugar,tea,apples,spinach,,,,,,,,,,,,
coffee,salmon,orange juice,eggs,flour,olive oil,milk,,,,,,,,,,,,,
cereal,orange juice,pasta,chicken,butter,tea,olive oil,bread,,,,,,,,,,,,
onions,spinach,pasta,cereal,chicken,sugar,olive oil,rice,,,,,,,,,,,,
eggs,spinach,yogurt,onions,cereal,potatoes,,,,,,,,,,,,,,
eggs,pasta,coffee,,,,,,,,,,,,,,,,,
sugar,yogurt,spinach,butter,,,,,,,,,,,,,,,,
tomatoes,coffee,orange juice,,,,,,,,,,,,,,,,,
chocolate,potatoes,apples,yogurt,pasta,flour,sugar,chicken,,,,,,,,,,,,
ground beef,,,,,,,,,,,,,,,,,,,
butter,tea,spinach,coffee,apples,salmon,onions,eggs,,,,,,,,,,,,
chicken,chocolate,ground beef,,,,,,,,,,,,,,,,,
orange juice,cheese,potatoes,milk,tomatoes,,,,,,,,,,,,,,,
milk,tomatoes,orange juice,bread,,,,,,,,,,,,,,,,
flour,apples,cheese,onions,bread,tea,salmon,,,,,,,,,,,,,
salmon,flour,cereal,coffee,potatoes,spinach,,,,,,,,,,,,,,
bread,spinach,cheese,,,,,,,,,,,,,,,,,
tea,cereal,tomatoes,cheese,orange juice,,,,,,,,,,,,,,,
olive oil,cereal,,,,,,,,,,,,,,,,,,
milk,tea,chicken,apples,,,,,,,,,,,,,,,,
onions,orange juice,chocolate,coffee,milk,rice,cereal,apples,,,,,,,,,,,,
milk,cereal,olive oil,bananas,butter,sugar,potatoes,salmon,,,,,,,,,,,,
bread,potatoes,onions,rice,,,,,,,,,,,,,,,,
milk,cereal,eggs,bananas,cheese,butter,,,,,,,,,,,,,,
bread,tea,eggs,salmon,cheese,cereal,chicken,,,,,,,,,,,,,
butter,cheese,chicken,,,,,,,,,,,,,,,,,
spinach,rice,eggs,,,,,,,,,,,,,,,,,
tea,yogurt,bananas,cheese,,,,,,,,,,,,,,,,
cereal,milk,yogurt,,,,,,,,,,,,,,,,,
olive oil,bread,tea,coffee,onions,milk,,,,,,,,,,,,,,
cereal,,,,,,,,,,,,,,,,,,,
rice,bananas,tea,pasta,orange juice,,,,,,,,,,,,,,,
sugar,eggs,onions,ground beef,bread,,,,,,,,,,,,,,,
bread,salmon,eggs,ground beef,chicken,,,,,,,,,,,,,,,
sugar,spinach,milk,flour,yogurt,coffee,,,,,,,,,,,,,,
coffee,potatoes,butter,apples,,,,,,,,,,,,,,,,
olive oil,onions,bread,chicken,,,,,,,,,,,,,,,,
bananas,coffee,rice,eggs,orange juice,spinach,olive oil,,,,,,,,,,,,,
eggs,spinach,tomatoes,sugar,yogurt,milk,cheese,,,,,,,,,,,,,
milk,butter,salmon,chicken,,,,,,,,,,,,,,,,
pasta,,,,,,,,,,,,,,,,,,,
orange juice,apples,bread,flour,,,,,,,,,,,,,,,,
onions,,,,,,,,,,,,,,,,,,,
milk,cheese,pasta,yogurt,tea,flour,chocolate,tomatoes,,,,,,,,,,,,
butter,apples,,,,,,,,,,,,,,,,,,
rice,yogurt,coffee,pasta,salmon,olive oil,spinach,ground beef,,,,,,,,,,,,
spinach,rice,chicken,bread,flour,,,,,,,,,,,,,,,
tea,milk,sugar,pasta,rice,chicken,,,,,,,,,,,,,,
eggs,coffee,milk,bananas,orange juice,tomatoes,apples,chocolate,,,,,,,,,,,,
cheese,rice,,,,,,,,,,,,,,,,,,
tea,apples,potatoes,bananas,yogurt,spinach,orange juice,rice,,,,,,,,,,,,
butter,cheese,onions,yogurt,orange juice,tomatoes,flour,bread,,,,,,,,,,,,
flour,butter,spinach,,,,,,,,,,,,,,,,,
onions,flour,chicken,yogurt,,,,,,,,,,,,,,,,
bread,spinach,flour,ground beef,,,,,,,,,,,,,,,,
flour,butter,yogurt,coffee,ground beef,,,,,,,,,,,,,,,
tomatoes,onions,apples,,,,,,,,,,,,,,,,,
sugar,,,,,,,,,,,,,,,,,,,
tomatoes,butter,,,,,,,,,,,,,,,,,,
orange juice,apples,rice,bread,eggs,,,,,,,,,,,,,,,
ground beef,yogurt,olive oil,salmon,,,,,,,,,,,,,,,,
cheese,bread,orange juice,yogurt,,,,,,,,,,,,,,,,
butter,milk,rice,tomatoes,apples,flour,,,,,,,,,,,,,,
eggs,tomatoes,,,,,,,,,,,,,,,,,,
bread,milk,tea,orange juice,cereal,apples,tomatoes,,,,,,,,,,,,,
butter,bananas,tea,potatoes,chicken,milk,flour,orange juice,,,,,,,,,,,,
chocolate,coffee,tea,olive oil,onions,bananas,yogurt,chicken,,,,,,,,,,,,
orange juice,potatoes,chicken,tomatoes,cheese,yogurt,bananas,,,,,,,,,,,,,
cereal,spinach,milk,chicken,sugar,apples,olive oil,,,,,,,,,,,,,
tea,onions,potatoes,,,,,,,,,,,,,,,,,
orange juice,,,,,,,,,,,,,,,,,,,
yogurt,chocolate,tea,eggs,sugar,,,,,,,,,,,,,,,
apples,butter,chicken,yogurt,flour,,,,,,,,,,,,,,,
ground beef,yogurt,bread,cheese,chicken,eggs,,,,,,,,,,,,,,
potatoes,onions,olive oil,apples,cereal,ground beef,salmon,spinach,,,,,,,,,,,,
potatoes,cheese,spinach,yogurt,rice,tomatoes,chicken,,,,,,,,,,,,,
rice,cereal,flour,pasta,butter,,,,,,,,,,,,,,,
olive oil,milk,potatoes,rice,,,,,,,,,,,,,,,,
cereal,bread,bananas,,,,,,,,,,,,,,,,,
pasta,salmon,cheese,potatoes,ground beef,apples,onions,yogurt,,,,,,,,,,,,
potatoes,spinach,onions,apples,bananas,coffee,ground beef,chocolate,,,,,,,,,,,,
apples,butter,bananas,tomatoes,ground beef,cheese,salmon,flour,,,,,,,,,,,,
milk,bread,butter,ground beef,chicken,cereal,olive oil,salmon,,,,,,,,,,,,
apples,potatoes,tea,,,,,,,,,,,,,,,,,
salmon,,,,,,,,,,,,,,,,,,,
onions,,,,,,,,,,,,,,,,,,,
eggs,bananas,chocolate,tea,olive oil,ground beef,,,,,,,,,,,,,,
butter,bananas,cheese,potatoes,flour,apples,ground beef,coffee,,,,,,,,,,,,
chocolate,,,,,,,,,,,,,,,,,,,
tomatoes,flour,,,,,,,,,,,,,,,,,,
onions,sugar,bread,orange juice,milk,potatoes,,,,,,,,,,,,,,
butter,coffee,rice,olive oil,cheese,bananas,chocolate,tomatoes,,,,,,,,,,,,
onions,salmon,apples,eggs,chocolate,bread,,,,,,,,,,,,,,
ground beef,olive oil,eggs,milk,onions,,,,,,,,,,,,,,,
ground beef,cereal,spinach,,,,,,,,,,,,,,,,,
spinach,bread,apples,pasta,bananas,orange juice,chocolate,,,,,,,,,,,,,
tomatoes,cheese,olive oil,chocolate,salmon,cereal,tea,,,,,,,,,,,,,
eggs,spinach,yogurt,ground beef,flour,,,,,,,,,,,,,,,
bread,,,,,,,,,,,,,,,,,,,
salmon,bananas,cheese,,,,,,,,,,,,,,,,,
pasta,apples,salmon,onions,potatoes,,,,,,,,,,,,,,,
cereal,chicken,orange juice,butter,ground beef,spinach,,,,,,,,,,,,,,
butter,,,,,,,,,,,,,,,,,,,
milk,eggs,onions,,,,,,,,,,,,,,,,,
coffee,rice,orange juice,,,,,,,,,,,,,,,,,
bread,coffee,cheese,apples,onions,butter,sugar,ground beef,,,,,,,,,,,,
orange juice,olive oil,rice,milk,eggs,onions,,,,,,,,,,,,,,
cheese,butter,chocolate,olive oil,chicken,pasta,bananas,flour,,,,,,,,,,,,
bread,eggs,bananas,tea,cheese,,,,,,,,,,,,,,,
yogurt,tomatoes,cereal,,,,,,,,,,,,,,,,,
cheese,chicken,milk,bread,,,,,,,,,,,,,,,,
chocolate,spinach,sugar,cheese,,,,,,,,,,,,,,,,
bananas,eggs,coffee,spinach,yogurt,butter,tomatoes,,,,,,,,,,,,,
yogurt,coffee,tomatoes,olive oil,milk,sugar,,,,,,,,,,,,,,
milk,tea,bread,orange juice,bananas,spinach,onions,,,,,,,,,,,,,
salmon,tomatoes,butter,,,,,,,,,,,,,,,,,
yogurt,,,,,,,,,,,,,,,,,,,
olive oil,chicken,apples,pasta,salmon,eggs,bananas,,,,,,,,,,,,,
yogurt,coffee,orange juice,rice,butter,tomatoes,flour,,,,,,,,,,,,,
cheese,olive oil,milk,tea,,,,,,,,,,,,,,,,
milk,olive oil,cheese,tomatoes,bananas,orange juice,ground beef,,,,,,,,,,,,,
cereal,,,,,,,,,,,,,,,,,,,
milk,tea,,,,,,,,,,,,,,,,,,
bread,salmon,apples,potatoes,tomatoes,chicken,olive oil,cereal,,,,,,,,,,,,
pasta,apples,coffee,,,,,,,,,,,,,,,,,
apples,potatoes,,,,,,,,,,,,,,,,,,
tomatoes,ground beef,eggs,rice,,,,,,,,,,,,,,,,
potatoes,chicken,chocolate,olive oil,yogurt,ground beef,sugar,,,,,,,,,,,,,
onions,yogurt,coffee,chicken,olive oil,,,,,,,,,,,,,,,
bananas,spinach,eggs,butter,tea,,,,,,,,,,,,,,,
orange juice,spinach,coffee,ground beef,,,,,,,,,,,,,,,,
chicken,eggs,olive oil,onions,yogurt,orange juice,bananas,,,,,,,,,,,,,
cheese,eggs,onions,salmon,bread,,,,,,,,,,,,,,,
coffee,onions,bread,,,,,,,,,,,,,,,,,
bread,sugar,yogurt,spinach,,,,,,,,,,,,,,,,
eggs,,,,,,,,,,,,,,,,,,,
potatoes,pasta,yogurt,salmon,,,,,,,,,,,,,,,,
eggs,cheese,tea,sugar,spinach,orange juice,flour,yogurt,,,,,,,,,,,,
coffee,olive oil,ground beef,onions,,,,,,,,,,,,,,,,
bread,milk,potatoes,coffee,onions,olive oil,tomatoes,yogurt,,,,,,,,,,,,
yogurt,orange juice,bread,apples,,,,,,,,,,,,,,,,
tea,sugar,bread,eggs,potatoes,,,,,,,,,,,,,,,
coffee,sugar,chocolate,bananas,chicken,rice,flour,olive oil,,,,,,,,,,,,
butter,,,,,,,,,,,,,,,,,,,
onions,chocolate,pasta,chicken,flour,sugar,yogurt,coffee,,,,,,,,,,,,
flour,bread,tomatoes,cheese,olive oil,spinach,sugar,chocolate,,,,,,,,,,,,
rice,coffee,spinach,eggs,salmon,chicken,sugar,tea,,,,,,,,,,,,
rice,salmon,spinach,tea,pasta,olive oil,onions,,,,,,,,,,,,,
sugar,,,,,,,,,,,,,,,,,,,
ground beef,,,,,,,,,,,,,,,,,,,
bananas,orange juice,ground beef,,,,,,,,,,,,,,,,,
milk,yogurt,apples,,,,,,,,,,,,,,,,,
yogurt,,,,,,,,,,,,,,,,,,,
cereal,olive oil,tomatoes,coffee,,,,,,,,,,,,,,,,
salmon,milk,pasta,bread,potatoes,tea,coffee,,,,,,,,,,,,,
ground beef,milk,eggs,,,,,,,,,,,,,,,,,
bananas,tomatoes,onions,chocolate,cereal,,,,,,,,,,,,,,,
sugar,olive oil,eggs,bananas,cereal,chicken,yogurt,apples,,,,,,,,,,,,
butter,tomatoes,chocolate,eggs,tea,apples,,,,,,,,,,,,,,
sugar,tea,pasta,rice,onions,chocolate,yogurt,flour,,,,,,,,,,,,
onions,orange juice,sugar,milk,chocolate,pasta,,,,,,,,,,,,,,
coffee,yogurt,ground beef,,,,,,,,,,,,,,,,,
yogurt,onions,eggs,tea,bananas,coffee,salmon,,,,,,,,,,,,,
tea,yogurt,,,,,,,,,,,,,,,,,,
chocolate,eggs,,,,,,,,,,,,,,,,,,
pasta,apples,chocolate,orange juice,olive oil,,,,,,,,,,,,,,,
bread,olive oil,flour,salmon,eggs,,,,,,,,,,,,,,,
potatoes,butter,cheese,rice,ground beef,apples,,,,,,,,,,,,,,
coffee,olive oil,ground beef,spinach,milk,rice,sugar,,,,,,,,,,,,,
coffee,olive oil,chicken,orange juice,milk,ground beef,pasta,potatoes,,,,,,,,,,,,
cereal,tomatoes,apples,bananas,cheese,yogurt,ground beef,chicken,,,,,,,,,,,,
potatoes,flour,ground beef,,,,,,,,,,,,,,,,,
orange juice,onions,ground beef,apples,potatoes,chocolate,tea,butter,,,,,,,,,,,,
tomatoes,onions,sugar,salmon,flour,,,,,,,,,,,,,,,
cereal,salmon,eggs,pasta,rice,cheese,butter,,,,,,,,,,,,,
eggs,potatoes,,,,,,,,,,,,,,,,,,
butter,potatoes,,,,,,,,,,,,,,,,,,
onions,salmon,apples,,,,,,,,,,,,,,,,,
butter,potatoes,chocolate,olive oil,salmon,,,,,,,,,,,,,,,
onions,pasta,salmon,ground beef,potatoes,coffee,,,,,,,,,,,,,,
butter,flour,milk,tea,,,,,,,,,,,,,,,,
onions,eggs,butter,,,,,,,,,,,,,,,,,
milk,bananas,chicken,spinach,,,,,,,,,,,,,,,,
sugar,butter,cereal,eggs,bananas,,,,,,,,,,,,,,,
cereal,,,,,,,,,,,,,,,,,,,
milk,,,,,,,,,,,,,,,,,,,
butter,chocolate,onions,cheese,,,,,,,,,,,,,,,,
potatoes,eggs,apples,tomatoes,,,,,,,,,,,,,,,,
cheese,ground beef,milk,olive oil,butter,tea,,,,,,,,,,,,,,
potatoes,rice,chocolate,bread,apples,coffee,tomatoes,,,,,,,,,,,,,
chicken,sugar,cereal,orange juice,olive oil,onions,flour,apples,,,,,,,,,,,,
orange juice,cereal,bread,onions,,,,,,,,,,,,,,,,
onions,coffee,bread,potatoes,,,,,,,,,,,,,,,,
flour,,,,,,,,,,,,,,,,,,,
rice,spinach,chocolate,bananas,,,,,,,,,,,,,,,,
rice,butter,bananas,spinach,potatoes,chocolate,apples,ground beef,,,,,,,,,,,,
apples,olive oil,chocolate,coffee,sugar,eggs,yogurt,,,,,,,,,,,,,
cereal,,,,,,,,,,,,,,,,,,,
bananas,olive oil,sugar,chicken,ground beef,cheese,coffee,,,,,,,,,,,,,
rice,cheese,chocolate,chicken,flour,yogurt,bread,salmon,,,,,,,,,,,,
spinach,bread,sugar,,,,,,,,,,,,,,,,,
tea,cheese,cereal,apples,orange juice,salmon,eggs,,,,,,,,,,,,,
cheese,eggs,spinach,cereal,,,,,,,,,,,,,,,,
olive oil,bread,potatoes,butter,orange juice,coffee,,,,,,,,,,,,,,
tea,flour,butter,chocolate,,,,,,,,,,,,,,,,
tomatoes,cheese,yogurt,bread,spinach,ground beef,bananas,,,,,,,,,,,,,
milk,,,,,,,,,,,,,,,,,,,
spinach,salmon,rice,chicken,cheese,,,,,,,,,,,,,,,
chocolate,butter,cheese,,,,,,,,,,,,,,,,,
onions,orange juice,apples,bread,,,,,,,,,,,,,,,,
cereal,chicken,rice,cheese,sugar,coffee,tomatoes,salmon,,,,,,,,,,,,
chicken,orange juice,milk,olive oil,,,,,,,,,,,,,,,,
salmon,butter,chicken,,,,,,,,,,,,,,,,,
olive oil,eggs,cheese,butter,spinach,apples,chocolate,,,,,,,,,,,,,
coffee,tomatoes,yogurt,,,,,,,,,,,,,,,,,
olive oil,salmon,rice,coffee,bananas,pasta,,,,,,,,,,,,,,
cheese,potatoes,cereal,onions,apples,,,,,,,,,,,,,,,
butter,salmon,tomatoes,milk,orange juice,,,,,,,,,,,,,,,
butter,bread,tomatoes,flour,,,,,,,,,,,,,,,,
rice,cheese,ground beef,eggs,yogurt,,,,,,,,,,,,,,,
pasta,sugar,salmon,milk,bread,orange juice,cheese,,,,,,,,,,,,,
apples,potatoes,cereal,spinach,bread,bananas,tea,pasta,,,,,,,,,,,,
milk,rice,bananas,,,,,,,,,,,,,,,,,
potatoes,salmon,rice,olive oil,bananas,bread,tomatoes,,,,,,,,,,,,,
bread,milk,onions,,,,,,,,,,,,,,,,,
cereal,tomatoes,chocolate,coffee,chicken,potatoes,yogurt,,,,,,,,,,,,,
olive oil,yogurt,butter,eggs,orange juice,flour,bread,,,,,,,,,,,,,
butter,salmon,ground beef,pasta,olive oil,yogurt,,,,,,,,,,,,,,
orange juice,tomatoes,bread,eggs,,,,,,,,,,,,,,,,
apples,pasta,orange juice,,,,,,,,,,,,,,,,,
eggs,tea,cheese,,,,,,,,,,,,,,,,,
bananas,ground beef,sugar,flour,orange juice,,,,,,,,,,,,,,,
pasta,orange juice,butter,onions,eggs,ground beef,tea,chicken,,,,,,,,,,,,
tea,cereal,butter,eggs,bread,rice,pasta,,,,,,,,,,,,,
potatoes,,,,,,,,,,,,,,,,,,,
yogurt,rice,tomatoes,cereal,ground beef,flour,,,,,,,,,,,,,,
bananas,sugar,apples,onions,flour,,,,,,,,,,,,,,,
milk,olive oil,,,,,,,,,,,,,,,,,,
rice,flour,yogurt,chicken,coffee,butter,,,,,,,,,,,,,,
tea,onions,eggs,,,,,,,,,,,,,,,,,
bananas,,,,,,,,,,,,,,,,,,,
bread,pasta,milk,potatoes,,,,,,,,,,,,,,,,
olive oil,,,,,,,,,,,,,,,,,,,
bread,pasta,milk,spinach,,,,,,,,,,,,,,,,
ground beef,,,,,,,,,,,,,,,,,,,
bananas,tea,cereal,coffee,,,,,,,,,,,,,,,,
chocolate,eggs,salmon,butter,rice,,,,,,,,,,,,,,,
salmon,ground beef,apples,,,,,,,,,,,,,,,,,
bananas,tomatoes,pasta,potatoes,tea,bread,cereal,,,,,,,,,,,,,
cereal,ground beef,orange juice,,,,,,,,,,,,,,,,,
chicken,,,,,,,,,,,,,,,,,,,
bananas,,,,,,,,,,,,,,,,,,,
sugar,,,,,,,,,,,,,,,,,,,
apples,cereal,potatoes,,,,,,,,,,,,,,,,,
yogurt,olive oil,bananas,pasta,ground beef,,,,,,,,,,,,,,,
orange juice,,,,,,,,,,,,,,,,,,,
cereal,tomatoes,coffee,bananas,cheese,,,,,,,,,,,,,,,
bread,coffee,,,,,,,,,,,,,,,,,,
rice,apples,bananas,,,,,,,,,,,,,,,,,
bread,spinach,potatoes,,,,,,,,,,,,,,,,,
butter,pasta,bread,ground beef,,,,,,,,,,,,,,,,
milk,pasta,sugar,onions,eggs,bread,olive oil,yogurt,,,,,,,,,,,,
chicken,olive oil,flour,bread,apples,rice,pasta,tomatoes,,,,,,,,,,,,
olive oil,onions,apples,tea,orange juice,chicken,,,,,,,,,,,,,,
cheese,,,,,,,,,,,,,,,,,,,
salmon,pasta,milk,,,,,,,,,,,,,,,,,
chicken,eggs,chocolate,cereal,pasta,orange juice,,,,,,,,,,,,,,
rice,ground beef,pasta,chicken,bananas,,,,,,,,,,,,,,,
chicken,olive oil,milk,yogurt,potatoes,tea,spinach,eggs,,,,,,,,,,,,
bananas,flour,orange juice,,,,,,,,,,,,,,,,,
rice,tomatoes,bananas,salmon,cheese,sugar,potatoes,yogurt,,,,,,,,,,,,
chocolate,cereal,butter,rice,apples,,,,,,,,,,,,,,,
chicken,chocolate,spinach,,,,,,,,,,,,,,,,,
flour,tea,pasta,ground beef,bananas,,,,,,,,,,,,,,,
tea,potatoes,chocolate,orange juice,eggs,,,,,,,,,,,,,,,
butter,olive oil,salmon,yogurt,tea,,,,,,,,,,,,,,,
pasta,chicken,apples,ground beef,,,,,,,,,,,,,,,,
sugar,,,,,,,,,,,,,,,,,,,
flour,chocolate,,,,,,,,,,,,,,,,,,
butter,rice,bananas,potatoes,ground beef,yogurt,spinach,orange juice,,,,,,,,,,,,
salmon,coffee,chocolate,flour,butter,bread,chicken,,,,,,,,,,,,,
yogurt,coffee,,,,,,,,,,,,,,,,,,
olive oil,tea,,,,,,,,,,,,,,,,,,
orange juice,yogurt,tea,chocolate,eggs,potatoes,,,,,,,,,,,,,,
orange juice,rice,cheese,apples,coffee,yogurt,bananas,,,,,,,,,,,,,
potatoes,coffee,pasta,flour,,,,,,,,,,,,,,,,
yogurt,butter,apples,tomatoes,coffee,orange juice,sugar,,,,,,,,,,,,,
chocolate,,,,,,,,,,,,,,,,,,,
chocolate,tea,olive oil,orange juice,butter,spinach,yogurt,ground beef,,,,,,,,,,,,
cheese,sugar,tomatoes,apples,potatoes,flour,,,,,,,,,,,,,,
chocolate,bread,cereal,tea,spinach,sugar,bananas,olive oil,,,,,,,,,,,,
butter,milk,,,,,,,,,,,,,,,,,,
potatoes,rice,sugar,coffee,milk,tea,,,,,,,,,,,,,,
orange juice,eggs,ground beef,salmon,,,,,,,,,,,,,,,,
yogurt,salmon,olive oil,rice,chocolate,milk,potatoes,,,,,,,,,,,,,
sugar,bananas,coffee,ground beef,spinach,cheese,apples,cereal,,,,,,,,,,,,
potatoes,milk,tea,,,,,,,,,,,,,,,,,
cheese,onions,rice,olive oil,orange juice,,,,,,,,,,,,,,,
flour,spinach,cheese,butter,,,,,,,,,,,,,,,,
butter,,,,,,,,,,,,,,,,,,,
cereal,salmon,yogurt,flour,ground beef,pasta,milk,apples,,,,,,,,,,,,
olive oil,milk,potatoes,bananas,yogurt,spinach,rice,eggs,,,,,,,,,,,,
salmon,potatoes,butter,,,,,,,,,,,,,,,,,
bananas,,,,,,,,,,,,,,,,,,,
coffee,yogurt,eggs,flour,milk,,,,,,,,,,,,,,,
bread,ground beef,tea,orange juice,sugar,onions,,,,,,,,,,,,,,
chocolate,bread,coffee,tomatoes,,,,,,,,,,,,,,,,
pasta,cereal,chocolate,salmon,,,,,,,,,,,,,,,,
butter,bananas,potatoes,eggs,rice,,,,,,,,,,,,,,,
yogurt,ground beef,tomatoes,bread,rice,coffee,tea,apples,,,,,,,,,,,,
milk,olive oil,butter,sugar,tea,pasta,rice,potatoes,,,,,,,,,,,,
cereal,bananas,tea,tomatoes,pasta,apples,,,,,,,,,,,,,,
chocolate,chicken,cheese,pasta,tea,eggs,milk,coffee,,,,,,,,,,,,
onions,milk,bread,salmon,olive oil,sugar,ground beef,,,,,,,,,,,,,
potatoes,pasta,chicken,,,,,,,,,,,,,,,,,
bread,onions,flour,ground beef,apples,chicken,,,,,,,,,,,,,,
cereal,tea,spinach,pasta,,,,,,,,,,,,,,,,
coffee,,,,,,,,,,,,,,,,,,,
salmon,bananas,pasta,bread,flour,butter,coffee,,,,,,,,,,,,,
bread,flour,tomatoes,tea,salmon,spinach,sugar,coffee,,,,,,,,,,,,
orange juice,chicken,eggs,flour,cereal,potatoes,milk,,,,,,,,,,,,,
tea,apples,chocolate,sugar,bananas,butter,,,,,,,,,,,,,,
tomatoes,orange juice,flour,ground beef,onions,cereal,,,,,,,,,,,,,,
onions,eggs,chicken,,,,,,,,,,,,,,,,,
chicken,pasta,eggs,,,,,,,,,,,,,,,,,
coffee,tea,tomatoes,spinach,flour,ground beef,,,,,,,,,,,,,,
olive oil,milk,sugar,ground beef,chicken,onions,tomatoes,,,,,,,,,,,,,
flour,orange juice,cheese,salmon,bread,spinach,milk,,,,,,,,,,,,,
cereal,flour,orange juice,,,,,,,,,,,,,,,,,
cheese,orange juice,chocolate,,,,,,,,,,,,,,,,,
tomatoes,flour,tea,pasta,cheese,sugar,butter,apples,,,,,,,,,,,,
cereal,chicken,pasta,onions,olive oil,spinach,,,,,,,,,,,,,,
milk,rice,potatoes,pasta,cereal,onions,,,,,,,,,,,,,,
cereal,,,,,,,,,,,,,,,,,,,
pasta,orange juice,butter,bananas,sugar,olive oil,chicken,,,,,,,,,,,,,
potatoes,tomatoes,onions,sugar,eggs,,,,,,,,,,,,,,,
rice,bread,onions,,,,,,,,,,,,,,,,,
chicken,eggs,,,,,,,,,,,,,,,,,,
olive oil,spinach,,,,,,,,,,,,,,,,,,
apples,tomatoes,ground beef,,,,,,,,,,,,,,,,,
bananas,bread,butter,tomatoes,flour,,,,,,,,,,,,,,,
ground beef,pasta,onions,chocolate,,,,,,,,,,,,,,,,
sugar,tea,milk,orange juice,apples,,,,,,,,,,,,,,,
pasta,tomatoes,sugar,olive oil,cheese,tea,apples,,,,,,,,,,,,,
apples,olive oil,butter,tea,salmon,cheese,spinach,bread,,,,,,,,,,,,
yogurt,cheese,tomatoes,,,,,,,,,,,,,,,,,
eggs,tomatoes,spinach,coffee,apples,,,,,,,,,,,,,,,
rice,orange juice,yogurt,potatoes,tomatoes,cheese,butter,,,,,,,,,,,,,
milk,tea,sugar,olive oil,,,,,,,,,,,,,,,,
olive oil,sugar,ground beef,spinach,,,,,,,,,,,,,,,,
ground beef,rice,salmon,,,,,,,,,,,,,,,,,
tomatoes,butter,sugar,,,,,,,,,,,,,,,,,
chocolate,tea,coffee,,,,,,,,,,,,,,,,,
onions,tomatoes,orange juice,spinach,olive oil,bananas,eggs,flour,,,,,,,,,,,,
tea,coffee,rice,ground beef,chocolate,,,,,,,,,,,,,,,
bread,ground beef,chocolate,coffee,cereal,potatoes,tomatoes,,,,,,,,,,,,,
onions,pasta,ground beef,spinach,tomatoes,,,,,,,,,,,,,,,
butter,flour,ground beef,olive oil,yogurt,salmon,milk,,,,,,,,,,,,,
salmon,chocolate,coffee,eggs,cheese,,,,,,,,,,,,,,,
potatoes,tea,pasta,orange juice,tomatoes,yogurt,sugar,,,,,,,,,,,,,
sugar,salmon,potatoes,spinach,yogurt,coffee,,,,,,,,,,,,,,
potatoes,,,,,,,,,,,,,,,,,,,
bread,coffee,milk,orange juice,chicken,eggs,pasta,,,,,,,,,,,,,
chocolate,,,,,,,,,,,,,,,,,,,
cereal,tea,coffee,chicken,onions,pasta,,,,,,,,,,,,,,
tomatoes,,,,,,,,,,,,,,,,,,,
coffee,eggs,yogurt,,,,,,,,,,,,,,,,,
yogurt,cheese,ground beef,chocolate,,,,,,,,,,,,,,,,
chicken,milk,orange juice,tomatoes,spinach,flour,apples,,,,,,,,,,,,,
ground beef,potatoes,coffee,apples,spinach,pasta,chicken,salmon,,,,,,,,,,,,
eggs,,,,,,,,,,,,,,,,,,,
milk,coffee,,,,,,,,,,,,,,,,,,
bread,tea,tomatoes,,,,,,,,,,,,,,,,,
coffee,chocolate,butter,rice,,,,,,,,,,,,,,,,
coffee,bread,apples,tomatoes,,,,,,,,,,,,,,,,
bananas,potatoes,coffee,onions,,,,,,,,,,,,,,,,
rice,orange juice,potatoes,cereal,pasta,apples,tomatoes,butter,,,,,,,,,,,,
bread,orange juice,eggs,onions,chocolate,sugar,spinach,salmon,,,,,,,,,,,,
bread,milk,ground beef,chicken,onions,,,,,,,,,,,,,,,
apples,bread,olive oil,,,,,,,,,,,,,,,,,
sugar,cheese,rice,onions,chocolate,,,,,,,,,,,,,,,
ground beef,onions,coffee,potatoes,,,,,,,,,,,,,,,,
yogurt,cereal,rice,sugar,chocolate,olive oil,milk,tea,,,,,,,,,,,,
onions,,,,,,,,,,,,,,,,,,,
apples,olive oil,coffee,chocolate,,,,,,,,,,,,,,,,
olive oil,tea,cheese,orange juice,chicken,eggs,,,,,,,,,,,,,,
onions,,,,,,,,,,,,,,,,,,,
apples,ground beef,tea,onions,yogurt,spinach,,,,,,,,,,,,,,
cheese,spinach,bananas,chicken,tea,cereal,olive oil,,,,,,,,,,,,,
ground beef,chocolate,salmon,coffee,apples,chicken,olive oil,,,,,,,,,,,,,
milk,butter,eggs,potatoes,tea,,,,,,,,,,,,,,,
milk,spinach,eggs,rice,,,,,,,,,,,,,,,,
eggs,orange juice,salmon,butter,olive oil,tomatoes,apples,,,,,,,,,,,,,
rice,cheese,,,,,,,,,,,,,,,,,,
onions,bananas,tomatoes,yogurt,olive oil,milk,orange juice,,,,,,,,,,,,,
pasta,yogurt,tomatoes,onions,ground beef,bananas,eggs,potatoes,,,,,,,,,,,,
potatoes,tea,salmon,onions,cheese,,,,,,,,,,,,,,,
yogurt,eggs,chocolate,butter,milk,,,,,,,,,,,,,,,
orange juice,spinach,ground beef,chicken,,,,,,,,,,,,,,,,
bananas,chicken,yogurt,olive oil,apples,chocolate,,,,,,,,,,,,,,
spinach,butter,orange juice,rice,flour,cereal,milk,,,,,,,,,,,,,
eggs,olive oil,bananas,,,,,,,,,,,,,,,,,
olive oil,butter,chocolate,,,,,,,,,,,,,,,,,
orange juice,olive oil,cereal,rice,potatoes,spinach,sugar,,,,,,,,,,,,,
coffee,yogurt,bananas,flour,,,,,,,,,,,,,,,,
orange juice,milk,,,,,,,,,,,,,,,,,,
rice,chocolate,potatoes,,,,,,,,,,,,,,,,,
eggs,milk,cheese,,,,,,,,,,,,,,,,,
flour,,,,,,,,,,,,,,,,,,,
apples,yogurt,bananas,salmon,spinach,potatoes,,,,,,,,,,,,,,
chocolate,rice,chicken,butter,apples,milk,orange juice,,,,,,,,,,,,,
cheese,salmon,olive oil,pasta,eggs,onions,,,,,,,,,,,,,,
salmon,spinach,pasta,milk,,,,,,,,,,,,,,,,
onions,pasta,tomatoes,yogurt,chocolate,chicken,sugar,,,,,,,,,,,,,
bananas,orange juice,eggs,tomatoes,rice,chicken,yogurt,butter,,,,,,,,,,,,
pasta,,,,,,,,,,,,,,,,,,,
chicken,bananas,chocolate,,,,,,,,,,,,,,,,,
bananas,,,,,,,,,,,,,,,,,,,
potatoes,rice,ground beef,tea,apples,cheese,sugar,onions,,,,,,,,,,,,
tea,ground beef,,,,,,,,,,,,,,,,,,
orange juice,spinach,potatoes,flour,,,,,,,,,,,,,,,,
chocolate,milk,ground beef,onions,potatoes,pasta,cheese,,,,,,,,,,,,,
chocolate,sugar,bananas,onions,chicken,potatoes,tea,,,,,,,,,,,,,
tea,onions,cheese,,,,,,,,,,,,,,,,,
bread,olive oil,,,,,,,,,,,,,,,,,,
bread,chocolate,sugar,salmon,cheese,ground beef,pasta,bananas,,,,,,,,,,,,
butter,yogurt,rice,,,,,,,,,,,,,,,,,
salmon,chocolate,,,,,,,,,,,,,,,,,,
chicken,salmon,onions,tea,yogurt,,,,,,,,,,,,,,,
cheese,coffee,pasta,butter,eggs,tomatoes,sugar,,,,,,,,,,,,,
coffee,salmon,tea,tomatoes,flour,apples,,,,,,,,,,,,,,
onions,flour,yogurt,orange juice,chicken,rice,,,,,,,,,,,,,,
onions,chicken,eggs,olive oil,yogurt,coffee,flour,ground beef,,,,,,,,,,,,
rice,cheese,chocolate,olive oil,,,,,,,,,,,,,,,,
orange juice,butter,onions,olive oil,tea,chicken,,,,,,,,,,,,,,
coffee,rice,spinach,apples,ground beef,salmon,bread,,,,,,,,,,,,,
tomatoes,chocolate,yogurt,,,,,,,,,,,,,,,,,
sugar,tomatoes,flour,eggs,onions,olive oil,cheese,yogurt,,,,,,,,,,,,
chocolate,milk,cheese,eggs,potatoes,,,,,,,,,,,,,,,
onions,tea,bread,cheese,flour,,,,,,,,,,,,,,,
salmon,sugar,rice,tea,yogurt,flour,cereal,,,,,,,,,,,,,
coffee,onions,orange juice,yogurt,flour,cereal,sugar,,,,,,,,,,,,,
cereal,bananas,cheese,eggs,chocolate,flour,,,,,,,,,,,,,,
orange juice,apples,ground beef,eggs,cereal,yogurt,,,,,,,,,,,,,,
chocolate,ground beef,spinach,eggs,yogurt,onions,rice,tea,,,,,,,,,,,,
chicken,coffee,apples,,,,,,,,,,,,,,,,,
pasta,tea,,,,,,,,,,,,,,,,,,
onions,sugar,tea,chocolate,cheese,ground beef,,,,,,,,,,,,,,
sugar,ground beef,milk,rice,,,,,,,,,,,,,,,,
spinach,milk,,,,,,,,,,,,,,,,,,
pasta,ground beef,tea,apples,chicken,tomatoes,cereal,onions,,,,,,,,,,,,
ground beef,apples,olive oil,chocolate,rice,yogurt,spinach,eggs,,,,,,,,,,,,
sugar,milk,onions,apples,,,,,,,,,,,,,,,,
salmon,onions,coffee,,,,,,,,,,,,,,,,,
ground beef,bread,tea,olive oil,,,,,,,,,,,,,,,,
olive oil,orange juice,bread,tea,coffee,salmon,,,,,,,,,,,,,,
sugar,onions,butter,cheese,,,,,,,,,,,,,,,,
cheese,spinach,onions,,,,,,,,,,,,,,,,,
chicken,potatoes,orange juice,coffee,cheese,tomatoes,pasta,,,,,,,,,,,,,
potatoes,coffee,cheese,rice,pasta,sugar,eggs,chocolate,,,,,,,,,,,,
eggs,cereal,sugar,,,,,,,,,,,,,,,,,
eggs,cereal,olive oil,sugar,,,,,,,,,,,,,,,,
chicken,spinach,chocolate,,,,,,,,,,,,,,,,,
spinach,butter,flour,,,,,,,,,,,,,,,,,
chocolate,tea,onions,chicken,eggs,butter,olive oil,,,,,,,,,,,,,
salmon,tomatoes,ground beef,bread,cheese,chocolate,butter,,,,,,,,,,,,,
milk,pasta,chocolate,,,,,,,,,,,,,,,,,
ground beef,pasta,salmon,bread,onions,chicken,coffee,bananas,,,,,,,,,,,,
bananas,yogurt,chicken,tomatoes,,,,,,,,,,,,,,,,
spinach,,,,,,,,,,,,,,,,,,,
cheese,sugar,bananas,salmon,chicken,,,,,,,,,,,,,,,
salmon,olive oil,tomatoes,,,,,,,,,,,,,,,,,
orange juice,ground beef,bananas,cereal,bread,chicken,coffee,eggs,,,,,,,,,,,,
apples,tea,milk,orange juice,potatoes,,,,,,,,,,,,,,,
milk,yogurt,,,,,,,,,,,,,,,,,,
rice,eggs,onions,bread,apples,cereal,chicken,,,,,,,,,,,,,
rice,tea,flour,ground beef,bread,yogurt,,,,,,,,,,,,,,
tea,bananas,pasta,,,,,,,,,,,,,,,,,
rice,chicken,onions,sugar,,,,,,,,,,,,,,,,
flour,salmon,rice,onions,pasta,olive oil,eggs,,,,,,,,,,,,,
cheese,,,,,,,,,,,,,,,,,,,
flour,milk,onions,bananas,,,,,,,,,,,,,,,,
flour,apples,bread,coffee,eggs,,,,,,,,,,,,,,,
apples,cereal,chicken,bananas,,,,,,,,,,,,,,,,
chicken,flour,cereal,butter,chocolate,yogurt,olive oil,,,,,,,,,,,,,
spinach,butter,onions,rice,yogurt,eggs,ground beef,milk,,,,,,,,,,,,
chicken,tomatoes,,,,,,,,,,,,,,,,,,
chocolate,sugar,,,,,,,,,,,,,,,,,,
ground beef,,,,,,,,,,,,,,,,,,,
coffee,orange juice,spinach,,,,,,,,,,,,,,,,,
potatoes,yogurt,olive oil,bananas,chicken,milk,,,,,,,,,,,,,,
milk,cheese,onions,spinach,olive oil,bread,eggs,tomatoes,,,,,,,,,,,,
orange juice,flour,onions,,,,,,,,,,,,,,,,,
eggs,milk,spinach,chicken,cheese,pasta,potatoes,olive oil,,,,,,,,,,,,
cheese,tomatoes,ground beef,olive oil,butter,,,,,,,,,,,,,,,
cereal,eggs,potatoes,chicken,,,,,,,,,,,,,,,,
cheese,salmon,coffee,,,,,,,,,,,,,,,,,
pasta,rice,tomatoes,apples,salmon,milk,,,,,,,,,,,,,,
flour,coffee,cheese,chicken,,,,,,,,,,,,,,,,
cereal,tomatoes,bananas,,,,,,,,,,,,,,,,,
cereal,butter,milk,ground beef,,,,,,,,,,,,,,,,
bananas,onions,tomatoes,,,,,,,,,,,,,,,,,
salmon,cereal,rice,coffee,bananas,bread,onions,,,,,,,,,,,,,
sugar,flour,,,,,,,,,,,,,,,,,,
coffee,tomatoes,bread,chocolate,cheese,,,,,,,,,,,,,,,
chicken,,,,,,,,,,,,,,,,,,,
cheese,yogurt,orange juice,bread,salmon,sugar,,,,,,,,,,,,,,
butter,,,,,,,,,,,,,,,,,,,
cheese,olive oil,ground beef,rice,cereal,orange juice,,,,,,,,,,,,,,
orange juice,olive oil,apples,cereal,sugar,milk,,,,,,,,,,,,,,
pasta,,,,,,,,,,,,,,,,,,,
butter,pasta,coffee,chocolate,sugar,,,,,,,,,,,,,,,
tomatoes,tea,cheese,chicken,eggs,rice,coffee,olive oil,,,,,,,,,,,,
apples,sugar,,,,,,,,,,,,,,,,,,
chicken,potatoes,,,,,,,,,,,,,,,,,,
olive oil,cereal,cheese,sugar,,,,,,,,,,,,,,,,
tea,cheese,spinach,,,,,,,,,,,,,,,,,
eggs,flour,coffee,sugar,salmon,onions,rice,,,,,,,,,,,,,
salmon,,,,,,,,,,,,,,,,,,,
apples,rice,spinach,potatoes,flour,,,,,,,,,,,,,,,
orange juice,cheese,bananas,pasta,tea,chocolate,flour,spinach,,,,,,,,,,,,
tomatoes,yogurt,,,,,,,,,,,,,,,,,,
ground beef,bread,sugar,potatoes,tomatoes,butter,,,,,,,,,,,,,,
salmon,coffee,bananas,potatoes,cheese,rice,chicken,tomatoes,,,,,,,,,,,,
ground beef,spinach,eggs,sugar,bananas,tea,coffee,,,,,,,,,,,,,
salmon,coffee,tea,,,,,,,,,,,,,,,,,
eggs,orange juice,sugar,yogurt,tea,,,,,,,,,,,,,,,
cereal,,,,,,,,,,,,,,,,,,,
yogurt,spinach,tomatoes,milk,chicken,rice,,,,,,,,,,,,,,
tomatoes,milk,bread,orange juice,eggs,flour,chocolate,rice,,,,,,,,,,,,
tea,cheese,cereal,olive oil,bread,pasta,,,,,,,,,,,,,,
spinach,orange juice,apples,eggs,pasta,bananas,cheese,coffee,,,,,,,,,,,,
coffee,pasta,cheese,tomatoes,,,,,,,,,,,,,,,,
milk,cheese,apples,cereal,onions,tomatoes,eggs,,,,,,,,,,,,,
coffee,salmon,cheese,tea,pasta,,,,,,,,,,,,,,,
yogurt,sugar,ground beef,flour,milk,pasta,rice,orange juice,,,,,,,,,,,,
milk,bread,,,,,,,,,,,,,,,,,,
ground beef,bread,yogurt,,,,,,,,,,,,,,,,,
olive oil,rice,,,,,,,,,,,,,,,,,,
bananas,salmon,potatoes,chocolate,spinach,bread,olive oil,,,,,,,,,,,,,
cereal,cheese,bananas,ground beef,orange juice,apples,butter,,,,,,,,,,,,,
milk,bananas,flour,tea,,,,,,,,,,,,,,,,
cheese,butter,potatoes,milk,rice,tea,sugar,,,,,,,,,,,,,
flour,onions,potatoes,olive oil,tea,rice,cheese,,,,,,,,,,,,,
flour,yogurt,tomatoes,apples,onions,olive oil,cereal,,,,,,,,,,,,,
olive oil,potatoes,cheese,,,,,,,,,,,,,,,,,
ground beef,tea,eggs,chicken,,,,,,,,,,,,,,,,
cheese,flour,bananas,ground beef,onions,,,,,,,,,,,,,,,
bread,salmon,chocolate,ground beef,eggs,milk,,,,,,,,,,,,,,
spinach,pasta,tea,bread,orange juice,olive oil,,,,,,,,,,,,,,
eggs,salmon,cereal,ground beef,onions,chicken,pasta,olive oil,,,,,,,,,,,,
chicken,flour,cereal,,,,,,,,,,,,,,,,,
apples,yogurt,bread,chicken,olive oil,sugar,,,,,,,,,,,,,,
milk,pasta,ground beef,yogurt,potatoes,tea,tomatoes,,,,,,,,,,,,,
apples,salmon,milk,,,,,,,,,,,,,,,,,
sugar,orange juice,,,,,,,,,,,,,,,,,,
apples,olive oil,chocolate,tea,tomatoes,potatoes,rice,,,,,,,,,,,,,
coffee,flour,ground beef,,,,,,,,,,,,,,,,,
bread,chocolate,yogurt,coffee,onions,,,,,,,,,,,,,,,
ground beef,potatoes,rice,onions,coffee,butter,bananas,apples,,,,,,,,,,,,
cereal,orange juice,spinach,apples,sugar,flour,,,,,,,,,,,,,,
apples,cheese,salmon,olive oil,onions,bananas,,,,,,,,,,,,,,
chocolate,potatoes,cereal,chicken,cheese,rice,,,,,,,,,,,,,,
salmon,chocolate,,,,,,,,,,,,,,,,,,
bread,coffee,tomatoes,sugar,chicken,spinach,bananas,eggs,,,,,,,,,,,,
tomatoes,spinach,chocolate,chicken,butter,eggs,sugar,apples,,,,,,,,,,,,
pasta,olive oil,tomatoes,bread,spinach,bananas,,,,,,,,,,,,,,
salmon,,,,,,,,,,,,,,,,,,,
tea,onions,sugar,chicken,eggs,ground beef,coffee,,,,,,,,,,,,,
tea,chicken,eggs,orange juice,butter,potatoes,ground beef,,,,,,,,,,,,,
onions,apples,rice,butter,cheese,cereal,,,,,,,,,,,,,,
olive oil,eggs,tea,cereal,,,,,,,,,,,,,,,,
yogurt,cereal,sugar,coffee,ground beef,,,,,,,,,,,,,,,
flour,potatoes,bananas,sugar,,,,,,,,,,,,,,,,
apples,tea,tomatoes,ground beef,eggs,olive oil,bananas,,,,,,,,,,,,,
cereal,sugar,,,,,,,,,,,,,,,,,,
milk,,,,,,,,,,,,,,,,,,,
salmon,bread,tea,coffee,tomatoes,onions,bananas,,,,,,,,,,,,,
sugar,tea,potatoes,,,,,,,,,,,,,,,,,
rice,ground beef,flour,onions,pasta,tomatoes,eggs,cheese,,,,,,,,,,,,
chicken,pasta,,,,,,,,,,,,,,,,,,
cereal,chocolate,eggs,butter,coffee,ground beef,spinach,chicken,,,,,,,,,,,,
rice,onions,sugar,,,,,,,,,,,,,,,,,
eggs,onions,bananas,rice,ground beef,sugar,,,,,,,,,,,,,,
chicken,salmon,pasta,yogurt,flour,eggs,,,,,,,,,,,,,,
chocolate,chicken,,,,,,,,,,,,,,,,,,
ground beef,chocolate,tea,,,,,,,,,,,,,,,,,
coffee,rice,,,,,,,,,,,,,,,,,,
eggs,flour,coffee,,,,,,,,,,,,,,,,,
yogurt,coffee,potatoes,,,,,,,,,,,,,,,,,
flour,,,,,,,,,,,,,,,,,,,
apples,tea,cheese,cereal,pasta,,,,,,,,,,,,,,,
orange juice,tomatoes,apples,eggs,chocolate,,,,,,,,,,,,,,,
cereal,tomatoes,,,,,,,,,,,,,,,,,,
spinach,cheese,bread,orange juice,,,,,,,,,,,,,,,,
bread,apples,,,,,,,,,,,,,,,,,,
tea,,,,,,,,,,,,,,,,,,,
potatoes,tea,,,,,,,,,,,,,,,,,,
ground beef,milk,bananas,potatoes,,,,,,,,,,,,,,,,
butter,orange juice,,,,,,,,,,,,,,,,,,
chocolate,cheese,tea,coffee,bread,pasta,spinach,tomatoes,,,,,,,,,,,,
chicken,cheese,tea,potatoes,bread,tomatoes,bananas,eggs,,,,,,,,,,,,
yogurt,chicken,milk,eggs,tomatoes,spinach,flour,,,,,,,,,,,,,
yogurt,butter,,,,,,,,,,,,,,,,,,
sugar,eggs,,,,,,,,,,,,,,,,,,
potatoes,spinach,salmon,onions,,,,,,,,,,,,,,,,
sugar,apples,tea,tomatoes,,,,,,,,,,,,,,,,
flour,,,,,,,,,,,,,,,,,,,
pasta,flour,tea,onions,chocolate,cheese,,,,,,,,,,,,,,
coffee,pasta,onions,sugar,ground beef,,,,,,,,,,,,,,,
coffee,chicken,tomatoes,chocolate,bananas,yogurt,,,,,,,,,,,,,,
rice,coffee,tea,chicken,sugar,olive oil,,,,,,,,,,,,,,
spinach,chicken,cereal,,,,,,,,,,,,,,,,,
eggs,onions,rice,chocolate,apples,bananas,,,,,,,,,,,,,,
eggs,,,,,,,,,,,,,,,,,,,
sugar,cereal,apples,tomatoes,chocolate,potatoes,pasta,,,,,,,,,,,,,
bread,butter,tomatoes,milk,sugar,chicken,orange juice,spinach,,,,,,,,,,,,
apples,spinach,rice,yogurt,cheese,onions,milk,cereal,,,,,,,,,,,,
spinach,orange juice,butter,chicken,,,,,,,,,,,,,,,,
bananas,chocolate,yogurt,coffee,eggs,ground beef,,,,,,,,,,,,,,
orange juice,bananas,tomatoes,cereal,olive oil,spinach,,,,,,,,,,,,,,
bread,sugar,orange juice,yogurt,salmon,chicken,,,,,,,,,,,,,,
flour,chocolate,,,,,,,,,,,,,,,,,,
tomatoes,cheese,chocolate,pasta,flour,bread,cereal,ground beef,,,,,,,,,,,,
tomatoes,coffee,ground beef,flour,butter,yogurt,onions,eggs,,,,,,,,,,,,
sugar,butter,,,,,,,,,,,,,,,,,,
onions,orange juice,cheese,,,,,,,,,,,,,,,,,
spinach,salmon,rice,tomatoes,yogurt,orange juice,,,,,,,,,,,,,,
sugar,spinach,ground beef,,,,,,,,,,,,,,,,,
potatoes,spinach,ground beef,apples,milk,chicken,cereal,tea,,,,,,,,,,,,
coffee,chocolate,bread,pasta,milk,,,,,,,,,,,,,,,
apples,bananas,,,,,,,,,,,,,,,,,,
rice,chocolate,,,,,,,,,,,,,,,,,,
rice,chocolate,coffee,milk,,,,,,,,,,,,,,,,
yogurt,orange juice,,,,,,,,,,,,,,,,,,
bread,tomatoes,butter,chocolate,flour,pasta,,,,,,,,,,,,,,
chicken,salmon,flour,olive oil,onions,,,,,,,,,,,,,,,
rice,,,,,,,,,,,,,,,,,,,
spinach,,,,,,,,,,,,,,,,,,,
milk,flour,coffee,,,,,,,,,,,,,,,,,
sugar,orange juice,chocolate,cereal,,,,,,,,,,,,,,,,
cereal,potatoes,sugar,cheese,eggs,,,,,,,,,,,,,,,
potatoes,onions,spinach,olive oil,,,,,,,,,,,,,,,,
sugar,bread,potatoes,,,,,,,,,,,,,,,,,
salmon,ground beef,chicken,,,,,,,,,,,,,,,,,
cereal,onions,ground beef,olive oil,cheese,bananas,,,,,,,,,,,,,,
potatoes,bread,rice,spinach,,,,,,,,,,,,,,,,
ground beef,potatoes,sugar,coffee,rice,bananas,chicken,,,,,,,,,,,,,
spinach,potatoes,milk,coffee,,,,,,,,,,,,,,,,
olive oil,apples,orange juice,butter,sugar,,,,,,,,,,,,,,,
ground beef,sugar,chocolate,salmon,butter,rice,coffee,flour,,,,,,,,,,,,
onions,chocolate,orange juice,,,,,,,,,,,,,,,,,
yogurt,,,,,,,,,,,,,,,,,,,
chocolate,potatoes,orange juice,sugar,tomatoes,olive oil,onions,apples,,,,,,,,,,,,
rice,chicken,chocolate,,,,,,,,,,,,,,,,,
chicken,apples,onions,milk,bananas,yogurt,spinach,,,,,,,,,,,,,
cheese,chocolate,yogurt,olive oil,,,,,,,,,,,,,,,,
ground beef,coffee,cereal,milk,,,,,,,,,,,,,,,,
apples,chocolate,butter,tomatoes,eggs,bread,coffee,,,,,,,,,,,,,
tomatoes,flour,tea,coffee,olive oil,bananas,cheese,,,,,,,,,,,,,
salmon,chocolate,bread,,,,,,,,,,,,,,,,,
milk,tea,yogurt,flour,orange juice,chocolate,eggs,,,,,,,,,,,,,
coffee,yogurt,pasta,tea,olive oil,spinach,,,,,,,,,,,,,,
flour,,,,,,,,,,,,,,,,,,,
ground beef,orange juice,cheese,cereal,pasta,tea,,,,,,,,,,,,,,
pasta,,,,,,,,,,,,,,,,,,,
butter,chicken,spinach,cereal,apples,flour,tea,,,,,,,,,,,,,
olive oil,chocolate,milk,butter,tomatoes,,,,,,,,,,,,,,,
chocolate,spinach,pasta,cereal,eggs,cheese,butter,milk,,,,,,,,,,,,
rice,apples,bananas,milk,flour,cereal,,,,,,,,,,,,,,
pasta,butter,,,,,,,,,,,,,,,,,,
apples,chocolate,ground beef,pasta,flour,rice,,,,,,,,,,,,,,
milk,salmon,spinach,eggs,rice,cereal,olive oil,yogurt,,,,,,,,,,,,
butter,bread,,,,,,,,,,,,,,,,,,
cheese,coffee,,,,,,,,,,,,,,,,,,
milk,rice,eggs,,,,,,,,,,,,,,,,,
salmon,pasta,butter,ground beef,eggs,bananas,milk,coffee,,,,,,,,,,,,
sugar,olive oil,eggs,,,,,,,,,,,,,,,,,
chicken,sugar,rice,ground beef,cheese,butter,chocolate,,,,,,,,,,,,,
ground beef,yogurt,onions,chicken,pasta,potatoes,,,,,,,,,,,,,,
bread,salmon,ground beef,milk,chicken,,,,,,,,,,,,,,,
cheese,pasta,,,,,,,,,,,,,,,,,,
ground beef,spinach,bananas,,,,,,,,,,,,,,,,,
tomatoes,spinach,potatoes,,,,,,,,,,,,,,,,,
bananas,rice,coffee,chocolate,cereal,,,,,,,,,,,,,,,
coffee,apples,bananas,cheese,,,,,,,,,,,,,,,,
milk,salmon,ground beef,tomatoes,,,,,,,,,,,,,,,,
spinach,cereal,,,,,,,,,,,,,,,,,,
chicken,spinach,orange juice,milk,chocolate,butter,eggs,yogurt,,,,,,,,,,,,
flour,bread,tea,rice,sugar,butter,spinach,bananas,,,,,,,,,,,,
tomatoes,chocolate,cereal,,,,,,,,,,,,,,,,,
chicken,cheese,spinach,onions,,,,,,,,,,,,,,,,
ground beef,olive oil,yogurt,coffee,eggs,bananas,potatoes,,,,,,,,,,,,,
chocolate,butter,pasta,potatoes,,,,,,,,,,,,,,,,
orange juice,chicken,onions,butter,spinach,tomatoes,milk,,,,,,,,,,,,,
yogurt,cheese,flour,olive oil,potatoes,eggs,,,,,,,,,,,,,,
rice,chocolate,milk,bread,orange juice,pasta,tomatoes,,,,,,,,,,,,,
eggs,ground beef,olive oil,onions,apples,salmon,chocolate,bread,,,,,,,,,,,,
tomatoes,,,,,,,,,,,,,,,,,,,
flour,salmon,butter,pasta,,,,,,,,,,,,,,,,
ground beef,pasta,bread,yogurt,chicken,tea,butter,,,,,,,,,,,,,
ground beef,,,,,,,,,,,,,,,,,,,
pasta,apples,yogurt,bananas,eggs,coffee,,,,,,,,,,,,,,
rice,apples,butter,flour,tea,orange juice,yogurt,coffee,,,,,,,,,,,,
tomatoes,apples,,,,,,,,,,,,,,,,,,
onions,rice,,,,,,,,,,,,,,,,,,
pasta,spinach,yogurt,,,,,,,,,,,,,,,,,
pasta,,,,,,,,,,,,,,,,,,,
butter,bread,chicken,spinach,cereal,orange juice,,,,,,,,,,,,,,
yogurt,chicken,salmon,sugar,milk,pasta,,,,,,,,,,,,,,
tomatoes,,,,,,,,,,,,,,,,,,,
milk,sugar,potatoes,apples,coffee,ground beef,bread,,,,,,,,,,,,,
potatoes,chicken,butter,cheese,,,,,,,,,,,,,,,,
tomatoes,bread,milk,eggs,cheese,pasta,coffee,apples,,,,,,,,,,,,
tomatoes,,,,,,,,,,,,,,,,,,,
yogurt,onions,chicken,orange juice,tea,,,,,,,,,,,,,,,
potatoes,milk,rice,,,,,,,,,,,,,,,,,
potatoes,orange juice,apples,eggs,tea,coffee,chocolate,bananas,,,,,,,,,,,,
onions,cereal,orange juice,chicken,bread,,,,,,,,,,,,,,,
tea,coffee,cheese,yogurt,ground beef,salmon,,,,,,,,,,,,,,
milk,cheese,eggs,,,,,,,,,,,,,,,,,
cereal,ground beef,yogurt,tea,,,,,,,,,,,,,,,,
salmon,coffee,yogurt,bananas,milk,apples,onions,,,,,,,,,,,,,
bread,coffee,orange juice,apples,,,,,,,,,,,,,,,,
spinach,pasta,,,,,,,,,,,,,,,,,,
spinach,,,,,,,,,,,,,,,,,,,
bananas,yogurt,orange juice,chicken,tomatoes,,,,,,,,,,,,,,,
eggs,yogurt,apples,,,,,,,,,,,,,,,,,
chocolate,orange juice,salmon,coffee,rice,olive oil,,,,,,,,,,,,,,
coffee,orange juice,salmon,chicken,cereal,,,,,,,,,,,,,,,
spinach,potatoes,salmon,chicken,butter,,,,,,,,,,,,,,,
milk,,,,,,,,,,,,,,,,,,,
eggs,olive oil,tea,bananas,salmon,bread,,,,,,,,,,,,,,
butter,flour,apples,ground beef,tea,potatoes,chicken,,,,,,,,,,,,,
tea,coffee,salmon,cheese,yogurt,olive oil,,,,,,,,,,,,,,
milk,olive oil,spinach,orange juice,,,,,,,,,,,,,,,,
eggs,bananas,chocolate,chicken,bread,milk,,,,,,,,,,,,,,
sugar,cereal,,,,,,,,,,,,,,,,,,
ground beef,bananas,chocolate,tea,cheese,spinach,,,,,,,,,,,,,,
chocolate,apples,ground beef,sugar,eggs,onions,,,,,,,,,,,,,,
apples,olive oil,bananas,ground beef,butter,,,,,,,,,,,,,,,
chocolate,chicken,pasta,olive oil,apples,,,,,,,,,,,,,,,
apples,pasta,chicken,spinach,orange juice,,,,,,,,,,,,,,,
sugar,,,,,,,,,,,,,,,,,,,
bananas,pasta,eggs,,,,,,,,,,,,,,,,,
milk,spinach,bananas,onions,olive oil,eggs,chocolate,ground beef,,,,,,,,,,,,
ground beef,potatoes,,,,,,,,,,,,,,,,,,
potatoes,rice,,,,,,,,,,,,,,,,,,
coffee,,,,,,,,,,,,,,,,,,,
cereal,,,,,,,,,,,,,,,,,,,
bananas,tea,rice,,,,,,,,,,,,,,,,,
ground beef,potatoes,apples,tea,bananas,flour,,,,,,,,,,,,,,
milk,cheese,coffee,,,,,,,,,,,,,,,,,
cereal,spinach,tea,tomatoes,chocolate,coffee,,,,,,,,,,,,,,
bananas,onions,cheese,sugar,ground beef,rice,tomatoes,,,,,,,,,,,,,
butter,cereal,apples,tomatoes,cheese,salmon,bananas,ground beef,,,,,,,,,,,,
flour,bread,,,,,,,,,,,,,,,,,,
cereal,chocolate,orange juice,ground beef,onions,chicken,bread,tomatoes,,,,,,,,,,,,
eggs,apples,coffee,cheese,,,,,,,,,,,,,,,,
chocolate,onions,apples,pasta,tea,milk,,,,,,,,,,,,,,
spinach,olive oil,tea,apples,,,,,,,,,,,,,,,,
bread,eggs,bananas,,,,,,,,,,,,,,,,,
cereal,butter,salmon,eggs,cheese,chicken,,,,,,,,,,,,,,
apples,flour,bananas,butter,,,,,,,,,,,,,,,,
eggs,tomatoes,apples,chocolate,,,,,,,,,,,,,,,,
cereal,coffee,,,,,,,,,,,,,,,,,,
tea,spinach,yogurt,bread,rice,butter,,,,,,,,,,,,,,
yogurt,flour,bananas,tea,,,,,,,,,,,,,,,,
cheese,,,,,,,,,,,,,,,,,,,
milk,spinach,,,,,,,,,,,,,,,,,,
butter,,,,,,,,,,,,,,,,,,,
pasta,tomatoes,yogurt,salmon,,,,,,,,,,,,,,,,
bananas,spinach,,,,,,,,,,,,,,,,,,
tea,eggs,,,,,,,,,,,,,,,,,,
eggs,pasta,apples,bananas,yogurt,potatoes,,,,,,,,,,,,,,
coffee,flour,bananas,,,,,,,,,,,,,,,,,
cheese,potatoes,apples,,,,,,,,,,,,,,,,,
tea,apples,pasta,sugar,butter,flour,bread,,,,,,,,,,,,,
flour,yogurt,eggs,milk,bread,,,,,,,,,,,,,,,
pasta,,,,,,,,,,,,,,,,,,,
onions,,,,,,,,,,,,,,,,,,,
cheese,coffee,butter,tomatoes,orange juice,sugar,apples,chocolate,,,,,,,,,,,,
onions,eggs,,,,,,,,,,,,,,,,,,
butter,olive oil,coffee,pasta,rice,,,,,,,,,,,,,,,
chocolate,spinach,bananas,potatoes,tomatoes,cereal,olive oil,,,,,,,,,,,,,
chocolate,tea,chicken,bananas,cereal,onions,orange juice,,,,,,,,,,,,,
bananas,,,,,,,,,,,,,,,,,,,
coffee,bread,orange juice,yogurt,olive oil,chocolate,rice,butter,,,,,,,,,,,,
cereal,flour,potatoes,coffee,onions,sugar,,,,,,,,,,,,,,
sugar,eggs,butter,olive oil,onions,milk,,,,,,,,,,,,,,
potatoes,chocolate,sugar,,,,,,,,,,,,,,,,,
tomatoes,,,,,,,,,,,,,,,,,,,
coffee,ground beef,,,,,,,,,,,,,,,,,,
bread,rice,tomatoes,cereal,,,,,,,,,,,,,,,,
chocolate,bread,olive oil,yogurt,tomatoes,salmon,eggs,,,,,,,,,,,,,
pasta,onions,spinach,milk,sugar,eggs,tomatoes,,,,,,,,,,,,,
flour,bananas,chocolate,chicken,salmon,cheese,,,,,,,,,,,,,,
butter,olive oil,salmon,onions,cheese,sugar,apples,rice,,,,,,,,,,,,
eggs,apples,cheese,,,,,,,,,,,,,,,,,
tomatoes,potatoes,chicken,,,,,,,,,,,,,,,,,
ground beef,,,,,,,,,,,,,,,,,,,
apples,tea,,,,,,,,,,,,,,,,,,
bananas,onions,yogurt,,,,,,,,,,,,,,,,,
rice,chicken,,,,,,,,,,,,,,,,,,
butter,rice,salmon,,,,,,,,,,,,,,,,,
pasta,chicken,ground beef,apples,yogurt,onions,eggs,bananas,,,,,,,,,,,,
pasta,yogurt,salmon,butter,coffee,bread,,,,,,,,,,,,,,
tea,onions,potatoes,,,,,,,,,,,,,,,,,
salmon,apples,,,,,,,,,,,,,,,,,,
bread,,,,,,,,,,,,,,,,,,,
tomatoes,bread,pasta,chicken,tea,potatoes,,,,,,,,,,,,,,
pasta,bread,milk,,,,,,,,,,,,,,,,,
flour,tea,butter,ground beef,,,,,,,,,,,,,,,,
bread,tea,apples,salmon,,,,,,,,,,,,,,,,
eggs,ground beef,cereal,spinach,chocolate,pasta,olive oil,,,,,,,,,,,,,
pasta,eggs,tea,chicken,cheese,salmon,,,,,,,,,,,,,,
ground beef,sugar,,,,,,,,,,,,,,,,,,
cereal,sugar,flour,spinach,olive oil,milk,coffee,,,,,,,,,,,,,
olive oil,cheese,bread,,,,,,,,,,,,,,,,,
potatoes,olive oil,flour,coffee,orange juice,butter,,,,,,,,,,,,,,
cheese,ground beef,coffee,tea,bread,flour,tomatoes,chicken,,,,,,,,,,,,
cheese,rice,bananas,,,,,,,,,,,,,,,,,
tea,sugar,,,,,,,,,,,,,,,,,,
chocolate,,,,,,,,,,,,,,,,,,,
potatoes,,,,,,,,,,,,,,,,,,,
tomatoes,eggs,apples,cereal,,,,,,,,,,,,,,,,
cheese,ground beef,cereal,rice,bananas,salmon,,,,,,,,,,,,,,
spinach,olive oil,apples,chocolate,sugar,flour,orange juice,,,,,,,,,,,,,
tea,,,,,,,,,,,,,,,,,,,
yogurt,chocolate,butter,orange juice,olive oil,,,,,,,,,,,,,,,
tea,chicken,flour,eggs,cheese,,,,,,,,,,,,,,,
tea,butter,apples,orange juice,bread,cheese,,,,,,,,,,,,,,
tomatoes,flour,salmon,,,,,,,,,,,,,,,,,
orange juice,chicken,pasta,yogurt,flour,,,,,,,,,,,,,,,
coffee,eggs,spinach,rice,onions,apples,,,,,,,,,,,,,,
salmon,chicken,coffee,butter,bananas,ground beef,,,,,,,,,,,,,,
milk,bananas,coffee,orange juice,spinach,,,,,,,,,,,,,,,
eggs,coffee,,,,,,,,,,,,,,,,,,
spinach,salmon,,,,,,,,,,,,,,,,,,
olive oil,eggs,,,,,,,,,,,,,,,,,,
chicken,,,,,,,,,,,,,,,,,,,
eggs,chocolate,potatoes,,,,,,,,,,,,,,,,,
chocolate,bread,cereal,olive oil,spinach,,,,,,,,,,,,,,,
bread,,,,,,,,,,,,,,,,,,,
cereal,,,,,,,,,,,,,,,,,,,
sugar,flour,butter,potatoes,,,,,,,,,,,,,,,,
orange juice,,,,,,,,,,,,,,,,,,,
cereal,potatoes,eggs,chicken,chocolate,,,,,,,,,,,,,,,
ground beef,olive oil,onions,cereal,,,,,,,,,,,,,,,,
chocolate,cereal,tea,milk,butter,coffee,chicken,bananas,,,,,,,,,,,,
chocolate,eggs,olive oil,tea,tomatoes,onions,coffee,pasta,,,,,,,,,,,,
apples,potatoes,milk,,,,,,,,,,,,,,,,,
spinach,olive oil,onions,,,,,,,,,,,,,,,,,
cereal,cheese,,,,,,,,,,,,,,,,,,
cheese,cereal,bananas,orange juice,,,,,,,,,,,,,,,,
chocolate,eggs,sugar,,,,,,,,,,,,,,,,,
ground beef,yogurt,cheese,olive oil,,,,,,,,,,,,,,,,
chicken,tomatoes,,,,,,,,,,,,,,,,,,
tomatoes,orange juice,coffee,onions,potatoes,apples,pasta,,,,,,,,,,,,,
salmon,yogurt,,,,,,,,,,,,,,,,,,
salmon,apples,ground beef,bananas,eggs,chicken,chocolate,coffee,,,,,,,,,,,,
pasta,,,,,,,,,,,,,,,,,,,
orange juice,olive oil,tea,pasta,eggs,bananas,,,,,,,,,,,,,,
pasta,butter,cereal,onions,rice,potatoes,olive oil,,,,,,,,,,,,,
chocolate,bananas,bread,yogurt,coffee,flour,cereal,,,,,,,,,,,,,
chicken,orange juice,,,,,,,,,,,,,,,,,,
orange juice,bananas,chocolate,coffee,,,,,,,,,,,,,,,,
chicken,cheese,butter,sugar,,,,,,,,,,,,,,,,
bananas,orange juice,,,,,,,,,,,,,,,,,,
onions,cheese,olive oil,ground beef,spinach,chicken,,,,,,,,,,,,,,
milk,eggs,pasta,,,,,,,,,,,,,,,,,
onions,potatoes,tea,,,,,,,,,,,,,,,,,
tomatoes,onions,ground beef,potatoes,chocolate,eggs,bananas,,,,,,,,,,,,,
bananas,butter,salmon,spinach,chicken,eggs,rice,bread,,,,,,,,,,,,
orange juice,bananas,chocolate,olive oil,tea,,,,,,,,,,,,,,,
flour,,,,,,,,,,,,,,,,,,,
ground beef,orange juice,apples,potatoes,pasta,rice,flour,,,,,,,,,,,,,
spinach,flour,,,,,,,,,,,,,,,,,,
olive oil,salmon,rice,chicken,,,,,,,,,,,,,,,,
butter,salmon,tomatoes,,,,,,,,,,,,,,,,,
pasta,bread,apples,tea,orange juice,cheese,yogurt,,,,,,,,,,,,,
olive oil,pasta,yogurt,,,,,,,,,,,,,,,,,
flour,bananas,yogurt,coffee,chicken,,,,,,,,,,,,,,,
orange juice,eggs,cereal,bread,cheese,,,,,,,,,,,,,,,
apples,chicken,coffee,potatoes,,,,,,,,,,,,,,,,
chicken,tomatoes,eggs,milk,onions,coffee,pasta,salmon,,,,,,,,,,,,
sugar,olive oil,orange juice,spinach,chicken,ground beef,apples,,,,,,,,,,,,,
bananas,pasta,chocolate,,,,,,,,,,,,,,,,,
chocolate,yogurt,ground beef,cereal,,,,,,,,,,,,,,,,
apples,bananas,,,,,,,,,,,,,,,,,,
yogurt,pasta,flour,spinach,salmon,butter,bananas,,,,,,,,,,,,,
butter,tomatoes,olive oil,,,,,,,,,,,,,,,,,
cereal,tomatoes,butter,apples,sugar,onions,bread,yogurt,,,,,,,,,,,,
onions,yogurt,tomatoes,,,,,,,,,,,,,,,,,
pasta,cheese,sugar,butter,eggs,bananas,,,,,,,,,,,,,,
salmon,onions,chocolate,,,,,,,,,,,,,,,,,
eggs,spinach,yogurt,tea,cereal,salmon,,,,,,,,,,,,,,
yogurt,eggs,spinach,rice,olive oil,butter,,,,,,,,,,,,,,
flour,bananas,potatoes,,,,,,,,,,,,,,,,,
coffee,,,,,,,,,,,,,,,,,,,
spinach,,,,,,,,,,,,,,,,,,,
milk,apples,chicken,,,,,,,,,,,,,,,,,
onions,,,,,,,,,,,,,,,,,,,
cheese,olive oil,,,,,,,,,,,,,,,,,,
cheese,chocolate,bread,bananas,tea,rice,flour,,,,,,,,,,,,,
rice,chicken,yogurt,,,,,,,,,,,,,,,,,
yogurt,flour,ground beef,butter,tea,sugar,eggs,bread,,,,,,,,,,,,
rice,onions,bread,cereal,olive oil,bananas,,,,,,,,,,,,,,
tomatoes,olive oil,cereal,sugar,,,,,,,,,,,,,,,,
milk,eggs,chocolate,olive oil,flour,ground beef,bananas,,,,,,,,,,,,,
eggs,tea,butter,salmon,cheese,yogurt,pasta,tomatoes,,,,,,,,,,,,
cheese,ground beef,eggs,tea,onions,milk,flour,,,,,,,,,,,,,
cereal,apples,chocolate,bread,chicken,,,,,,,,,,,,,,,
ground beef,cereal,salmon,pasta,orange juice,tea,,,,,,,,,,,,,,
pasta,salmon,chocolate,rice,,,,,,,,,,,,,,,,
chocolate,bananas,salmon,,,,,,,,,,,,,,,,,
cereal,flour,bananas,rice,orange juice,chocolate,salmon,,,,,,,,,,,,,
eggs,olive oil,bananas,milk,ground beef,orange juice,,,,,,,,,,,,,,
cheese,potatoes,tomatoes,,,,,,,,,,,,,,,,,
pasta,cheese,coffee,butter,bananas,olive oil,spinach,flour,,,,,,,,,,,,
chicken,,,,,,,,,,,,,,,,,,,
onions,sugar,tomatoes,eggs,apples,salmon,coffee,spinach,,,,,,,,,,,,
chocolate,tea,flour,tomatoes,yogurt,apples,,,,,,,,,,,,,,
tomatoes,,,,,,,,,,,,,,,,,,,
bread,tea,cereal,milk,butter,cheese,sugar,olive oil,,,,,,,,,,,,
chocolate,bananas,cereal,,,,,,,,,,,,,,,,,
onions,flour,orange juice,,,,,,,,,,,,,,,,,
milk,ground beef,butter,eggs,,,,,,,,,,,,,,,,
milk,butter,yogurt,rice,tea,,,,,,,,,,,,,,,
bread,ground beef,sugar,spinach,,,,,,,,,,,,,,,,
olive oil,orange juice,bread,flour,potatoes,apples,,,,,,,,,,,,,,
potatoes,tomatoes,chicken,,,,,,,,,,,,,,,,,
chocolate,salmon,milk,,,,,,,,,,,,,,,,,
cheese,chicken,yogurt,coffee,butter,rice,onions,tea,,,,,,,,,,,,
cheese,coffee,,,,,,,,,,,,,,,,,,
eggs,,,,,,,,,,,,,,,,,,,
tomatoes,milk,coffee,rice,,,,,,,,,,,,,,,,
apples,ground beef,chocolate,pasta,,,,,,,,,,,,,,,,
salmon,cereal,eggs,chocolate,rice,bread,butter,flour,,,,,,,,,,,,
ground beef,sugar,flour,tea,,,,,,,,,,,,,,,,
onions,pasta,cereal,spinach,ground beef,,,,,,,,,,,,,,,
cereal,chicken,butter,milk,spinach,olive oil,cheese,,,,,,,,,,,,,
butter,eggs,tomatoes,,,,,,,,,,,,,,,,,
ground beef,spinach,,,,,,,,,,,,,,,,,,
chicken,onions,orange juice,cereal,butter,pasta,chocolate,tomatoes,,,,,,,,,,,,
cereal,onions,tea,sugar,salmon,bananas,apples,spinach,,,,,,,,,,,,
tomatoes,olive oil,bread,,,,,,,,,,,,,,,,,
milk,,,,,,,,,,,,,,,,,,,
pasta,butter,,,,,,,,,,,,,,,,,,
sugar,chicken,rice,milk,onions,spinach,,,,,,,,,,,,,,
coffee,eggs,ground beef,,,,,,,,,,,,,,,,,
cheese,potatoes,,,,,,,,,,,,,,,,,,
cereal,bananas,butter,tomatoes,yogurt,onions,eggs,,,,,,,,,,,,,
spinach,chicken,salmon,ground beef,olive oil,,,,,,,,,,,,,,,
potatoes,bananas,flour,eggs,,,,,,,,,,,,,,,,
tea,apples,yogurt,,,,,,,,,,,,,,,,,
potatoes,chicken,rice,cereal,bread,flour,butter,yogurt,,,,,,,,,,,,
olive oil,milk,pasta,chicken,bananas,onions,orange juice,sugar,,,,,,,,,,,,
apples,chocolate,potatoes,coffee,,,,,,,,,,,,,,,,
bananas,olive oil,sugar,salmon,eggs,potatoes,orange juice,chocolate,,,,,,,,,,,,
yogurt,,,,,,,,,,,,,,,,,,,
eggs,onions,cereal,flour,olive oil,ground beef,milk,butter,,,,,,,,,,,,
bananas,,,,,,,,,,,,,,,,,,,
chocolate,chicken,sugar,butter,,,,,,,,,,,,,,,,
orange juice,apples,cereal,onions,cheese,,,,,,,,,,,,,,,
ground beef,tomatoes,spinach,cereal,eggs,rice,,,,,,,,,,,,,,
chicken,salmon,bananas,pasta,chocolate,,,,,,,,,,,,,,,
yogurt,chocolate,tomatoes,,,,,,,,,,,,,,,,,
cereal,bananas,butter,pasta,,,,,,,,,,,,,,,,
bananas,cereal,milk,potatoes,chocolate,,,,,,,,,,,,,,,
cereal,,,,,,,,,,,,,,,,,,,
chocolate,milk,pasta,butter,bananas,,,,,,,,,,,,,,,
eggs,rice,apples,chicken,onions,,,,,,,,,,,,,,,
chocolate,salmon,,,,,,,,,,,,,,,,,,
chocolate,onions,coffee,eggs,tea,milk,flour,yogurt,,,,,,,,,,,,
bread,potatoes,cereal,olive oil,chicken,,,,,,,,,,,,,,,
chicken,,,,,,,,,,,,,,,,,,,
olive oil,bread,,,,,,,,,,,,,,,,,,
onions,chicken,butter,eggs,cereal,sugar,,,,,,,,,,,,,,
pasta,,,,,,,,,,,,,,,,,,,
butter,ground beef,tea,milk,sugar,bread,spinach,,,,,,,,,,,,,
yogurt,potatoes,,,,,,,,,,,,,,,,,,
ground beef,cheese,onions,cereal,tea,chocolate,butter,spinach,,,,,,,,,,,,
pasta,apples,butter,yogurt,olive oil,spinach,,,,,,,,,,,,,,
tomatoes,potatoes,bananas,olive oil,cheese,yogurt,,,,,,,,,,,,,,
coffee,butter,tomatoes,bananas,eggs,,,,,,,,,,,,,,,
ground beef,sugar,orange juice,,,,,,,,,,,,,,,,,
tomatoes,olive oil,,,,,,,,,,,,,,,,,,
chicken,onions,spinach,rice,,,,,,,,,,,,,,,,
flour,yogurt,chocolate,,,,,,,,,,,,,,,,,
yogurt,butter,,,,,,,,,,,,,,,,,,
tomatoes,potatoes,olive oil,yogurt,bananas,spinach,rice,coffee,,,,,,,,,,,,
sugar,coffee,salmon,chocolate,rice,bananas,,,,,,,,,,,,,,
cereal,tomatoes,apples,,,,,,,,,,,,,,,,,
potatoes,onions,ground beef,olive oil,pasta,salmon,chicken,tea,,,,,,,,,,,,
ground beef,yogurt,onions,sugar,bananas,cereal,tea,apples,,,,,,,,,,,,
apples,onions,chicken,cheese,pasta,bananas,chocolate,,,,,,,,,,,,,
salmon,sugar,rice,,,,,,,,,,,,,,,,,
ground beef,cheese,tomatoes,orange juice,spinach,bread,bananas,coffee,,,,,,,,,,,,
flour,chicken,sugar,apples,butter,yogurt,cereal,bananas,,,,,,,,,,,,
chocolate,cheese,pasta,sugar,chicken,olive oil,cereal,,,,,,,,,,,,,
cheese,pasta,bananas,chicken,tea,flour,eggs,olive oil,,,,,,,,,,,,
orange juice,chocolate,tomatoes,pasta,rice,bananas,potatoes,,,,,,,,,,,,,
sugar,rice,,,,,,,,,,,,,,,,,,
onions,flour,spinach,olive oil,butter,potatoes,,,,,,,,,,,,,,
rice,,,,,,,,,,,,,,,,,,,
spinach,chocolate,,,,,,,,,,,,,,,,,,
tomatoes,tea,eggs,rice,,,,,,,,,,,,,,,,
chicken,potatoes,tea,olive oil,spinach,ground beef,bananas,orange juice,,,,,,,,,,,,
yogurt,rice,tomatoes,cheese,spinach,tea,,,,,,,,,,,,,,
orange juice,spinach,,,,,,,,,,,,,,,,,,
bread,,,,,,,,,,,,,,,,,,,
milk,potatoes,bread,orange juice,tomatoes,cereal,rice,,,,,,,,,,,,,
rice,tomatoes,pasta,cereal,salmon,sugar,coffee,,,,,,,,,,,,,
bread,pasta,potatoes,bananas,sugar,salmon,,,,,,,,,,,,,,
spinach,bananas,sugar,ground beef,,,,,,,,,,,,,,,,
cereal,apples,bananas,ground beef,chicken,yogurt,chocolate,orange juice,,,,,,,,,,,,
cereal,bananas,,,,,,,,,,,,,,,,,,
chocolate,apples,cheese,,,,,,,,,,,,,,,,,
tea,eggs,coffee,,,,,,,,,,,,,,,,,
bread,chicken,butter,cheese,spinach,potatoes,flour,apples,,,,,,,,,,,,
onions,tomatoes,,,,,,,,,,,,,,,,,,
coffee,chicken,milk,potatoes,,,,,,,,,,,,,,,,
apples,flour,,,,,,,,,,,,,,,,,,
cheese,butter,,,,,,,,,,,,,,,,,,
milk,flour,apples,,,,,,,,,,,,,,,,,
sugar,,,,,,,,,,,,,,,,,,,
spinach,chocolate,milk,,,,,,,,,,,,,,,,,
coffee,onions,,,,,,,,,,,,,,,,,,
salmon,chicken,potatoes,olive oil,coffee,butter,cheese,,,,,,,,,,,,,
apples,cheese,onions,,,,,,,,,,,,,,,,,
spinach,olive oil,sugar,cereal,apples,potatoes,tomatoes,rice,,,,,,,,,,,,
spinach,olive oil,tomatoes,milk,rice,,,,,,,,,,,,,,,
chocolate,onions,cheese,,,,,,,,,,,,,,,,,
bananas,onions,yogurt,tea,,,,,,,,,,,,,,,,
apples,spinach,,,,,,,,,,,,,,,,,,
onions,,,,,,,,,,,,,,,,,,,
ground beef,,,,,,,,,,,,,,,,,,,
rice,,,,,,,,,,,,,,,,,,,
butter,bananas,,,,,,,,,,,,,,,,,,
cheese,,,,,,,,,,,,,,,,,,,
butter,,,,,,,,,,,,,,,,,,,
rice,spinach,,,,,,,,,,,,,,,,,,
cereal,rice,tomatoes,,,,,,,,,,,,,,,,,
tomatoes,,,,,,,,,,,,,,,,,,,
apples,salmon,potatoes,orange juice,eggs,rice,,,,,,,,,,,,,,
coffee,potatoes,pasta,cereal,chicken,spinach,butter,,,,,,,,,,,,,
cereal,spinach,flour,sugar,potatoes,tea,,,,,,,,,,,,,,
olive oil,,,,,,,,,,,,,,,,,,,
chicken,spinach,flour,ground beef,onions,bananas,tomatoes,,,,,,,,,,,,,
bread,yogurt,,,,,,,,,,,,,,,,,,
pasta,butter,eggs,tea,cheese,,,,,,,,,,,,,,,
yogurt,flour,milk,apples,tea,coffee,,,,,,,,,,,,,,
bread,apples,pasta,potatoes,yogurt,tea,cereal,,,,,,,,,,,,,
tomatoes,orange juice,spinach,ground beef,potatoes,eggs,,,,,,,,,,,,,,
pasta,tomatoes,orange juice,ground beef,bread,olive oil,apples,,,,,,,,,,,,,
rice,milk,ground beef,flour,cereal,orange juice,tea,chicken,,,,,,,,,,,,
salmon,chocolate,,,,,,,,,,,,,,,,,,
cereal,rice,coffee,pasta,salmon,chicken,,,,,,,,,,,,,,
rice,bread,eggs,cereal,milk,,,,,,,,,,,,,,,
salmon,chicken,,,,,,,,,,,,,,,,,,
onions,yogurt,salmon,ground beef,eggs,,,,,,,,,,,,,,,
ground beef,flour,milk,,,,,,,,,,,,,,,,,
spinach,chocolate,cereal,ground beef,,,,,,,,,,,,,,,,
milk,chicken,spinach,salmon,coffee,sugar,pasta,,,,,,,,,,,,,
rice,cheese,apples,cereal,,,,,,,,,,,,,,,,
sugar,onions,apples,orange juice,butter,,,,,,,,,,,,,,,
potatoes,milk,apples,,,,,,,,,,,,,,,,,
chocolate,,,,,,,,,,,,,,,,,,,
coffee,,,,,,,,,,,,,,,,,,,
ground beef,,,,,,,,,,,,,,,,,,,
cereal,onions,rice,salmon,bananas,butter,,,,,,,,,,,,,,
tomatoes,orange juice,potatoes,flour,onions,bananas,,,,,,,,,,,,,,
flour,yogurt,bananas,,,,,,,,,,,,,,,,,
milk,chocolate,butter,rice,chicken,,,,,,,,,,,,,,,
olive oil,,,,,,,,,,,,,,,,,,,
rice,sugar,pasta,chicken,apples,ground beef,coffee,,,,,,,,,,,,,
rice,pasta,,,,,,,,,,,,,,,,,,
chicken,tomatoes,milk,coffee,,,,,,,,,,,,,,,,
salmon,cereal,,,,,,,,,,,,,,,,,,
rice,onions,bread,orange juice,yogurt,milk,,,,,,,,,,,,,,
ground beef,chocolate,coffee,onions,olive oil,cereal,butter,orange juice,,,,,,,,,,,,
yogurt,flour,chocolate,butter,tea,olive oil,,,,,,,,,,,,,,
milk,chocolate,salmon,tomatoes,sugar,ground beef,,,,,,,,,,,,,,
tomatoes,,,,,,,,,,,,,,,,,,,
tomatoes,olive oil,ground beef,butter,salmon,,,,,,,,,,,,,,,
spinach,rice,ground beef,orange juice,,,,,,,,,,,,,,,,
yogurt,milk,potatoes,bananas,,,,,,,,,,,,,,,,
tea,milk,flour,,,,,,,,,,,,,,,,,
cheese,coffee,chicken,potatoes,tomatoes,ground beef,cereal,rice,,,,,,,,,,,,
milk,butter,olive oil,tomatoes,bananas,onions,,,,,,,,,,,,,,
butter,,,,,,,,,,,,,,,,,,,
chocolate,spinach,salmon,tea,yogurt,bread,,,,,,,,,,,,,,
cheese,milk,eggs,orange juice,flour,ground beef,bananas,,,,,,,,,,,,,
flour,tea,milk,olive oil,cheese,tomatoes,chocolate,cereal,,,,,,,,,,,,
apples,ground beef,pasta,bread,cereal,spinach,,,,,,,,,,,,,,
spinach,orange juice,rice,chicken,bread,butter,tomatoes,coffee,,,,,,,,,,,,
rice,coffee,bread,eggs,olive oil,,,,,,,,,,,,,,,
coffee,salmon,chocolate,,,,,,,,,,,,,,,,,
tomatoes,flour,coffee,olive oil,,,,,,,,,,,,,,,,
butter,olive oil,bananas,,,,,,,,,,,,,,,,,
olive oil,chicken,,,,,,,,,,,,,,,,,,
salmon,rice,chocolate,onions,tomatoes,,,,,,,,,,,,,,,
onions,rice,potatoes,flour,sugar,,,,,,,,,,,,,,,
salmon,,,,,,,,,,,,,,,,,,,
tomatoes,onions,apples,,,,,,,,,,,,,,,,,
orange juice,cheese,yogurt,bread,butter,tomatoes,,,,,,,,,,,,,,
tomatoes,pasta,spinach,olive oil,potatoes,chocolate,ground beef,butter,,,,,,,,,,,,
orange juice,onions,olive oil,rice,tea,cheese,potatoes,,,,,,,,,,,,,
bananas,eggs,bread,,,,,,,,,,,,,,,,,
salmon,ground beef,chocolate,cereal,flour,apples,chicken,olive oil,,,,,,,,,,,,
butter,,,,,,,,,,,,,,,,,,,
cheese,pasta,,,,,,,,,,,,,,,,,,
sugar,pasta,chicken,chocolate,flour,,,,,,,,,,,,,,,
cheese,chicken,onions,orange juice,coffee,flour,bananas,,,,,,,,,,,,,
coffee,cereal,,,,,,,,,,,,,,,,,,
spinach,bread,sugar,onions,rice,tea,,,,,,,,,,,,,,
pasta,,,,,,,,,,,,,,,,,,,
tomatoes,tea,chicken,pasta,salmon,,,,,,,,,,,,,,,
cereal,coffee,tea,,,,,,,,,,,,,,,,,
rice,cheese,tea,eggs,apples,bananas,,,,,,,,,,,,,,
cheese,potatoes,bananas,cereal,chicken,coffee,ground beef,salmon,,,,,,,,,,,,
cheese,coffee,flour,onions,salmon,,,,,,,,,,,,,,,
sugar,rice,salmon,bread,chicken,spinach,ground beef,,,,,,,,,,,,,
orange juice,olive oil,,,,,,,,,,,,,,,,,,
olive oil,chocolate,,,,,,,,,,,,,,,,,,
apples,salmon,tea,butter,flour,yogurt,onions,,,,,,,,,,,,,
eggs,ground beef,bread,tomatoes,olive oil,coffee,sugar,cereal,,,,,,,,,,,,
ground beef,olive oil,orange juice,tea,,,,,,,,,,,,,,,,
onions,bananas,eggs,chicken,olive oil,pasta,,,,,,,,,,,,,,
milk,,,,,,,,,,,,,,,,,,,
potatoes,chicken,,,,,,,,,,,,,,,,,,
eggs,apples,,,,,,,,,,,,,,,,,,
chicken,pasta,tomatoes,spinach,olive oil,yogurt,bread,onions,,,,,,,,,,,,
tea,yogurt,,,,,,,,,,,,,,,,,,
apples,cereal,salmon,yogurt,chocolate,,,,,,,,,,,,,,,
chocolate,,,,,,,,,,,,,,,,,,,
apples,onions,,,,,,,,,,,,,,,,,,
salmon,chicken,,,,,,,,,,,,,,,,,,
bananas,tomatoes,ground beef,coffee,rice,yogurt,chicken,,,,,,,,,,,,,
apples,coffee,chicken,cheese,orange juice,,,,,,,,,,,,,,,
cereal,eggs,butter,apples,ground beef,cheese,,,,,,,,,,,,,,
ground beef,apples,,,,,,,,,,,,,,,,,,
coffee,chocolate,potatoes,bread,,,,,,,,,,,,,,,,
eggs,chocolate,spinach,salmon,coffee,cereal,olive oil,,,,,,,,,,,,,
yogurt,ground beef,flour,tomatoes,bread,orange juice,bananas,milk,,,,,,,,,,,,
tomatoes,rice,pasta,onions,orange juice,milk,bananas,chicken,,,,,,,,,,,,
orange juice,chicken,milk,onions,,,,,,,,,,,,,,,,
potatoes,tomatoes,,,,,,,,,,,,,,,,,,
bread,cereal,bananas,sugar,milk,flour,spinach,onions,,,,,,,,,,,,
yogurt,,,,,,,,,,,,,,,,,,,
flour,pasta,coffee,cheese,cereal,milk,,,,,,,,,,,,,,
sugar,yogurt,milk,cereal,olive oil,onions,eggs,orange juice,,,,,,,,,,,,
flour,onions,apples,cheese,sugar,olive oil,pasta,butter,,,,,,,,,,,,
spinach,tomatoes,chocolate,rice,potatoes,orange juice,,,,,,,,,,,,,,
spinach,,,,,,,,,,,,,,,,,,,
ground beef,rice,tea,orange juice,chicken,,,,,,,,,,,,,,,
yogurt,bananas,,,,,,,,,,,,,,,,,,
orange juice,bananas,pasta,rice,coffee,potatoes,spinach,,,,,,,,,,,,,
bananas,cereal,,,,,,,,,,,,,,,,,,
spinach,bananas,orange juice,chocolate,rice,bread,,,,,,,,,,,,,,
salmon,pasta,apples,,,,,,,,,,,,,,,,,
sugar,rice,chocolate,flour,tomatoes,,,,,,,,,,,,,,,
spinach,coffee,pasta,yogurt,potatoes,,,,,,,,,,,,,,,
milk,coffee,tomatoes,tea,,,,,,,,,,,,,,,,
chocolate,onions,yogurt,orange juice,pasta,tea,flour,,,,,,,,,,,,,
tomatoes,flour,chicken,,,,,,,,,,,,,,,,,
bread,spinach,bananas,tomatoes,cereal,,,,,,,,,,,,,,,
eggs,tea,butter,chocolate,,,,,,,,,,,,,,,,
milk,potatoes,chocolate,,,,,,,,,,,,,,,,,
milk,onions,tea,salmon,rice,,,,,,,,,,,,,,,
tomatoes,eggs,,,,,,,,,,,,,,,,,,
apples,,,,,,,,,,,,,,,,,,,
spinach,tea,bananas,coffee,orange juice,,,,,,,,,,,,,,,
coffee,apples,,,,,,,,,,,,,,,,,,
chocolate,sugar,cheese,milk,cereal,,,,,,,,,,,,,,,
eggs,,,,,,,,,,,,,,,,,,,
orange juice,bananas,rice,milk,eggs,flour,yogurt,,,,,,,,,,,,,
potatoes,orange juice,onions,chocolate,,,,,,,,,,,,,,,,
ground beef,salmon,chocolate,sugar,bread,cheese,onions,milk,,,,,,,,,,,,
olive oil,cheese,rice,salmon,butter,orange juice,chocolate,,,,,,,,,,,,,
cheese,olive oil,rice,,,,,,,,,,,,,,,,,
potatoes,tomatoes,cereal,eggs,bread,,,,,,,,,,,,,,,
tea,coffee,flour,sugar,salmon,cheese,cereal,olive oil,,,,,,,,,,,,
rice,orange juice,sugar,flour,,,,,,,,,,,,,,,,
bananas,chocolate,olive oil,ground beef,,,,,,,,,,,,,,,,
cheese,butter,onions,orange juice,ground beef,spinach,sugar,,,,,,,,,,,,,
apples,,,,,,,,,,,,,,,,,,,
potatoes,onions,sugar,orange juice,salmon,,,,,,,,,,,,,,,
cereal,milk,olive oil,,,,,,,,,,,,,,,,,
milk,cereal,sugar,butter,coffee,,,,,,,,,,,,,,,
olive oil,milk,butter,,,,,,,,,,,,,,,,,
onions,olive oil,cereal,bananas,,,,,,,,,,,,,,,,
rice,,,,,,,,,,,,,,,,,,,
tomatoes,bananas,ground beef,milk,orange juice,bread,,,,,,,,,,,,,,
cereal,spinach,butter,cheese,apples,potatoes,,,,,,,,,,,,,,
tomatoes,tea,butter,rice,flour,cheese,eggs,,,,,,,,,,,,,
rice,,,,,,,,,,,,,,,,,,,
chicken,tomatoes,onions,potatoes,olive oil,cereal,chocolate,pasta,,,,,,,,,,,,
spinach,orange juice,tomatoes,apples,ground beef,eggs,pasta,milk,,,,,,,,,,,,
chocolate,flour,,,,,,,,,,,,,,,,,,
cheese,butter,,,,,,,,,,,,,,,,,,
olive oil,bread,apples,ground beef,yogurt,tea,milk,,,,,,,,,,,,,
ground beef,tomatoes,onions,,,,,,,,,,,,,,,,,
butter,pasta,bananas,,,,,,,,,,,,,,,,,
tomatoes,milk,apples,eggs,,,,,,,,,,,,,,,,
salmon,sugar,flour,spinach,milk,potatoes,ground beef,yogurt,,,,,,,,,,,,
cereal,onions,butter,coffee,cheese,,,,,,,,,,,,,,,
milk,,,,,,,,,,,,,,,,,,,
ground beef,cereal,coffee,potatoes,,,,,,,,,,,,,,,,
tea,eggs,onions,spinach,salmon,apples,,,,,,,,,,,,,,
rice,bread,yogurt,flour,chocolate,tea,,,,,,,,,,,,,,
flour,ground beef,sugar,chocolate,spinach,tea,,,,,,,,,,,,,,
spinach,,,,,,,,,,,,,,,,,,,
apples,chocolate,olive oil,butter,,,,,,,,,,,,,,,,
yogurt,orange juice,bread,bananas,,,,,,,,,,,,,,,,
ground beef,spinach,flour,coffee,,,,,,,,,,,,,,,,
salmon,yogurt,,,,,,,,,,,,,,,,,,
spinach,rice,,,,,,,,,,,,,,,,,,
olive oil,apples,,,,,,,,,,,,,,,,,,
cheese,chicken,cereal,milk,eggs,pasta,butter,,,,,,,,,,,,,
cereal,chicken,bananas,butter,,,,,,,,,,,,,,,,
bananas,rice,pasta,flour,milk,cereal,potatoes,,,,,,,,,,,,,
butter,cereal,,,,,,,,,,,,,,,,,,
cereal,,,,,,,,,,,,,,,,,,,
chicken,,,,,,,,,,,,,,,,,,,
sugar,chocolate,ground beef,orange juice,chicken,,,,,,,,,,,,,,,
potatoes,orange juice,salmon,olive oil,,,,,,,,,,,,,,,,
salmon,bananas,cheese,tomatoes,orange juice,,,,,,,,,,,,,,,
orange juice,pasta,sugar,potatoes,chicken,ground beef,apples,flour,,,,,,,,,,,,
cereal,orange juice,apples,chicken,cheese,,,,,,,,,,,,,,,
ground beef,flour,,,,,,,,,,,,,,,,,,
potatoes,,,,,,,,,,,,,,,,,,,
apples,,,,,,,,,,,,,,,,,,,
chicken,onions,,,,,,,,,,,,,,,,,,
eggs,potatoes,,,,,,,,,,,,,,,,,,
tea,salmon,,,,,,,,,,,,,,,,,,
yogurt,flour,olive oil,coffee,sugar,cereal,spinach,eggs,,,,,,,,,,,,
orange juice,butter,chicken,ground beef,bananas,tomatoes,,,,,,,,,,,,,,
bananas,potatoes,,,,,,,,,,,,,,,,,,
milk,rice,coffee,cheese,spinach,eggs,,,,,,,,,,,,,,
rice,onions,olive oil,cereal,coffee,orange juice,bread,eggs,,,,,,,,,,,,
apples,chicken,potatoes,ground beef,,,,,,,,,,,,,,,,
cheese,,,,,,,,,,,,,,,,,,,
cheese,,,,,,,,,,,,,,,,,,,
bananas,chicken,pasta,coffee,orange juice,,,,,,,,,,,,,,,
potatoes,,,,,,,,,,,,,,,,,,,
tea,milk,potatoes,tomatoes,eggs,rice,chocolate,,,,,,,,,,,,,
spinach,potatoes,coffee,bananas,yogurt,,,,,,,,,,,,,,,
flour,eggs,spinach,yogurt,,,,,,,,,,,,,,,,
coffee,tomatoes,apples,cheese,potatoes,onions,spinach,sugar,,,,,,,,,,,,
coffee,salmon,eggs,orange juice,olive oil,butter,rice,bread,,,,,,,,,,,,
cereal,chicken,bread,flour,olive oil,,,,,,,,,,,,,,,
butter,orange juice,tea,bread,tomatoes,eggs,chocolate,bananas,,,,,,,,,,,,
bread,olive oil,cheese,bananas,butter,yogurt,cereal,,,,,,,,,,,,,
chocolate,flour,eggs,tea,,,,,,,,,,,,,,,,
orange juice,,,,,,,,,,,,,,,,,,,
cheese,chocolate,eggs,butter,apples,coffee,,,,,,,,,,,,,,
yogurt,salmon,onions,,,,,,,,,,,,,,,,,
butter,sugar,,,,,,,,,,,,,,,,,,
milk,rice,pasta,cheese,ground beef,salmon,,,,,,,,,,,,,,
orange juice,pasta,ground beef,chocolate,tomatoes,,,,,,,,,,,,,,,
cereal,pasta,,,,,,,,,,,,,,,,,,
sugar,ground beef,tomatoes,orange juice,flour,bananas,butter,pasta,,,,,,,,,,,,
ground beef,potatoes,pasta,bread,chicken,,,,,,,,,,,,,,,
salmon,coffee,sugar,butter,rice,cereal,bread,eggs,,,,,,,,,,,,
tomatoes,pasta,chicken,flour,salmon,chocolate,orange juice,,,,,,,,,,,,,
olive oil,orange juice,apples,,,,,,,,,,,,,,,,,
tomatoes,cheese,rice,tea,ground beef,yogurt,salmon,cereal,,,,,,,,,,,,
pasta,flour,yogurt,milk,eggs,,,,,,,,,,,,,,,
onions,coffee,cheese,flour,yogurt,chocolate,olive oil,spinach,,,,,,,,,,,,
cheese,tomatoes,potatoes,flour,bananas,butter,olive oil,,,,,,,,,,,,,
tea,bananas,olive oil,flour,orange juice,bread,sugar,,,,,,,,,,,,,
salmon,eggs,ground beef,chocolate,potatoes,,,,,,,,,,,,,,,
chicken,sugar,potatoes,,,,,,,,,,,,,,,,,
pasta,coffee,sugar,cheese,milk,olive oil,ground beef,apples,,,,,,,,,,,,
ground beef,milk,olive oil,flour,spinach,onions,,,,,,,,,,,,,,
ground beef,,,,,,,,,,,,,,,,,,,
chocolate,,,,,,,,,,,,,,,,,,,
chicken,bananas,orange juice,yogurt,pasta,spinach,coffee,rice,,,,,,,,,,,,
bread,tomatoes,yogurt,bananas,olive oil,pasta,onions,eggs,,,,,,,,,,,,
olive oil,pasta,cereal,milk,eggs,rice,tea,spinach,,,,,,,,,,,,
chocolate,potatoes,,,,,,,,,,,,,,,,,,
chocolate,ground beef,olive oil,tea,bread,rice,butter,eggs,,,,,,,,,,,,
tea,olive oil,chicken,cheese,coffee,salmon,sugar,,,,,,,,,,,,,
potatoes,bread,chicken,onions,coffee,cheese,,,,,,,,,,,,,,
butter,chicken,tomatoes,eggs,orange juice,chocolate,,,,,,,,,,,,,,
rice,apples,eggs,sugar,orange juice,spinach,salmon,,,,,,,,,,,,,
tea,chicken,eggs,potatoes,orange juice,,,,,,,,,,,,,,,
milk,potatoes,cheese,yogurt,onions,sugar,,,,,,,,,,,,,,
flour,milk,cheese,,,,,,,,,,,,,,,,,
potatoes,cereal,sugar,,,,,,,,,,,,,,,,,
bread,cheese,eggs,milk,coffee,cereal,salmon,,,,,,,,,,,,,
tomatoes,onions,potatoes,eggs,orange juice,pasta,,,,,,,,,,,,,,
ground beef,apples,,,,,,,,,,,,,,,,,,
tomatoes,bananas,coffee,apples,sugar,cereal,,,,,,,,,,,,,,
sugar,chicken,onions,butter,apples,yogurt,,,,,,,,,,,,,,
orange juice,coffee,,,,,,,,,,,,,,,,,,
tomatoes,apples,milk,chicken,eggs,pasta,cereal,sugar,,,,,,,,,,,,
butter,olive oil,potatoes,orange juice,,,,,,,,,,,,,,,,
cereal,ground beef,pasta,,,,,,,,,,,,,,,,,
onions,cereal,bananas,milk,tea,chicken,eggs,rice,,,,,,,,,,,,
flour,olive oil,,,,,,,,,,,,,,,,,,
coffee,cheese,bananas,,,,,,,,,,,,,,,,,
pasta,potatoes,chocolate,coffee,orange juice,sugar,,,,,,,,,,,,,,
eggs,,,,,,,,,,,,,,,,,,,
chicken,apples,milk,,,,,,,,,,,,,,,,,
ground beef,potatoes,chicken,,,,,,,,,,,,,,,,,
cheese,orange juice,tomatoes,,,,,,,,,,,,,,,,,
eggs,,,,,,,,,,,,,,,,,,,
spinach,eggs,chicken,olive oil,sugar,cheese,onions,ground beef,,,,,,,,,,,,
olive oil,,,,,,,,,,,,,,,,,,,
rice,tomatoes,cereal,milk,onions,apples,cheese,,,,,,,,,,,,,
orange juice,flour,chicken,spinach,sugar,salmon,rice,apples,,,,,,,,,,,,
chicken,tomatoes,bread,ground beef,,,,,,,,,,,,,,,,
yogurt,sugar,coffee,apples,bread,onions,,,,,,,,,,,,,,
pasta,ground beef,cereal,spinach,,,,,,,,,,,,,,,,
ground beef,orange juice,milk,,,,,,,,,,,,,,,,,
sugar,spinach,butter,yogurt,flour,orange juice,apples,chocolate,,,,,,,,,,,,
coffee,yogurt,bread,,,,,,,,,,,,,,,,,
potatoes,butter,chocolate,bananas,eggs,olive oil,,,,,,,,,,,,,,
salmon,tea,eggs,,,,,,,,,,,,,,,,,
potatoes,butter,onions,bread,bananas,olive oil,yogurt,,,,,,,,,,,,,
tomatoes,flour,cereal,tea,ground beef,,,,,,,,,,,,,,,
potatoes,pasta,flour,bread,sugar,tea,spinach,,,,,,,,,,,,,
spinach,potatoes,olive oil,,,,,,,,,,,,,,,,,
chocolate,milk,bread,,,,,,,,,,,,,,,,,
onions,cereal,sugar,apples,chicken,butter,,,,,,,,,,,,,,
cheese,chocolate,flour,butter,coffee,spinach,,,,,,,,,,,,,,
cheese,chicken,olive oil,cereal,,,,,,,,,,,,,,,,
salmon,bananas,spinach,chicken,,,,,,,,,,,,,,,,
bread,potatoes,rice,chicken,bananas,,,,,,,,,,,,,,,
ground beef,cereal,,,,,,,,,,,,,,,,,,
ground beef,spinach,tomatoes,olive oil,onions,,,,,,,,,,,,,,,
butter,orange juice,coffee,,,,,,,,,,,,,,,,,
ground beef,pasta,spinach,milk,flour,apples,bread,potatoes,,,,,,,,,,,,
cheese,pasta,olive oil,cereal,rice,,,,,,,,,,,,,,,
olive oil,,,,,,,,,,,,,,,,,,,
bread,,,,,,,,,,,,,,,,,,,
sugar,salmon,olive oil,tea,,,,,,,,,,,,,,,,
sugar,eggs,salmon,chocolate,chicken,ground beef,,,,,,,,,,,,,,
chicken,olive oil,potatoes,,,,,,,,,,,,,,,,,
flour,bananas,tea,,,,,,,,,,,,,,,,,
bread,chicken,orange juice,apples,,,,,,,,,,,,,,,,
ground beef,chocolate,tomatoes,pasta,bananas,butter,,,,,,,,,,,,,,
ground beef,onions,chocolate,salmon,eggs,bananas,tomatoes,butter,,,,,,,,,,,,
sugar,cereal,pasta,bread,chicken,yogurt,tea,spinach,,,,,,,,,,,,
tomatoes,butter,chocolate,spinach,tea,cheese,cereal,,,,,,,,,,,,,
tomatoes,milk,eggs,bread,salmon,olive oil,,,,,,,,,,,,,,
spinach,bread,sugar,rice,salmon,butter,chocolate,pasta,,,,,,,,,,,,
cheese,,,,,,,,,,,,,,,,,,,
tea,olive oil,flour,coffee,tomatoes,,,,,,,,,,,,,,,
bread,chocolate,,,,,,,,,,,,,,,,,,
butter,milk,coffee,tomatoes,,,,,,,,,,,,,,,,
chicken,tomatoes,orange juice,,,,,,,,,,,,,,,,,
rice,tea,ground beef,,,,,,,,,,,,,,,,,
chocolate,rice,cheese,eggs,pasta,potatoes,bananas,,,,,,,,,,,,,
ground beef,olive oil,bananas,chicken,coffee,,,,,,,,,,,,,,,
potatoes,bananas,sugar,chocolate,bread,pasta,tea,chicken,,,,,,,,,,,,
tomatoes,eggs,,,,,,,,,,,,,,,,,,
bread,sugar,tea,spinach,,,,,,,,,,,,,,,,
yogurt,salmon,apples,tomatoes,coffee,eggs,,,,,,,,,,,,,,
yogurt,,,,,,,,,,,,,,,,,,,
ground beef,apples,coffee,salmon,olive oil,,,,,,,,,,,,,,,
flour,yogurt,cereal,,,,,,,,,,,,,,,,,
cereal,,,,,,,,,,,,,,,,,,,
ground beef,tomatoes,yogurt,rice,,,,,,,,,,,,,,,,
potatoes,flour,rice,salmon,sugar,,,,,,,,,,,,,,,
milk,yogurt,,,,,,,,,,,,,,,,,,
spinach,rice,chicken,sugar,ground beef,,,,,,,,,,,,,,,
onions,butter,olive oil,chicken,,,,,,,,,,,,,,,,
rice,cheese,bananas,,,,,,,,,,,,,,,,,
sugar,orange juice,olive oil,tomatoes,yogurt,bread,milk,spinach,,,,,,,,,,,,
onions,sugar,rice,pasta,,,,,,,,,,,,,,,,
cereal,onions,ground beef,,,,,,,,,,,,,,,,,
cereal,apples,spinach,chicken,milk,potatoes,yogurt,,,,,,,,,,,,,
spinach,cereal,,,,,,,,,,,,,,,,,,
rice,apples,salmon,butter,ground beef,spinach,eggs,flour,,,,,,,,,,,,
cheese,bananas,apples,,,,,,,,,,,,,,,,,
spinach,butter,sugar,,,,,,,,,,,,,,,,,
onions,,,,,,,,,,,,,,,,,,,
cereal,salmon,spinach,milk,potatoes,flour,chocolate,,,,,,,,,,,,,
flour,sugar,bananas,milk,olive oil,butter,,,,,,,,,,,,,,
orange juice,spinach,pasta,tea,potatoes,flour,yogurt,sugar,,,,,,,,,,,,
yogurt,potatoes,coffee,,,,,,,,,,,,,,,,,
coffee,eggs,sugar,apples,cereal,yogurt,tea,orange juice,,,,,,,,,,,,
bread,olive oil,rice,pasta,potatoes,tea,,,,,,,,,,,,,,
cheese,cereal,rice,bananas,bread,,,,,,,,,,,,,,,
flour,chicken,pasta,,,,,,,,,,,,,,,,,
orange juice,tea,butter,chicken,apples,,,,,,,,,,,,,,,
onions,salmon,tea,apples,,,,,,,,,,,,,,,,
tomatoes,spinach,,,,,,,,,,,,,,,,,,
bread,cheese,chicken,onions,bananas,orange juice,,,,,,,,,,,,,,
pasta,bread,bananas,sugar,rice,ground beef,,,,,,,,,,,,,,
potatoes,tea,,,,,,,,,,,,,,,,,,
rice,sugar,ground beef,orange juice,chocolate,chicken,potatoes,butter,,,,,,,,,,,,
spinach,coffee,yogurt,olive oil,pasta,salmon,,,,,,,,,,,,,,
potatoes,flour,milk,,,,,,,,,,,,,,,,,
pasta,,,,,,,,,,,,,,,,,,,
olive oil,onions,eggs,bread,salmon,,,,,,,,,,,,,,,
potatoes,,,,,,,,,,,,,,,,,,,
flour,,,,,,,,,,,,,,,,,,,
ground beef,coffee,cheese,chicken,,,,,,,,,,,,,,,,
orange juice,,,,,,,,,,,,,,,,,,,
rice,,,,,,,,,,,,,,,,,,,
milk,salmon,onions,olive oil,eggs,,,,,,,,,,,,,,,
cheese,coffee,butter,rice,spinach,eggs,tea,,,,,,,,,,,,,
spinach,apples,,,,,,,,,,,,,,,,,,
orange juice,ground beef,butter,,,,,,,,,,,,,,,,,
butter,spinach,yogurt,,,,,,,,,,,,,,,,,
tomatoes,,,,,,,,,,,,,,,,,,,
tea,chocolate,cheese,,,,,,,,,,,,,,,,,
chicken,onions,salmon,chocolate,potatoes,,,,,,,,,,,,,,,
apples,olive oil,salmon,pasta,sugar,,,,,,,,,,,,,,,
milk,tea,,,,,,,,,,,,,,,,,,
tomatoes,chocolate,bread,olive oil,sugar,cheese,onions,cereal,,,,,,,,,,,,
orange juice,chicken,bread,,,,,,,,,,,,,,,,,
yogurt,,,,,,,,,,,,,,,,,,,
butter,olive oil,sugar,ground beef,bananas,,,,,,,,,,,,,,,
bread,,,,,,,,,,,,,,,,,,,
tea,potatoes,orange juice,cereal,eggs,milk,rice,,,,,,,,,,,,,
olive oil,coffee,,,,,,,,,,,,,,,,,,
tea,yogurt,bread,pasta,,,,,,,,,,,,,,,,
eggs,potatoes,yogurt,chicken,apples,butter,,,,,,,,,,,,,,
onions,cereal,bread,chocolate,eggs,,,,,,,,,,,,,,,
pasta,cheese,coffee,tea,sugar,ground beef,bread,,,,,,,,,,,,,
tea,spinach,salmon,onions,chocolate,coffee,butter,potatoes,,,,,,,,,,,,
onions,pasta,cereal,bread,,,,,,,,,,,,,,,,
bananas,tomatoes,,,,,,,,,,,,,,,,,,
olive oil,coffee,butter,yogurt,milk,cereal,bread,ground beef,,,,,,,,,,,,
coffee,chicken,cheese,eggs,bananas,onions,tea,,,,,,,,,,,,,
chocolate,salmon,cheese,butter,flour,coffee,apples,,,,,,,,,,,,,
salmon,cereal,,,,,,,,,,,,,,,,,,
cereal,tea,spinach,,,,,,,,,,,,,,,,,
chicken,milk,,,,,,,,,,,,,,,,,,
bananas,,,,,,,,,,,,,,,,,,,
salmon,potatoes,,,,,,,,,,,,,,,,,,
chicken,potatoes,chocolate,cheese,,,,,,,,,,,,,,,,
milk,,,,,,,,,,,,,,,,,,,
tea,chocolate,olive oil,onions,,,,,,,,,,,,,,,,
chicken,milk,potatoes,bananas,butter,tomatoes,chocolate,orange juice,,,,,,,,,,,,
olive oil,cheese,bananas,pasta,flour,rice,potatoes,yogurt,,,,,,,,,,,,
orange juice,potatoes,bananas,,,,,,,,,,,,,,,,,
coffee,milk,,,,,,,,,,,,,,,,,,
yogurt,potatoes,bread,apples,bananas,,,,,,,,,,,,,,,
butter,chocolate,,,,,,,,,,,,,,,,,,
orange juice,flour,bread,tea,butter,,,,,,,,,,,,,,,
coffee,tomatoes,tea,rice,ground beef,yogurt,butter,,,,,,,,,,,,,
spinach,,,,,,,,,,,,,,,,,,,
milk,bananas,onions,olive oil,spinach,salmon,chicken,apples,,,,,,,,,,,,
bananas,apples,olive oil,flour,spinach,pasta,cereal,coffee,,,,,,,,,,,,
yogurt,sugar,tomatoes,chicken,coffee,milk,cheese,potatoes,,,,,,,,,,,,
yogurt,tomatoes,,,,,,,,,,,,,,,,,,
pasta,,,,,,,,,,,,,,,,,,,
flour,yogurt,tomatoes,chicken,cereal,rice,,,,,,,,,,,,,,
orange juice,bananas,,,,,,,,,,,,,,,,,,
onions,apples,tea,tomatoes,,,,,,,,,,,,,,,,
flour,bread,chocolate,spinach,bananas,eggs,,,,,,,,,,,,,,
cereal,flour,eggs,potatoes,milk,spinach,,,,,,,,,,,,,,
butter,,,,,,,,,,,,,,,,,,,
sugar,tea,tomatoes,salmon,eggs,coffee,bananas,rice,,,,,,,,,,,,
coffee,,,,,,,,,,,,,,,,,,,
eggs,salmon,bread,rice,sugar,apples,butter,,,,,,,,,,,,,
orange juice,chicken,,,,,,,,,,,,,,,,,,
milk,eggs,yogurt,tomatoes,butter,potatoes,spinach,,,,,,,,,,,,,
milk,,,,,,,,,,,,,,,,,,,
coffee,cheese,eggs,,,,,,,,,,,,,,,,,
rice,bread,flour,tomatoes,onions,cereal,,,,,,,,,,,,,,
pasta,,,,,,,,,,,,,,,,,,,
rice,apples,flour,potatoes,coffee,spinach,cereal,,,,,,,,,,,,,
cereal,bread,eggs,orange juice,chicken,salmon,chocolate,pasta,,,,,,,,,,,,
cheese,ground beef,coffee,onions,eggs,apples,,,,,,,,,,,,,,
chicken,bananas,coffee,flour,pasta,eggs,,,,,,,,,,,,,,
sugar,tea,rice,yogurt,cereal,,,,,,,,,,,,,,,
chocolate,chicken,tomatoes,eggs,rice,,,,,,,,,,,,,,,
orange juice,yogurt,sugar,olive oil,,,,,,,,,,,,,,,,
orange juice,sugar,olive oil,eggs,onions,,,,,,,,,,,,,,,
chicken,eggs,ground beef,olive oil,,,,,,,,,,,,,,,,
salmon,bananas,cereal,,,,,,,,,,,,,,,,,
orange juice,eggs,salmon,ground beef,,,,,,,,,,,,,,,,
bananas,,,,,,,,,,,,,,,,,,,
coffee,ground beef,olive oil,apples,rice,bananas,milk,,,,,,,,,,,,,
milk,yogurt,eggs,olive oil,ground beef,salmon,,,,,,,,,,,,,,
tomatoes,bread,milk,,,,,,,,,,,,,,,,,
apples,ground beef,butter,bread,salmon,,,,,,,,,,,,,,,
spinach,cereal,olive oil,milk,potatoes,onions,,,,,,,,,,,,,,
tomatoes,milk,orange juice,,,,,,,,,,,,,,,,,
yogurt,orange juice,chicken,chocolate,butter,eggs,,,,,,,,,,,,,,
cereal,yogurt,,,,,,,,,,,,,,,,,,
cheese,,,,,,,,,,,,,,,,,,,
rice,sugar,bananas,olive oil,,,,,,,,,,,,,,,,
bananas,onions,potatoes,,,,,,,,,,,,,,,,,
cheese,tea,pasta,,,,,,,,,,,,,,,,,
sugar,,,,,,,,,,,,,,,,,,,
yogurt,potatoes,ground beef,pasta,eggs,cheese,,,,,,,,,,,,,,
cereal,flour,spinach,orange juice,coffee,rice,pasta,tomatoes,,,,,,,,,,,,
olive oil,butter,bananas,,,,,,,,,,,,,,,,,
potatoes,tomatoes,onions,spinach,butter,bread,apples,,,,,,,,,,,,,
salmon,ground beef,milk,,,,,,,,,,,,,,,,,
chicken,milk,pasta,sugar,butter,flour,tomatoes,ground beef,,,,,,,,,,,,
butter,yogurt,ground beef,chicken,onions,apples,,,,,,,,,,,,,,
cheese,,,,,,,,,,,,,,,,,,,
cereal,flour,cheese,,,,,,,,,,,,,,,,,
milk,potatoes,butter,coffee,rice,eggs,ground beef,,,,,,,,,,,,,
onions,apples,ground beef,sugar,,,,,,,,,,,,,,,,
tea,bananas,rice,eggs,cheese,orange juice,olive oil,bread,,,,,,,,,,,,
sugar,cereal,bread,chocolate,eggs,apples,chicken,yogurt,,,,,,,,,,,,
spinach,coffee,apples,tea,butter,,,,,,,,,,,,,,,
cereal,apples,,,,,,,,,,,,,,,,,,
coffee,chicken,rice,ground beef,yogurt,spinach,,,,,,,,,,,,,,
ground beef,butter,,,,,,,,,,,,,,,,,,
cheese,pasta,,,,,,,,,,,,,,,,,,
chicken,,,,,,,,,,,,,,,,,,,
cereal,,,,,,,,,,,,,,,,,,,
sugar,rice,yogurt,salmon,spinach,chicken,,,,,,,,,,,,,,
olive oil,,,,,,,,,,,,,,,,,,,
tomatoes,ground beef,cereal,chocolate,eggs,butter,potatoes,,,,,,,,,,,,,
spinach,coffee,,,,,,,,,,,,,,,,,,
flour,olive oil,tea,salmon,,,,,,,,,,,,,,,,
eggs,salmon,sugar,pasta,potatoes,milk,,,,,,,,,,,,,,
coffee,tomatoes,chicken,butter,potatoes,spinach,rice,,,,,,,,,,,,,
pasta,bananas,cereal,milk,apples,coffee,bread,,,,,,,,,,,,,
eggs,onions,sugar,bananas,chicken,butter,,,,,,,,,,,,,,
bananas,butter,yogurt,chocolate,coffee,pasta,,,,,,,,,,,,,,
bananas,salmon,flour,pasta,cheese,cereal,,,,,,,,,,,,,,
eggs,chocolate,tea,potatoes,sugar,milk,salmon,,,,,,,,,,,,,
chicken,apples,,,,,,,,,,,,,,,,,,
coffee,bread,onions,,,,,,,,,,,,,,,,,
chicken,tea,milk,chocolate,pasta,apples,tomatoes,spinach,,,,,,,,,,,,
onions,apples,cheese,bananas,olive oil,sugar,orange juice,,,,,,,,,,,,,
eggs,onions,salmon,bananas,milk,,,,,,,,,,,,,,,
rice,,,,,,,,,,,,,,,,,,,
cheese,olive oil,pasta,tomatoes,butter,apples,flour,,,,,,,,,,,,,
chicken,potatoes,bananas,,,,,,,,,,,,,,,,,
milk,potatoes,eggs,apples,,,,,,,,,,,,,,,,
bread,olive oil,onions,sugar,potatoes,pasta,apples,,,,,,,,,,,,,
milk,tea,eggs,cheese,,,,,,,,,,,,,,,,
chicken,eggs,salmon,,,,,,,,,,,,,,,,,
cheese,ground beef,eggs,flour,,,,,,,,,,,,,,,,
tea,,,,,,,,,,,,,,,,,,,
chocolate,sugar,bread,,,,,,,,,,,,,,,,,
onions,,,,,,,,,,,,,,,,,,,
flour,eggs,bread,cheese,ground beef,butter,apples,,,,,,,,,,,,,
ground beef,bread,cheese,onions,yogurt,eggs,chocolate,salmon,,,,,,,,,,,,
pasta,onions,,,,,,,,,,,,,,,,,,
chicken,potatoes,tomatoes,yogurt,bread,,,,,,,,,,,,,,,
coffee,chocolate,chicken,,,,,,,,,,,,,,,,,
chocolate,cereal,sugar,,,,,,,,,,,,,,,,,
potatoes,bananas,apples,spinach,butter,,,,,,,,,,,,,,,
flour,cheese,ground beef,tea,,,,,,,,,,,,,,,,
orange juice,butter,pasta,tomatoes,bread,cereal,milk,,,,,,,,,,,,,
bananas,,,,,,,,,,,,,,,,,,,
potatoes,,,,,,,,,,,,,,,,,,,
potatoes,chocolate,cheese,tomatoes,salmon,chicken,coffee,,,,,,,,,,,,,
bananas,tomatoes,olive oil,butter,,,,,,,,,,,,,,,,
bread,chocolate,yogurt,tomatoes,bananas,cereal,milk,,,,,,,,,,,,,
bread,eggs,apples,spinach,orange juice,,,,,,,,,,,,,,,
cereal,,,,,,,,,,,,,,,,,,,
flour,apples,chicken,,,,,,,,,,,,,,,,,
spinach,flour,coffee,,,,,,,,,,,,,,,,,
tea,,,,,,,,,,,,,,,,,,,
yogurt,bread,sugar,bananas,spinach,,,,,,,,,,,,,,,
ground beef,flour,coffee,,,,,,,,,,,,,,,,,
butter,salmon,chocolate,spinach,onions,,,,,,,,,,,,,,,
coffee,chocolate,,,,,,,,,,,,,,,,,,
sugar,orange juice,bananas,tea,flour,coffee,,,,,,,,,,,,,,
apples,olive oil,milk,butter,pasta,,,,,,,,,,,,,,,
orange juice,cereal,sugar,eggs,,,,,,,,,,,,,,,,
eggs,tea,orange juice,onions,yogurt,sugar,spinach,bananas,,,,,,,,,,,,
tomatoes,milk,pasta,apples,olive oil,salmon,,,,,,,,,,,,,,
eggs,spinach,ground beef,pasta,,,,,,,,,,,,,,,,
onions,cereal,orange juice,chicken,yogurt,olive oil,pasta,apples,,,,,,,,,,,,
sugar,bread,tomatoes,eggs,yogurt,,,,,,,,,,,,,,,
bananas,chicken,olive oil,rice,,,,,,,,,,,,,,,,
cheese,bread,flour,ground beef,bananas,salmon,,,,,,,,,,,,,,
salmon,tomatoes,orange juice,,,,,,,,,,,,,,,,,
butter,sugar,ground beef,,,,,,,,,,,,,,,,,
tomatoes,cereal,chicken,orange juice,bread,yogurt,coffee,chocolate,,,,,,,,,,,,
ground beef,rice,eggs,sugar,coffee,milk,orange juice,tea,,,,,,,,,,,,
chicken,flour,eggs,sugar,spinach,,,,,,,,,,,,,,,
chocolate,bread,eggs,olive oil,tomatoes,sugar,,,,,,,,,,,,,,
yogurt,eggs,rice,chocolate,onions,,,,,,,,,,,,,,,
flour,potatoes,chocolate,milk,olive oil,eggs,pasta,bread,,,,,,,,,,,,
spinach,bananas,apples,ground beef,yogurt,olive oil,eggs,,,,,,,,,,,,,
orange juice,,,,,,,,,,,,,,,,,,,
bananas,salmon,,,,,,,,,,,,,,,,,,
yogurt,flour,orange juice,apples,chocolate,tomatoes,eggs,bananas,,,,,,,,,,,,
potatoes,onions,pasta,milk,,,,,,,,,,,,,,,,
flour,sugar,coffee,chocolate,salmon,yogurt,chicken,,,,,,,,,,,,,
sugar,potatoes,spinach,flour,,,,,,,,,,,,,,,,
milk,eggs,rice,cheese,yogurt,cereal,,,,,,,,,,,,,,
pasta,sugar,,,,,,,,,,,,,,,,,,
salmon,coffee,bread,tea,rice,sugar,,,,,,,,,,,,,,
sugar,onions,pasta,cereal,ground beef,salmon,tea,flour,,,,,,,,,,,,
sugar,,,,,,,,,,,,,,,,,,,
eggs,olive oil,sugar,flour,milk,coffee,potatoes,cereal,,,,,,,,,,,,
bananas,sugar,cheese,coffee,pasta,apples,chocolate,,,,,,,,,,,,,
butter,,,,,,,,,,,,,,,,,,,
yogurt,orange juice,potatoes,flour,chicken,cheese,,,,,,,,,,,,,,
sugar,,,,,,,,,,,,,,,,,,,
apples,olive oil,orange juice,tomatoes,potatoes,,,,,,,,,,,,,,,
olive oil,tomatoes,chocolate,onions,bread,,,,,,,,,,,,,,,
olive oil,flour,,,,,,,,,,,,,,,,,,
sugar,tea,orange juice,pasta,butter,onions,yogurt,,,,,,,,,,,,,
rice,pasta,yogurt,onions,eggs,orange juice,coffee,spinach,,,,,,,,,,,,
tomatoes,orange juice,eggs,,,,,,,,,,,,,,,,,
bread,butter,apples,,,,,,,,,,,,,,,,,
cheese,onions,,,,,,,,,,,,,,,,,,
butter,,,,,,,,,,,,,,,,,,,
bananas,tea,coffee,,,,,,,,,,,,,,,,,
ground beef,sugar,potatoes,flour,,,,,,,,,,,,,,,,
bananas,tomatoes,,,,,,,,,,,,,,,,,,
sugar,chocolate,coffee,yogurt,tomatoes,,,,,,,,,,,,,,,
potatoes,chicken,coffee,tomatoes,olive oil,cheese,,,,,,,,,,,,,,
yogurt,,,,,,,,,,,,,,,,,,,
olive oil,salmon,rice,spinach,,,,,,,,,,,,,,,,
tea,ground beef,coffee,pasta,,,,,,,,,,,,,,,,
chocolate,eggs,,,,,,,,,,,,,,,,,,
bread,coffee,rice,chocolate,salmon,flour,eggs,,,,,,,,,,,,,
orange juice,cereal,chocolate,,,,,,,,,,,,,,,,,
yogurt,cereal,chicken,onions,butter,sugar,cheese,milk,,,,,,,,,,,,
onions,ground beef,,,,,,,,,,,,,,,,,,
bananas,orange juice,,,,,,,,,,,,,,,,,,
orange juice,tea,,,,,,,,,,,,,,,,,,
milk,eggs,onions,cheese,potatoes,yogurt,coffee,,,,,,,,,,,,,
potatoes,coffee,onions,orange juice,cereal,sugar,chicken,flour,,,,,,,,,,,,
coffee,milk,bananas,spinach,potatoes,olive oil,rice,,,,,,,,,,,,,
coffee,cereal,eggs,spinach,,,,,,,,,,,,,,,,
chicken,orange juice,tea,chocolate,,,,,,,,,,,,,,,,
flour,,,,,,,,,,,,,,,,,,,
chicken,potatoes,,,,,,,,,,,,,,,,,,
tea,spinach,bread,,,,,,,,,,,,,,,,,
olive oil,chocolate,chicken,coffee,cheese,onions,,,,,,,,,,,,,,
chocolate,,,,,,,,,,,,,,,,,,,
sugar,bread,milk,pasta,olive oil,onions,butter,apples,,,,,,,,,,,,
tomatoes,salmon,chicken,bananas,yogurt,,,,,,,,,,,,,,,
bananas,milk,flour,tomatoes,,,,,,,,,,,,,,,,
flour,ground beef,potatoes,sugar,chocolate,milk,,,,,,,,,,,,,,
rice,butter,onions,orange juice,tomatoes,tea,ground beef,,,,,,,,,,,,,
bread,apples,milk,,,,,,,,,,,,,,,,,
flour,onions,butter,tomatoes,,,,,,,,,,,,,,,,
cheese,eggs,tea,butter,chicken,flour,apples,onions,,,,,,,,,,,,
tea,butter,eggs,chocolate,olive oil,apples,bread,,,,,,,,,,,,,
ground beef,chocolate,yogurt,flour,tomatoes,onions,chicken,olive oil,,,,,,,,,,,,
olive oil,tomatoes,sugar,,,,,,,,,,,,,,,,,
tea,ground beef,onions,rice,,,,,,,,,,,,,,,,
onions,spinach,coffee,milk,,,,,,,,,,,,,,,,
spinach,,,,,,,,,,,,,,,,,,,
onions,cheese,pasta,chocolate,tea,rice,,,,,,,,,,,,,,
tomatoes,orange juice,pasta,tea,cereal,cheese,,,,,,,,,,,,,,
spinach,apples,chicken,onions,,,,,,,,,,,,,,,,
tea,spinach,bread,yogurt,,,,,,,,,,,,,,,,
butter,cheese,olive oil,flour,pasta,spinach,yogurt,,,,,,,,,,,,,
chocolate,,,,,,,,,,,,,,,,,,,
eggs,sugar,,,,,,,,,,,,,,,,,,
cheese,milk,pasta,coffee,yogurt,flour,,,,,,,,,,,,,,
apples,cereal,sugar,orange juice,tomatoes,tea,milk,,,,,,,,,,,,,
flour,tea,coffee,olive oil,chicken,,,,,,,,,,,,,,,
butter,tea,salmon,cheese,ground beef,chicken,pasta,milk,,,,,,,,,,,,
coffee,rice,,,,,,,,,,,,,,,,,,
pasta,,,,,,,,,,,,,,,,,,,
cereal,ground beef,apples,pasta,potatoes,,,,,,,,,,,,,,,
spinach,olive oil,cereal,yogurt,eggs,,,,,,,,,,,,,,,
cereal,pasta,tomatoes,rice,apples,eggs,sugar,butter,,,,,,,,,,,,
onions,yogurt,,,,,,,,,,,,,,,,,,
chicken,tea,bread,chocolate,pasta,orange juice,olive oil,,,,,,,,,,,,,
onions,yogurt,salmon,,,,,,,,,,,,,,,,,
cereal,salmon,apples,tea,olive oil,chicken,rice,eggs,,,,,,,,,,,,
potatoes,apples,,,,,,,,,,,,,,,,,,
yogurt,chocolate,onions,bananas,rice,,,,,,,,,,,,,,,
olive oil,pasta,,,,,,,,,,,,,,,,,,
chicken,,,,,,,,,,,,,,,,,,,
onions,rice,,,,,,,,,,,,,,,,,,
orange juice,cereal,bananas,rice,flour,onions,cheese,,,,,,,,,,,,,
cereal,onions,salmon,bananas,,,,,,,,,,,,,,,,
butter,bananas,sugar,,,,,,,,,,,,,,,,,
potatoes,,,,,,,,,,,,,,,,,,,
bread,eggs,olive oil,spinach,flour,apples,yogurt,,,,,,,,,,,,,
bread,cereal,milk,chocolate,onions,sugar,,,,,,,,,,,,,,
salmon,pasta,orange juice,butter,spinach,,,,,,,,,,,,,,,
potatoes,chicken,cereal,rice,,,,,,,,,,,,,,,,
potatoes,,,,,,,,,,,,,,,,,,,
bread,tea,,,,,,,,,,,,,,,,,,
apples,,,,,,,,,,,,,,,,,,,
apples,,,,,,,,,,,,,,,,,,,
tomatoes,rice,sugar,yogurt,,,,,,,,,,,,,,,,
apples,milk,yogurt,spinach,,,,,,,,,,,,,,,,
tomatoes,bananas,rice,bread,onions,apples,,,,,,,,,,,,,,
apples,bread,chicken,salmon,rice,milk,chocolate,,,,,,,,,,,,,
onions,tomatoes,chicken,bread,cereal,pasta,apples,,,,,,,,,,,,,
potatoes,coffee,tea,eggs,sugar,,,,,,,,,,,,,,,
rice,olive oil,milk,potatoes,,,,,,,,,,,,,,,,
bread,butter,,,,,,,,,,,,,,,,,,
pasta,,,,,,,,,,,,,,,,,,,
butter,bread,spinach,chicken,onions,,,,,,,,,,,,,,,
olive oil,milk,sugar,butter,,,,,,,,,,,,,,,,
coffee,cereal,spinach,,,,,,,,,,,,,,,,,
apples,,,,,,,,,,,,,,,,,,,
cereal,olive oil,onions,milk,tomatoes,chocolate,,,,,,,,,,,,,,
tomatoes,spinach,salmon,sugar,potatoes,,,,,,,,,,,,,,,
olive oil,apples,butter,orange juice,onions,tea,,,,,,,,,,,,,,
pasta,spinach,yogurt,chicken,bananas,,,,,,,,,,,,,,,
ground beef,potatoes,cereal,tomatoes,bananas,,,,,,,,,,,,,,,
sugar,bananas,tea,spinach,milk,bread,coffee,salmon,,,,,,,,,,,,
spinach,cereal,pasta,,,,,,,,,,,,,,,,,
salmon,bananas,apples,coffee,sugar,,,,,,,,,,,,,,,
chocolate,rice,cheese,eggs,,,,,,,,,,,,,,,,
tea,chicken,butter,pasta,bananas,onions,ground beef,,,,,,,,,,,,,
flour,milk,bread,tomatoes,ground beef,,,,,,,,,,,,,,,
ground beef,rice,bread,chicken,cereal,salmon,sugar,butter,,,,,,,,,,,,
tea,apples,,,,,,,,,,,,,,,,,,
ground beef,milk,chocolate,apples,rice,onions,orange juice,,,,,,,,,,,,,
eggs,potatoes,,,,,,,,,,,,,,,,,,
olive oil,chicken,rice,coffee,apples,ground beef,salmon,,,,,,,,,,,,,
butter,milk,tea,olive oil,,,,,,,,,,,,,,,,
eggs,yogurt,tea,chicken,salmon,rice,pasta,tomatoes,,,,,,,,,,,,
cheese,orange juice,bread,tea,chicken,,,,,,,,,,,,,,,
pasta,eggs,tea,spinach,,,,,,,,,,,,,,,,
milk,potatoes,cheese,coffee,spinach,eggs,ground beef,,,,,,,,,,,,,
onions,bananas,olive oil,orange juice,salmon,tomatoes,,,,,,,,,,,,,,
chicken,tea,potatoes,tomatoes,bananas,onions,,,,,,,,,,,,,,
bananas,,,,,,,,,,,,,,,,,,,
apples,potatoes,butter,,,,,,,,,,,,,,,,,
potatoes,eggs,chicken,chocolate,milk,bananas,,,,,,,,,,,,,,
rice,ground beef,salmon,cereal,sugar,chicken,milk,cheese,,,,,,,,,,,,
orange juice,cheese,olive oil,potatoes,eggs,flour,bananas,,,,,,,,,,,,,
tea,butter,cheese,yogurt,orange juice,,,,,,,,,,,,,,,
spinach,tea,coffee,tomatoes,eggs,apples,cheese,,,,,,,,,,,,,
chocolate,apples,ground beef,chicken,cheese,eggs,onions,,,,,,,,,,,,,
sugar,butter,eggs,rice,,,,,,,,,,,,,,,,
yogurt,apples,rice,sugar,,,,,,,,,,,,,,,,
pasta,ground beef,,,,,,,,,,,,,,,,,,
apples,flour,potatoes,yogurt,bread,tomatoes,chocolate,,,,,,,,,,,,,
onions,orange juice,olive oil,bread,flour,chocolate,bananas,eggs,,,,,,,,,,,,
bananas,chicken,onions,orange juice,pasta,tea,,,,,,,,,,,,,,
bananas,cereal,eggs,,,,,,,,,,,,,,,,,
cereal,flour,salmon,orange juice,potatoes,cheese,onions,,,,,,,,,,,,,
milk,olive oil,onions,tomatoes,eggs,,,,,,,,,,,,,,,
butter,cheese,bananas,coffee,cereal,orange juice,rice,,,,,,,,,,,,,
yogurt,pasta,salmon,milk,flour,cereal,olive oil,,,,,,,,,,,,,
spinach,cheese,potatoes,eggs,olive oil,,,,,,,,,,,,,,,
rice,spinach,cheese,bread,salmon,milk,eggs,onions,,,,,,,,,,,,
pasta,flour,potatoes,cereal,sugar,apples,chicken,orange juice,,,,,,,,,,,,
bananas,apples,chicken,pasta,potatoes,spinach,milk,,,,,,,,,,,,,
yogurt,tea,bread,milk,butter,eggs,ground beef,cereal,,,,,,,,,,,,
olive oil,tea,cereal,bananas,coffee,apples,salmon,onions,,,,,,,,,,,,
ground beef,orange juice,milk,rice,,,,,,,,,,,,,,,,
salmon,eggs,butter,,,,,,,,,,,,,,,,,
yogurt,chicken,ground beef,,,,,,,,,,,,,,,,,
salmon,chocolate,chicken,eggs,potatoes,olive oil,coffee,,,,,,,,,,,,,
ground beef,pasta,bananas,tea,spinach,,,,,,,,,,,,,,,
tea,eggs,apples,milk,orange juice,potatoes,sugar,spinach,,,,,,,,,,,,
apples,pasta,butter,onions,chicken,,,,,,,,,,,,,,,
chicken,cheese,chocolate,apples,flour,,,,,,,,,,,,,,,
onions,flour,bread,eggs,salmon,spinach,,,,,,,,,,,,,,
tomatoes,spinach,,,,,,,,,,,,,,,,,,
ground beef,onions,,,,,,,,,,,,,,,,,,
sugar,potatoes,bread,cheese,,,,,,,,,,,,,,,,
bananas,eggs,sugar,chocolate,ground beef,salmon,potatoes,,,,,,,,,,,,,
onions,salmon,orange juice,apples,coffee,bread,,,,,,,,,,,,,,
bananas,rice,cereal,olive oil,potatoes,orange juice,tea,,,,,,,,,,,,,
apples,cereal,pasta,flour,salmon,chocolate,,,,,,,,,,,,,,
coffee,spinach,milk,pasta,chicken,onions,,,,,,,,,,,,,,
rice,,,,,,,,,,,,,,,,,,,
onions,yogurt,,,,,,,,,,,,,,,,,,
flour,orange juice,yogurt,cheese,tomatoes,,,,,,,,,,,,,,,
salmon,cereal,rice,potatoes,flour,spinach,,,,,,,,,,,,,,
flour,pasta,cereal,chocolate,bananas,salmon,olive oil,,,,,,,,,,,,,
rice,bread,cereal,ground beef,flour,orange juice,sugar,,,,,,,,,,,,,
chocolate,tomatoes,sugar,yogurt,spinach,apples,,,,,,,,,,,,,,
apples,chocolate,bananas,milk,salmon,,,,,,,,,,,,,,,
apples,cheese,orange juice,onions,butter,bread,sugar,tea,,,,,,,,,,,,
coffee,bananas,,,,,,,,,,,,,,,,,,
cereal,flour,chicken,sugar,rice,,,,,,,,,,,,,,,
ground beef,pasta,chocolate,,,,,,,,,,,,,,,,,
orange juice,cheese,,,,,,,,,,,,,,,,,,
chicken,sugar,eggs,,,,,,,,,,,,,,,,,
ground beef,bananas,potatoes,chicken,apples,tea,orange juice,onions,,,,,,,,,,,,
tomatoes,spinach,,,,,,,,,,,,,,,,,,
rice,,,,,,,,,,,,,,,,,,,
yogurt,butter,pasta,bread,,,,,,,,,,,,,,,,
olive oil,,,,,,,,,,,,,,,,,,,
butter,flour,eggs,,,,,,,,,,,,,,,,,
ground beef,,,,,,,,,,,,,,,,,,,
chocolate,tomatoes,milk,bread,sugar,,,,,,,,,,,,,,,
yogurt,pasta,orange juice,eggs,flour,butter,,,,,,,,,,,,,,
ground beef,bananas,salmon,cereal,yogurt,onions,,,,,,,,,,,,,,
pasta,olive oil,chicken,rice,tomatoes,bread,coffee,,,,,,,,,,,,,
apples,tea,,,,,,,,,,,,,,,,,,
ground beef,yogurt,milk,orange juice,spinach,rice,chocolate,potatoes,,,,,,,,,,,,
ground beef,eggs,butter,spinach,,,,,,,,,,,,,,,,
spinach,potatoes,,,,,,,,,,,,,,,,,,
salmon,cheese,cereal,,,,,,,,,,,,,,,,,
salmon,tea,,,,,,,,,,,,,,,,,,
sugar,rice,tea,butter,,,,,,,,,,,,,,,,
sugar,cereal,,,,,,,,,,,,,,,,,,
spinach,onions,,,,,,,,,,,,,,,,,,
orange juice,coffee,milk,bananas,,,,,,,,,,,,,,,,
olive oil,,,,,,,,,,,,,,,,,,,
cereal,chicken,tea,,,,,,,,,,,,,,,,,
rice,cheese,,,,,,,,,,,,,,,,,,
milk,olive oil,rice,cheese,,,,,,,,,,,,,,,,
butter,coffee,cereal,,,,,,,,,,,,,,,,,
tea,,,,,,,,,,,,,,,,,,,
rice,,,,,,,,,,,,,,,,,,,
yogurt,sugar,apples,cereal,potatoes,bananas,,,,,,,,,,,,,,
sugar,tomatoes,rice,,,,,,,,,,,,,,,,,
bread,rice,yogurt,butter,,,,,,,,,,,,,,,,
pasta,olive oil,chocolate,tomatoes,cheese,orange juice,,,,,,,,,,,,,,
onions,spinach,orange juice,ground beef,bread,apples,coffee,flour,,,,,,,,,,,,
milk,rice,apples,,,,,,,,,,,,,,,,,
yogurt,tea,bananas,milk,bread,potatoes,tomatoes,,,,,,,,,,,,,
tomatoes,rice,cereal,apples,orange juice,butter,sugar,,,,,,,,,,,,,
rice,orange juice,cheese,bread,pasta,spinach,milk,chocolate,,,,,,,,,,,,
milk,,,,,,,,,,,,,,,,,,,
milk,cereal,bread,eggs,butter,,,,,,,,,,,,,,,
orange juice,flour,chocolate,potatoes,tomatoes,yogurt,cereal,,,,,,,,,,,,,
salmon,coffee,apples,orange juice,chicken,milk,ground beef,,,,,,,,,,,,,
eggs,milk,,,,,,,,,,,,,,,,,,
butter,tomatoes,onions,,,,,,,,,,,,,,,,,
bananas,butter,sugar,yogurt,pasta,spinach,,,,,,,,,,,,,,
cheese,tea,ground beef,orange juice,butter,apples,cereal,,,,,,,,,,,,,
sugar,onions,bread,apples,,,,,,,,,,,,,,,,
olive oil,tomatoes,sugar,pasta,potatoes,cheese,chicken,,,,,,,,,,,,,
coffee,potatoes,onions,cheese,,,,,,,,,,,,,,,,
tomatoes,chicken,coffee,,,,,,,,,,,,,,,,,
olive oil,cheese,chocolate,milk,,,,,,,,,,,,,,,,
sugar,tea,ground beef,yogurt,salmon,apples,orange juice,,,,,,,,,,,,,
bananas,pasta,potatoes,eggs,bread,ground beef,butter,,,,,,,,,,,,,
bread,chocolate,butter,rice,potatoes,sugar,pasta,,,,,,,,,,,,,
coffee,flour,olive oil,orange juice,cereal,spinach,,,,,,,,,,,,,,
salmon,cheese,chicken,bread,potatoes,,,,,,,,,,,,,,,
yogurt,olive oil,ground beef,butter,orange juice,,,,,,,,,,,,,,,
onions,yogurt,apples,flour,,,,,,,,,,,,,,,,
chocolate,rice,spinach,coffee,salmon,onions,sugar,,,,,,,,,,,,,
orange juice,tomatoes,cheese,ground beef,,,,,,,,,,,,,,,,
bananas,ground beef,orange juice,onions,rice,tomatoes,,,,,,,,,,,,,,
eggs,,,,,,,,,,,,,,,,,,,
orange juice,sugar,eggs,,,,,,,,,,,,,,,,,
olive oil,,,,,,,,,,,,,,,,,,,
potatoes,tomatoes,milk,sugar,flour,,,,,,,,,,,,,,,
potatoes,ground beef,milk,spinach,eggs,bread,,,,,,,,,,,,,,
bread,butter,olive oil,,,,,,,,,,,,,,,,,
flour,tea,spinach,,,,,,,,,,,,,,,,,
eggs,orange juice,,,,,,,,,,,,,,,,,,
apples,,,,,,,,,,,,,,,,,,,
apples,onions,,,,,,,,,,,,,,,,,,
tea,yogurt,olive oil,salmon,potatoes,,,,,,,,,,,,,,,
rice,bread,orange juice,salmon,pasta,,,,,,,,,,,,,,,
chicken,eggs,,,,,,,,,,,,,,,,,,
onions,spinach,chicken,cheese,flour,bananas,eggs,,,,,,,,,,,,,
chocolate,ground beef,apples,pasta,yogurt,sugar,bread,tomatoes,,,,,,,,,,,,
cheese,butter,,,,,,,,,,,,,,,,,,
milk,chicken,olive oil,sugar,,,,,,,,,,,,,,,,
coffee,chocolate,,,,,,,,,,,,,,,,,,
olive oil,cereal,pasta,yogurt,rice,cheese,salmon,coffee,,,,,,,,,,,,
milk,orange juice,eggs,,,,,,,,,,,,,,,,,
bananas,onions,butter,,,,,,,,,,,,,,,,,
tea,potatoes,bananas,cheese,bread,olive oil,,,,,,,,,,,,,,
sugar,olive oil,milk,flour,pasta,,,,,,,,,,,,,,,
potatoes,cereal,yogurt,coffee,,,,,,,,,,,,,,,,
flour,bananas,eggs,pasta,,,,,,,,,,,,,,,,
yogurt,flour,sugar,chocolate,tea,pasta,,,,,,,,,,,,,,
chocolate,olive oil,bread,spinach,,,,,,,,,,,,,,,,
flour,,,,,,,,,,,,,,,,,,,
tea,onions,coffee,bread,sugar,olive oil,butter,,,,,,,,,,,,,
cheese,,,,,,,,,,,,,,,,,,,
rice,,,,,,,,,,,,,,,,,,,
apples,cheese,,,,,,,,,,,,,,,,,,
yogurt,bread,cheese,tomatoes,butter,sugar,,,,,,,,,,,,,,
potatoes,cheese,olive oil,,,,,,,,,,,,,,,,,
yogurt,ground beef,tomatoes,rice,sugar,coffee,bread,,,,,,,,,,,,,
chicken,flour,bananas,potatoes,rice,cheese,,,,,,,,,,,,,,
potatoes,flour,salmon,eggs,pasta,,,,,,,,,,,,,,,
eggs,milk,tea,sugar,rice,tomatoes,potatoes,,,,,,,,,,,,,
bananas,salmon,,,,,,,,,,,,,,,,,,
chicken,rice,bread,pasta,,,,,,,,,,,,,,,,
onions,potatoes,butter,apples,tea,bread,,,,,,,,,,,,,,
coffee,tomatoes,bananas,rice,bread,pasta,potatoes,,,,,,,,,,,,,
tomatoes,bread,yogurt,olive oil,rice,apples,pasta,,,,,,,,,,,,,
onions,chocolate,cheese,rice,potatoes,,,,,,,,,,,,,,,
sugar,butter,olive oil,yogurt,spinach,cereal,salmon,chocolate,,,,,,,,,,,,
ground beef,tea,cereal,,,,,,,,,,,,,,,,,
rice,bananas,,,,,,,,,,,,,,,,,,
ground beef,,,,,,,,,,,,,,,,,,,
bread,yogurt,spinach,salmon,ground beef,,,,,,,,,,,,,,,
bread,spinach,chicken,apples,onions,salmon,yogurt,ground beef,,,,,,,,,,,,
chocolate,coffee,olive oil,,,,,,,,,,,,,,,,,
flour,potatoes,spinach,pasta,cereal,chocolate,milk,coffee,,,,,,,,,,,,
salmon,bananas,coffee,,,,,,,,,,,,,,,,,
pasta,eggs,,,,,,,,,,,,,,,,,,
bread,ground beef,flour,rice,tomatoes,,,,,,,,,,,,,,,
cereal,onions,,,,,,,,,,,,,,,,,,
onions,potatoes,coffee,butter,milk,salmon,orange juice,cereal,,,,,,,,,,,,
flour,eggs,apples,sugar,onions,yogurt,,,,,,,,,,,,,,
pasta,,,,,,,,,,,,,,,,,,,
milk,,,,,,,,,,,,,,,,,,,
tomatoes,salmon,tea,yogurt,onions,chocolate,,,,,,,,,,,,,,
flour,apples,rice,milk,olive oil,salmon,cheese,onions,,,,,,,,,,,,
bananas,olive oil,sugar,tea,ground beef,,,,,,,,,,,,,,,
sugar,olive oil,eggs,yogurt,milk,ground beef,pasta,tomatoes,,,,,,,,,,,,
pasta,spinach,,,,,,,,,,,,,,,,,,
rice,cheese,spinach,,,,,,,,,,,,,,,,,
eggs,coffee,bananas,yogurt,potatoes,flour,pasta,tea,,,,,,,,,,,,
coffee,butter,cereal,,,,,,,,,,,,,,,,,
milk,eggs,bananas,tea,onions,salmon,ground beef,coffee,,,,,,,,,,,,
chocolate,bananas,,,,,,,,,,,,,,,,,,
rice,cheese,flour,eggs,cereal,orange juice,onions,,,,,,,,,,,,,
cheese,butter,,,,,,,,,,,,,,,,,,
olive oil,,,,,,,,,,,,,,,,,,,
tea,potatoes,eggs,apples,onions,spinach,orange juice,bread,,,,,,,,,,,,
olive oil,milk,flour,onions,bananas,chicken,ground beef,,,,,,,,,,,,,
apples,ground beef,coffee,,,,,,,,,,,,,,,,,
sugar,pasta,milk,chocolate,bread,bananas,,,,,,,,,,,,,,
sugar,rice,,,,,,,,,,,,,,,,,,
spinach,tomatoes,pasta,onions,sugar,,,,,,,,,,,,,,,
cereal,olive oil,cheese,pasta,spinach,milk,flour,tea,,,,,,,,,,,,
ground beef,chicken,rice,coffee,salmon,olive oil,,,,,,,,,,,,,,
rice,tomatoes,chicken,butter,potatoes,apples,bananas,,,,,,,,,,,,,
orange juice,chocolate,tea,cheese,rice,,,,,,,,,,,,,,,
butter,tea,cereal,milk,salmon,coffee,pasta,,,,,,,,,,,,,
tomatoes,ground beef,sugar,milk,,,,,,,,,,,,,,,,
apples,yogurt,,,,,,,,,,,,,,,,,,
orange juice,coffee,sugar,spinach,,,,,,,,,,,,,,,,
bread,flour,,,,,,,,,,,,,,,,,,
rice,,,,,,,,,,,,,,,,,,,
pasta,olive oil,ground beef,tea,cheese,bread,salmon,milk,,,,,,,,,,,,
eggs,pasta,milk,cheese,tea,spinach,chocolate,,,,,,,,,,,,,
salmon,cheese,flour,tomatoes,,,,,,,,,,,,,,,,
butter,pasta,milk,olive oil,yogurt,salmon,sugar,,,,,,,,,,,,,
flour,eggs,,,,,,,,,,,,,,,,,,
flour,butter,pasta,,,,,,,,,,,,,,,,,
bananas,bread,butter,onions,,,,,,,,,,,,,,,,
bananas,tea,pasta,salmon,onions,chocolate,chicken,eggs,,,,,,,,,,,,
onions,tea,,,,,,,,,,,,,,,,,,
bread,olive oil,cereal,ground beef,onions,bananas,tomatoes,,,,,,,,,,,,,
ground beef,milk,apples,yogurt,cheese,onions,potatoes,rice,,,,,,,,,,,,
coffee,flour,salmon,pasta,sugar,,,,,,,,,,,,,,,
sugar,tea,potatoes,flour,,,,,,,,,,,,,,,,
ground beef,sugar,spinach,chicken,yogurt,salmon,bread,olive oil,,,,,,,,,,,,
bread,butter,cheese,salmon,apples,rice,eggs,ground beef,,,,,,,,,,,,
eggs,,,,,,,,,,,,,,,,,,,
ground beef,,,,,,,,,,,,,,,,,,,
spinach,cheese,chicken,,,,,,,,,,,,,,,,,
chicken,,,,,,,,,,,,,,,,,,,
apples,tomatoes,ground beef,sugar,bread,coffee,milk,,,,,,,,,,,,,
cereal,spinach,potatoes,,,,,,,,,,,,,,,,,
pasta,eggs,bread,,,,,,,,,,,,,,,,,
pasta,orange juice,bread,rice,,,,,,,,,,,,,,,,
bread,potatoes,chicken,flour,butter,pasta,yogurt,,,,,,,,,,,,,
chocolate,eggs,chicken,olive oil,,,,,,,,,,,,,,,,
bananas,olive oil,potatoes,orange juice,rice,tea,tomatoes,coffee,,,,,,,,,,,,
salmon,coffee,cereal,chicken,bananas,cheese,,,,,,,,,,,,,,
sugar,chicken,chocolate,cheese,rice,butter,,,,,,,,,,,,,,
apples,coffee,rice,onions,olive oil,bananas,tea,potatoes,,,,,,,,,,,,
bananas,cheese,flour,pasta,,,,,,,,,,,,,,,,
tea,onions,rice,flour,chicken,pasta,spinach,yogurt,,,,,,,,,,,,
pasta,milk,bananas,olive oil,sugar,chocolate,cereal,,,,,,,,,,,,,
pasta,tea,salmon,chicken,sugar,olive oil,,,,,,,,,,,,,,
cheese,coffee,olive oil,eggs,,,,,,,,,,,,,,,,
flour,apples,milk,chocolate,cereal,salmon,,,,,,,,,,,,,,
potatoes,olive oil,,,,,,,,,,,,,,,,,,
sugar,,,,,,,,,,,,,,,,,,,
chocolate,apples,eggs,tomatoes,pasta,yogurt,olive oil,cheese,,,,,,,,,,,,
onions,apples,potatoes,rice,spinach,chicken,pasta,,,,,,,,,,,,,
tomatoes,cheese,salmon,butter,,,,,,,,,,,,,,,,
bananas,milk,potatoes,olive oil,cheese,sugar,chocolate,chicken,,,,,,,,,,,,
eggs,chocolate,bread,tomatoes,tea,cheese,,,,,,,,,,,,,,
olive oil,onions,bananas,spinach,flour,salmon,,,,,,,,,,,,,,
olive oil,,,,,,,,,,,,,,,,,,,
sugar,tomatoes,cheese,spinach,apples,,,,,,,,,,,,,,,
olive oil,bread,tomatoes,sugar,cereal,potatoes,milk,,,,,,,,,,,,,
chocolate,potatoes,salmon,eggs,flour,,,,,,,,,,,,,,,
chocolate,rice,,,,,,,,,,,,,,,,,,
yogurt,rice,bread,flour,potatoes,spinach,sugar,salmon,,,,,,,,,,,,
cheese,sugar,tomatoes,milk,bread,,,,,,,,,,,,,,,
onions,ground beef,apples,potatoes,olive oil,salmon,yogurt,orange juice,,,,,,,,,,,,
cheese,eggs,bananas,tomatoes,apples,,,,,,,,,,,,,,,
bananas,orange juice,tea,coffee,tomatoes,olive oil,sugar,,,,,,,,,,,,,
coffee,bread,milk,tomatoes,salmon,chocolate,orange juice,,,,,,,,,,,,,
orange juice,chocolate,tea,salmon,pasta,,,,,,,,,,,,,,,
rice,onions,flour,,,,,,,,,,,,,,,,,
potatoes,bananas,,,,,,,,,,,,,,,,,,
yogurt,chocolate,eggs,onions,rice,bananas,milk,,,,,,,,,,,,,
sugar,onions,cereal,spinach,eggs,milk,orange juice,cheese,,,,,,,,,,,,
bread,chicken,potatoes,apples,milk,eggs,cereal,tomatoes,,,,,,,,,,,,
tea,butter,apples,pasta,onions,,,,,,,,,,,,,,,
cereal,apples,,,,,,,,,,,,,,,,,,
yogurt,,,,,,,,,,,,,,,,,,,
chocolate,chicken,,,,,,,,,,,,,,,,,,
ground beef,olive oil,chicken,rice,yogurt,tomatoes,chocolate,,,,,,,,,,,,,
sugar,yogurt,tomatoes,coffee,bread,potatoes,cereal,,,,,,,,,,,,,
onions,spinach,tomatoes,eggs,ground beef,cereal,,,,,,,,,,,,,,
apples,spinach,tomatoes,cheese,flour,,,,,,,,,,,,,,,
rice,spinach,,,,,,,,,,,,,,,,,,
tomatoes,rice,,,,,,,,,,,,,,,,,,
eggs,bread,tea,,,,,,,,,,,,,,,,,
pasta,ground beef,flour,butter,salmon,orange juice,,,,,,,,,,,,,,
bananas,eggs,flour,tea,,,,,,,,,,,,,,,,
orange juice,spinach,potatoes,chocolate,,,,,,,,,,,,,,,,
apples,olive oil,onions,cheese,potatoes,,,,,,,,,,,,,,,
tea,pasta,coffee,yogurt,,,,,,,,,,,,,,,,
flour,orange juice,tea,ground beef,cereal,yogurt,tomatoes,,,,,,,,,,,,,
tomatoes,tea,pasta,salmon,,,,,,,,,,,,,,,,
milk,rice,bananas,spinach,cereal,eggs,flour,bread,,,,,,,,,,,,
eggs,olive oil,,,,,,,,,,,,,,,,,,
cereal,rice,orange juice,ground beef,yogurt,spinach,,,,,,,,,,,,,,
onions,potatoes,eggs,flour,apples,chicken,,,,,,,,,,,,,,
cheese,eggs,cereal,sugar,,,,,,,,,,,,,,,,
cheese,eggs,butter,orange juice,tea,tomatoes,,,,,,,,,,,,,,
flour,,,,,,,,,,,,,,,,,,,
milk,,,,,,,,,,,,,,,,,,,
butter,potatoes,olive oil,milk,rice,,,,,,,,,,,,,,,
salmon,tea,rice,eggs,cheese,,,,,,,,,,,,,,,
tea,eggs,orange juice,butter,tomatoes,,,,,,,,,,,,,,,
coffee,cereal,ground beef,apples,potatoes,orange juice,milk,tea,,,,,,,,,,,,
cereal,tea,eggs,,,,,,,,,,,,,,,,,
milk,tomatoes,,,,,,,,,,,,,,,,,,
bananas,tomatoes,rice,,,,,,,,,,,,,,,,,
pasta,cheese,chocolate,bread,cereal,flour,,,,,,,,,,,,,,
olive oil,,,,,,,,,,,,,,,,,,,
butter,coffee,salmon,rice,,,,,,,,,,,,,,,,
chicken,spinach,onions,bananas,milk,,,,,,,,,,,,,,,
ground beef,flour,,,,,,,,,,,,,,,,,,
tomatoes,tea,potatoes,cheese,milk,cereal,,,,,,,,,,,,,,
salmon,chocolate,flour,,,,,,,,,,,,,,,,,
onions,potatoes,coffee,,,,,,,,,,,,,,,,,
pasta,flour,bread,onions,sugar,chicken,,,,,,,,,,,,,,
tea,eggs,milk,cheese,,,,,,,,,,,,,,,,
cheese,milk,chocolate,ground beef,onions,sugar,,,,,,,,,,,,,,
chocolate,,,,,,,,,,,,,,,,,,,
pasta,tea,salmon,cheese,sugar,olive oil,onions,,,,,,,,,,,,,
pasta,ground beef,coffee,yogurt,tomatoes,cereal,,,,,,,,,,,,,,
apples,butter,chicken,cereal,sugar,tomatoes,bananas,coffee,,,,,,,,,,,,
cheese,chicken,spinach,eggs,ground beef,bread,salmon,cereal,,,,,,,,,,,,
coffee,spinach,orange juice,chicken,,,,,,,,,,,,,,,,
cheese,potatoes,onions,coffee,,,,,,,,,,,,,,,,
apples,coffee,,,,,,,,,,,,,,,,,,
chocolate,eggs,orange juice,ground beef,salmon,flour,,,,,,,,,,,,,,
onions,olive oil,cheese,flour,rice,potatoes,,,,,,,,,,,,,,
yogurt,flour,sugar,chicken,,,,,,,,,,,,,,,,
orange juice,tomatoes,flour,olive oil,butter,pasta,cheese,spinach,,,,,,,,,,,,
flour,salmon,cereal,coffee,chicken,olive oil,,,,,,,,,,,,,,
sugar,ground beef,cereal,coffee,chicken,tomatoes,chocolate,cheese,,,,,,,,,,,,
butter,tea,rice,sugar,,,,,,,,,,,,,,,,
tea,orange juice,ground beef,onions,,,,,,,,,,,,,,,,
bananas,onions,pasta,cheese,,,,,,,,,,,,,,,,
butter,apples,cheese,ground beef,,,,,,,,,,,,,,,,
spinach,,,,,,,,,,,,,,,,,,,
cereal,milk,ground beef,,,,,,,,,,,,,,,,,
tomatoes,flour,,,,,,,,,,,,,,,,,,
cheese,onions,yogurt,sugar,tomatoes,butter,milk,coffee,,,,,,,,,,,,
bread,,,,,,,,,,,,,,,,,,,
tea,tomatoes,chocolate,milk,yogurt,,,,,,,,,,,,,,,
flour,bread,orange juice,cereal,,,,,,,,,,,,,,,,
cereal,milk,spinach,salmon,cheese,chocolate,,,,,,,,,,,,,,
potatoes,,,,,,,,,,,,,,,,,,,
coffee,sugar,,,,,,,,,,,,,,,,,,
chicken,bananas,tea,,,,,,,,,,,,,,,,,
spinach,chicken,onions,coffee,sugar,tea,pasta,,,,,,,,,,,,,
cereal,potatoes,salmon,chocolate,apples,tomatoes,,,,,,,,,,,,,,
olive oil,,,,,,,,,,,,,,,,,,,
sugar,ground beef,olive oil,cheese,eggs,chocolate,apples,pasta,,,,,,,,,,,,
orange juice,spinach,olive oil,ground beef,potatoes,,,,,,,,,,,,,,,
sugar,,,,,,,,,,,,,,,,,,,
tea,milk,chicken,yogurt,onions,olive oil,salmon,,,,,,,,,,,,,
apples,ground beef,chocolate,eggs,salmon,butter,tea,bananas,,,,,,,,,,,,
yogurt,olive oil,,,,,,,,,,,,,,,,,,
olive oil,onions,,,,,,,,,,,,,,,,,,
pasta,apples,tea,cheese,,,,,,,,,,,,,,,,
pasta,ground beef,milk,coffee,,,,,,,,,,,,,,,,
chicken,chocolate,orange juice,onions,,,,,,,,,,,,,,,,
cereal,onions,bananas,butter,sugar,cheese,flour,,,,,,,,,,,,,
cheese,chocolate,butter,coffee,,,,,,,,,,,,,,,,
tea,,,,,,,,,,,,,,,,,,,
cheese,cereal,salmon,,,,,,,,,,,,,,,,,
apples,tea,rice,,,,,,,,,,,,,,,,,
tomatoes,butter,chicken,apples,bread,bananas,pasta,yogurt,,,,,,,,,,,,
tomatoes,,,,,,,,,,,,,,,,,,,
butter,apples,bread,sugar,rice,onions,,,,,,,,,,,,,,
tomatoes,olive oil,bread,potatoes,yogurt,ground beef,,,,,,,,,,,,,,
bananas,butter,spinach,orange juice,olive oil,eggs,,,,,,,,,,,,,,
pasta,orange juice,eggs,,,,,,,,,,,,,,,,,
salmon,ground beef,,,,,,,,,,,,,,,,,,
olive oil,pasta,,,,,,,,,,,,,,,,,,
yogurt,milk,orange juice,,,,,,,,,,,,,,,,,
rice,ground beef,,,,,,,,,,,,,,,,,,
ground beef,milk,olive oil,coffee,cereal,,,,,,,,,,,,,,,
ground beef,apples,flour,bread,,,,,,,,,,,,,,,,
salmon,tea,cereal,cheese,onions,,,,,,,,,,,,,,,
coffee,chicken,butter,rice,,,,,,,,,,,,,,,,
spinach,rice,milk,pasta,onions,eggs,tea,,,,,,,,,,,,,
ground beef,salmon,chicken,olive oil,sugar,flour,,,,,,,,,,,,,,
chicken,sugar,pasta,cheese,cereal,milk,spinach,ground beef,,,,,,,,,,,,
onions,chicken,tea,yogurt,salmon,butter,orange juice,,,,,,,,,,,,,
flour,ground beef,tea,eggs,coffee,olive oil,spinach,,,,,,,,,,,,,
cereal,,,,,,,,,,,,,,,,,,,
rice,eggs,apples,tea,olive oil,ground beef,chocolate,,,,,,,,,,,,,
cereal,eggs,salmon,pasta,orange juice,sugar,potatoes,chocolate,,,,,,,,,,,,
apples,olive oil,bananas,,,,,,,,,,,,,,,,,
cereal,,,,,,,,,,,,,,,,,,,
eggs,pasta,potatoes,onions,coffee,spinach,chicken,bread,,,,,,,,,,,,
cheese,potatoes,spinach,cereal,coffee,pasta,tomatoes,,,,,,,,,,,,,
tomatoes,,,,,,,,,,,,,,,,,,,
apples,,,,,,,,,,,,,,,,,,,
yogurt,potatoes,tea,cereal,bread,orange juice,ground beef,rice,,,,,,,,,,,,
yogurt,apples,spinach,onions,flour,chocolate,eggs,potatoes,,,,,,,,,,,,
flour,potatoes,tea,pasta,onions,chicken,,,,,,,,,,,,,,
onions,milk,cereal,sugar,yogurt,spinach,flour,,,,,,,,,,,,,
bread,spinach,onions,butter,yogurt,,,,,,,,,,,,,,,
rice,tomatoes,chocolate,cereal,yogurt,eggs,,,,,,,,,,,,,,
tea,pasta,,,,,,,,,,,,,,,,,,
olive oil,pasta,,,,,,,,,,,,,,,,,,
coffee,chicken,potatoes,salmon,pasta,ground beef,spinach,onions,,,,,,,,,,,,
salmon,tomatoes,bananas,olive oil,spinach,sugar,flour,coffee,,,,,,,,,,,,
eggs,spinach,,,,,,,,,,,,,,,,,,
sugar,flour,chocolate,butter,rice,spinach,,,,,,,,,,,,,,
flour,,,,,,,,,,,,,,,,,,,
sugar,bread,apples,potatoes,salmon,,,,,,,,,,,,,,,
olive oil,chocolate,bananas,,,,,,,,,,,,,,,,,
milk,pasta,olive oil,rice,spinach,,,,,,,,,,,,,,,
cereal,cheese,orange juice,,,,,,,,,,,,,,,,,
milk,sugar,chocolate,potatoes,tomatoes,chicken,bread,,,,,,,,,,,,,
coffee,eggs,chicken,potatoes,tea,bread,flour,,,,,,,,,,,,,
tea,cheese,butter,pasta,chicken,rice,bread,spinach,,,,,,,,,,,,
butter,rice,coffee,chocolate,tomatoes,cereal,,,,,,,,,,,,,,
ground beef,spinach,cereal,,,,,,,,,,,,,,,,,
chocolate,butter,chicken,bananas,,,,,,,,,,,,,,,,
onions,apples,ground beef,,,,,,,,,,,,,,,,,
bread,sugar,pasta,,,,,,,,,,,,,,,,,
onions,cheese,salmon,sugar,apples,milk,,,,,,,,,,,,,,
milk,onions,cheese,orange juice,cereal,,,,,,,,,,,,,,,
cereal,bananas,butter,potatoes,,,,,,,,,,,,,,,,
olive oil,salmon,yogurt,butter,,,,,,,,,,,,,,,,
butter,apples,eggs,potatoes,bread,,,,,,,,,,,,,,,
rice,ground beef,milk,bananas,bread,tea,,,,,,,,,,,,,,
coffee,chicken,salmon,milk,tomatoes,eggs,bread,,,,,,,,,,,,,
milk,spinach,coffee,,,,,,,,,,,,,,,,,
spinach,,,,,,,,,,,,,,,,,,,
cereal,coffee,pasta,spinach,sugar,rice,chicken,,,,,,,,,,,,,
salmon,butter,cheese,,,,,,,,,,,,,,,,,
rice,butter,tomatoes,chicken,,,,,,,,,,,,,,,,
eggs,,,,,,,,,,,,,,,,,,,
potatoes,bread,onions,spinach,rice,chocolate,,,,,,,,,,,,,,
cereal,sugar,,,,,,,,,,,,,,,,,,
butter,flour,coffee,milk,eggs,rice,,,,,,,,,,,,,,
spinach,tea,milk,yogurt,potatoes,tomatoes,chicken,chocolate,,,,,,,,,,,,
milk,rice,bread,orange juice,sugar,,,,,,,,,,,,,,,
sugar,,,,,,,,,,,,,,,,,,,
onions,salmon,yogurt,cereal,spinach,tomatoes,,,,,,,,,,,,,,
coffee,spinach,bread,cheese,olive oil,chicken,pasta,,,,,,,,,,,,,
chocolate,pasta,,,,,,,,,,,,,,,,,,
cheese,potatoes,olive oil,tomatoes,eggs,chocolate,chicken,,,,,,,,,,,,,
onions,,,,,,,,,,,,,,,,,,,
tea,butter,spinach,onions,,,,,,,,,,,,,,,,
potatoes,,,,,,,,,,,,,,,,,,,
spinach,flour,butter,,,,,,,,,,,,,,,,,
milk,spinach,chocolate,pasta,olive oil,chicken,cereal,bananas,,,,,,,,,,,,
bread,sugar,ground beef,salmon,bananas,orange juice,,,,,,,,,,,,,,
onions,tea,,,,,,,,,,,,,,,,,,
bananas,cereal,ground beef,,,,,,,,,,,,,,,,,
sugar,cereal,bananas,olive oil,spinach,,,,,,,,,,,,,,,
pasta,cheese,bananas,milk,butter,olive oil,orange juice,salmon,,,,,,,,,,,,
tea,pasta,,,,,,,,,,,,,,,,,,
olive oil,sugar,cereal,spinach,,,,,,,,,,,,,,,,
onions,apples,,,,,,,,,,,,,,,,,,
orange juice,,,,,,,,,,,,,,,,,,,
flour,spinach,cereal,sugar,chocolate,milk,eggs,,,,,,,,,,,,,
tomatoes,,,,,,,,,,,,,,,,,,,
salmon,flour,ground beef,chicken,tomatoes,,,,,,,,,,,,,,,
chicken,tomatoes,milk,cheese,spinach,potatoes,salmon,sugar,,,,,,,,,,,,
bread,coffee,sugar,chocolate,chicken,cereal,,,,,,,,,,,,,,
flour,pasta,olive oil,apples,onions,yogurt,bread,,,,,,,,,,,,,
salmon,yogurt,orange juice,bread,tea,spinach,bananas,onions,,,,,,,,,,,,
bananas,spinach,tea,rice,olive oil,cheese,yogurt,sugar,,,,,,,,,,,,
flour,olive oil,rice,tea,milk,chocolate,yogurt,bread,,,,,,,,,,,,
eggs,potatoes,orange juice,coffee,chocolate,,,,,,,,,,,,,,,
olive oil,onions,eggs,spinach,ground beef,orange juice,,,,,,,,,,,,,,
cereal,ground beef,sugar,,,,,,,,,,,,,,,,,
ground beef,rice,onions,pasta,cereal,,,,,,,,,,,,,,,
chicken,pasta,rice,,,,,,,,,,,,,,,,,
olive oil,bread,rice,,,,,,,,,,,,,,,,,
onions,butter,,,,,,,,,,,,,,,,,,
rice,cereal,sugar,,,,,,,,,,,,,,,,,
potatoes,tea,bread,chicken,chocolate,sugar,spinach,cheese,,,,,,,,,,,,
rice,bread,,,,,,,,,,,,,,,,,,
cheese,,,,,,,,,,,,,,,,,,,
rice,tomatoes,onions,coffee,salmon,milk,,,,,,,,,,,,,,
chicken,tea,olive oil,,,,,,,,,,,,,,,,,
olive oil,pasta,orange juice,yogurt,onions,chocolate,flour,,,,,,,,,,,,,
ground beef,apples,butter,yogurt,onions,chocolate,chicken,salmon,,,,,,,,,,,,
spinach,pasta,,,,,,,,,,,,,,,,,,
apples,yogurt,,,,,,,,,,,,,,,,,,
eggs,,,,,,,,,,,,,,,,,,,
bananas,tomatoes,butter,chocolate,bread,spinach,,,,,,,,,,,,,,
olive oil,sugar,,,,,,,,,,,,,,,,,,
onions,eggs,salmon,sugar,yogurt,coffee,flour,,,,,,,,,,,,,
spinach,,,,,,,,,,,,,,,,,,,
bananas,spinach,rice,,,,,,,,,,,,,,,,,
milk,bananas,cereal,tea,ground beef,,,,,,,,,,,,,,,
onions,olive oil,,,,,,,,,,,,,,,,,,
tea,,,,,,,,,,,,,,,,,,,
yogurt,coffee,ground beef,tomatoes,apples,,,,,,,,,,,,,,,
olive oil,cereal,cheese,,,,,,,,,,,,,,,,,
flour,chicken,salmon,,,,,,,,,,,,,,,,,
apples,yogurt,sugar,,,,,,,,,,,,,,,,,
chicken,milk,bread,apples,cheese,potatoes,onions,olive oil,,,,,,,,,,,,
potatoes,,,,,,,,,,,,,,,,,,,
potatoes,,,,,,,,,,,,,,,,,,,
salmon,sugar,bananas,potatoes,bread,olive oil,,,,,,,,,,,,,,
tea,onions,apples,chicken,olive oil,flour,potatoes,pasta,,,,,,,,,,,,
orange juice,apples,pasta,coffee,cheese,chocolate,potatoes,tea,,,,,,,,,,,,
sugar,potatoes,flour,rice,onions,spinach,,,,,,,,,,,,,,
bananas,yogurt,,,,,,,,,,,,,,,,,,
cheese,,,,,,,,,,,,,,,,,,,
spinach,bananas,tea,butter,tomatoes,potatoes,coffee,,,,,,,,,,,,,
potatoes,spinach,,,,,,,,,,,,,,,,,,
orange juice,milk,flour,eggs,tomatoes,pasta,,,,,,,,,,,,,,
yogurt,flour,potatoes,chicken,apples,cheese,bread,,,,,,,,,,,,,
orange juice,onions,potatoes,bananas,milk,cheese,chocolate,,,,,,,,,,,,,
butter,,,,,,,,,,,,,,,,,,,
flour,spinach,potatoes,bananas,salmon,tea,,,,,,,,,,,,,,
yogurt,spinach,tea,eggs,butter,sugar,tomatoes,,,,,,,,,,,,,
coffee,spinach,,,,,,,,,,,,,,,,,,
yogurt,apples,pasta,tomatoes,spinach,,,,,,,,,,,,,,,
tomatoes,salmon,,,,,,,,,,,,,,,,,,
butter,,,,,,,,,,,,,,,,,,,
bananas,cheese,,,,,,,,,,,,,,,,,,
onions,apples,ground beef,chocolate,pasta,,,,,,,,,,,,,,,
salmon,pasta,tea,apples,,,,,,,,,,,,,,,,
spinach,,,,,,,,,,,,,,,,,,,
tea,ground beef,flour,pasta,,,,,,,,,,,,,,,,
pasta,apples,chicken,olive oil,milk,butter,,,,,,,,,,,,,,
coffee,flour,eggs,orange juice,,,,,,,,,,,,,,,,
butter,sugar,chocolate,,,,,,,,,,,,,,,,,
butter,tea,rice,eggs,potatoes,chocolate,,,,,,,,,,,,,,
chicken,spinach,,,,,,,,,,,,,,,,,,
chicken,bread,butter,milk,cheese,apples,,,,,,,,,,,,,,
pasta,rice,coffee,,,,,,,,,,,,,,,,,
chocolate,yogurt,butter,pasta,onions,rice,,,,,,,,,,,,,,
tea,,,,,,,,,,,,,,,,,,,
salmon,milk,bananas,apples,bread,,,,,,,,,,,,,,,
bananas,spinach,olive oil,chocolate,orange juice,,,,,,,,,,,,,,,
spinach,eggs,sugar,chicken,,,,,,,,,,,,,,,,
coffee,tomatoes,ground beef,eggs,yogurt,sugar,tea,butter,,,,,,,,,,,,
yogurt,ground beef,bread,milk,,,,,,,,,,,,,,,,
sugar,cereal,tea,flour,cheese,orange juice,spinach,butter,,,,,,,,,,,,
pasta,,,,,,,,,,,,,,,,,,,
bread,eggs,,,,,,,,,,,,,,,,,,
onions,coffee,apples,sugar,flour,ground beef,chocolate,,,,,,,,,,,,,
cheese,coffee,bananas,spinach,,,,,,,,,,,,,,,,
bread,milk,pasta,coffee,olive oil,sugar,yogurt,salmon,,,,,,,,,,,,
butter,tea,cereal,coffee,orange juice,,,,,,,,,,,,,,,
orange juice,bananas,butter,potatoes,rice,,,,,,,,,,,,,,,
ground beef,butter,yogurt,pasta,chicken,flour,milk,,,,,,,,,,,,,
milk,olive oil,tomatoes,apples,chicken,orange juice,,,,,,,,,,,,,,
onions,cereal,apples,,,,,,,,,,,,,,,,,
onions,olive oil,cereal,tomatoes,eggs,,,,,,,,,,,,,,,
orange juice,potatoes,salmon,apples,milk,coffee,spinach,ground beef,,,,,,,,,,,,
yogurt,rice,tea,olive oil,cereal,potatoes,sugar,,,,,,,,,,,,,
cheese,onions,tomatoes,salmon,tea,potatoes,,,,,,,,,,,,,,
ground beef,milk,coffee,bananas,spinach,cereal,orange juice,bread,,,,,,,,,,,,
tomatoes,potatoes,milk,spinach,chocolate,olive oil,yogurt,onions,,,,,,,,,,,,
orange juice,potatoes,onions,,,,,,,,,,,,,,,,,
potatoes,tomatoes,bread,butter,,,,,,,,,,,,,,,,
cheese,milk,,,,,,,,,,,,,,,,,,
orange juice,chicken,spinach,bread,coffee,butter,cheese,,,,,,,,,,,,,
apples,eggs,rice,,,,,,,,,,,,,,,,,
tea,,,,,,,,,,,,,,,,,,,
bread,apples,tea,spinach,olive oil,orange juice,yogurt,flour,,,,,,,,,,,,
chocolate,onions,sugar,pasta,,,,,,,,,,,,,,,,
onions,spinach,,,,,,,,,,,,,,,,,,
coffee,chicken,,,,,,,,,,,,,,,,,,
onions,spinach,,,,,,,,,,,,,,,,,,
cheese,apples,,,,,,,,,,,,,,,,,,
chocolate,salmon,cereal,coffee,ground beef,spinach,bananas,,,,,,,,,,,,,
potatoes,flour,salmon,ground beef,,,,,,,,,,,,,,,,
tea,ground beef,apples,butter,milk,rice,cereal,,,,,,,,,,,,,
tomatoes,cheese,cereal,eggs,olive oil,tea,potatoes,,,,,,,,,,,,,
coffee,potatoes,bread,tea,pasta,cheese,,,,,,,,,,,,,,
onions,flour,,,,,,,,,,,,,,,,,,
cheese,,,,,,,,,,,,,,,,,,,
yogurt,cereal,flour,,,,,,,,,,,,,,,,,
yogurt,onions,butter,,,,,,,,,,,,,,,,,
sugar,,,,,,,,,,,,,,,,,,,
apples,salmon,,,,,,,,,,,,,,,,,,
onions,yogurt,bananas,spinach,potatoes,olive oil,,,,,,,,,,,,,,
chicken,chocolate,olive oil,flour,spinach,pasta,,,,,,,,,,,,,,
butter,rice,orange juice,,,,,,,,,,,,,,,,,
ground beef,potatoes,chicken,salmon,cereal,yogurt,milk,,,,,,,,,,,,,
chicken,,,,,,,,,,,,,,,,,,,
cereal,olive oil,,,,,,,,,,,,,,,,,,
ground beef,cereal,yogurt,potatoes,,,,,,,,,,,,,,,,
bread,onions,spinach,chicken,coffee,sugar,flour,tomatoes,,,,,,,,,,,,
bananas,flour,tea,onions,tomatoes,milk,olive oil,sugar,,,,,,,,,,,,
cheese,bananas,salmon,,,,,,,,,,,,,,,,,
ground beef,apples,yogurt,rice,potatoes,,,,,,,,,,,,,,,
olive oil,chocolate,apples,ground beef,tea,,,,,,,,,,,,,,,
ground beef,flour,butter,eggs,,,,,,,,,,,,,,,,
onions,flour,,,,,,,,,,,,,,,,,,
yogurt,chicken,,,,,,,,,,,,,,,,,,
milk,chocolate,cereal,rice,butter,cheese,bananas,,,,,,,,,,,,,
eggs,onions,pasta,orange juice,sugar,tomatoes,,,,,,,,,,,,,,
rice,butter,cheese,pasta,coffee,chicken,sugar,onions,,,,,,,,,,,,
salmon,cheese,potatoes,,,,,,,,,,,,,,,,,
onions,orange juice,olive oil,tea,flour,rice,cheese,apples,,,,,,,,,,,,
coffee,,,,,,,,,,,,,,,,,,,
butter,,,,,,,,,,,,,,,,,,,
spinach,olive oil,,,,,,,,,,,,,,,,,,
orange juice,potatoes,apples,,,,,,,,,,,,,,,,,
cheese,orange juice,pasta,,,,,,,,,,,,,,,,,
yogurt,flour,potatoes,onions,butter,ground beef,cereal,,,,,,,,,,,,,
tomatoes,yogurt,cereal,tea,flour,,,,,,,,,,,,,,,
potatoes,cheese,bread,,,,,,,,,,,,,,,,,
chocolate,onions,eggs,,,,,,,,,,,,,,,,,
cereal,orange juice,coffee,pasta,ground beef,,,,,,,,,,,,,,,
chocolate,butter,cereal,,,,,,,,,,,,,,,,,
sugar,cheese,tea,bananas,eggs,butter,,,,,,,,,,,,,,
bananas,rice,pasta,,,,,,,,,,,,,,,,,
potatoes,cheese,milk,flour,butter,,,,,,,,,,,,,,,
chocolate,bread,yogurt,sugar,ground beef,potatoes,,,,,,,,,,,,,,
cereal,salmon,,,,,,,,,,,,,,,,,,
butter,tomatoes,cereal,spinach,onions,,,,,,,,,,,,,,,
onions,cheese,flour,rice,chicken,pasta,,,,,,,,,,,,,,
milk,onions,orange juice,apples,ground beef,yogurt,,,,,,,,,,,,,,
yogurt,milk,olive oil,apples,,,,,,,,,,,,,,,,
spinach,tea,butter,ground beef,potatoes,tomatoes,cereal,bread,,,,,,,,,,,,
chocolate,cereal,ground beef,onions,,,,,,,,,,,,,,,,
pasta,cereal,milk,,,,,,,,,,,,,,,,,
yogurt,tomatoes,orange juice,coffee,onions,cheese,,,,,,,,,,,,,,
eggs,,,,,,,,,,,,,,,,,,,
yogurt,rice,salmon,,,,,,,,,,,,,,,,,
olive oil,tea,cheese,milk,salmon,pasta,butter,potatoes,,,,,,,,,,,,
pasta,salmon,ground beef,bread,apples,bananas,rice,,,,,,,,,,,,,
butter,spinach,apples,onions,cereal,milk,,,,,,,,,,,,,,
flour,pasta,,,,,,,,,,,,,,,,,,
milk,apples,tea,eggs,,,,,,,,,,,,,,,,
salmon,olive oil,milk,yogurt,butter,sugar,bread,cheese,,,,,,,,,,,,
salmon,,,,,,,,,,,,,,,,,,,
yogurt,potatoes,cheese,tomatoes,chicken,bread,cereal,olive oil,,,,,,,,,,,,
yogurt,sugar,,,,,,,,,,,,,,,,,,
flour,tomatoes,onions,apples,salmon,olive oil,,,,,,,,,,,,,,
flour,coffee,orange juice,bread,butter,apples,,,,,,,,,,,,,,
spinach,cheese,pasta,bread,orange juice,milk,,,,,,,,,,,,,,
tea,milk,spinach,potatoes,butter,pasta,ground beef,,,,,,,,,,,,,
chocolate,,,,,,,,,,,,,,,,,,,
chocolate,ground beef,chicken,apples,tea,bananas,,,,,,,,,,,,,,
milk,onions,,,,,,,,,,,,,,,,,,
pasta,ground beef,sugar,olive oil,cheese,onions,tomatoes,bread,,,,,,,,,,,,
pasta,salmon,bananas,orange juice,,,,,,,,,,,,,,,,
cheese,sugar,spinach,potatoes,onions,cereal,butter,milk,,,,,,,,,,,,
cheese,bananas,potatoes,,,,,,,,,,,,,,,,,
coffee,ground beef,flour,apples,bananas,chicken,potatoes,,,,,,,,,,,,,
chicken,bananas,cereal,olive oil,cheese,apples,,,,,,,,,,,,,,
apples,chicken,milk,bread,cheese,tea,salmon,,,,,,,,,,,,,
eggs,tomatoes,cereal,spinach,rice,,,,,,,,,,,,,,,
tea,coffee,,,,,,,,,,,,,,,,,,
bread,butter,salmon,milk,rice,tea,potatoes,,,,,,,,,,,,,
bread,milk,butter,,,,,,,,,,,,,,,,,
potatoes,onions,,,,,,,,,,,,,,,,,,
salmon,apples,eggs,ground beef,olive oil,onions,coffee,,,,,,,,,,,,,
ground beef,coffee,milk,olive oil,bread,apples,eggs,,,,,,,,,,,,,
milk,bananas,bread,,,,,,,,,,,,,,,,,
spinach,coffee,butter,,,,,,,,,,,,,,,,,
tomatoes,,,,,,,,,,,,,,,,,,,
milk,eggs,olive oil,,,,,,,,,,,,,,,,,
butter,salmon,olive oil,flour,chicken,cheese,,,,,,,,,,,,,,
flour,rice,chicken,bread,bananas,apples,cereal,,,,,,,,,,,,,
bread,,,,,,,,,,,,,,,,,,,
pasta,rice,chocolate,eggs,bread,orange juice,apples,salmon,,,,,,,,,,,,
milk,cheese,tea,coffee,apples,chicken,spinach,cereal,,,,,,,,,,,,
olive oil,potatoes,ground beef,eggs,rice,milk,orange juice,,,,,,,,,,,,,
coffee,milk,potatoes,cheese,sugar,spinach,,,,,,,,,,,,,,
sugar,olive oil,milk,onions,pasta,butter,ground beef,potatoes,,,,,,,,,,,,
coffee,pasta,potatoes,onions,,,,,,,,,,,,,,,,
olive oil,chicken,rice,,,,,,,,,,,,,,,,,
flour,salmon,apples,spinach,rice,,,,,,,,,,,,,,,
pasta,coffee,,,,,,,,,,,,,,,,,,
butter,olive oil,pasta,,,,,,,,,,,,,,,,,
tomatoes,yogurt,spinach,,,,,,,,,,,,,,,,,
tomatoes,sugar,,,,,,,,,,,,,,,,,,
orange juice,chicken,salmon,bread,pasta,flour,,,,,,,,,,,,,,
orange juice,,,,,,,,,,,,,,,,,,,
yogurt,cereal,milk,ground beef,,,,,,,,,,,,,,,,
salmon,onions,apples,yogurt,sugar,coffee,,,,,,,,,,,,,,
eggs,orange juice,pasta,,,,,,,,,,,,,,,,,
apples,coffee,salmon,,,,,,,,,,,,,,,,,
tea,cheese,rice,,,,,,,,,,,,,,,,,
tomatoes,orange juice,rice,,,,,,,,,,,,,,,,,
sugar,chocolate,cheese,tomatoes,milk,salmon,tea,,,,,,,,,,,,,
bread,pasta,bananas,chocolate,tomatoes,,,,,,,,,,,,,,,
flour,ground beef,yogurt,bread,,,,,,,,,,,,,,,,
tea,sugar,,,,,,,,,,,,,,,,,,
cereal,tomatoes,yogurt,,,,,,,,,,,,,,,,,
cereal,rice,salmon,butter,sugar,cheese,potatoes,tomatoes,,,,,,,,,,,,
ground beef,sugar,,,,,,,,,,,,,,,,,,
orange juice,rice,tomatoes,eggs,potatoes,pasta,bananas,,,,,,,,,,,,,
spinach,butter,ground beef,cheese,onions,,,,,,,,,,,,,,,
salmon,coffee,bread,pasta,,,,,,,,,,,,,,,,
chocolate,olive oil,,,,,,,,,,,,,,,,,,
chocolate,milk,,,,,,,,,,,,,,,,,,
tomatoes,chocolate,potatoes,sugar,,,,,,,,,,,,,,,,
salmon,cheese,tomatoes,tea,,,,,,,,,,,,,,,,
cheese,bread,apples,,,,,,,,,,,,,,,,,
salmon,apples,cheese,,,,,,,,,,,,,,,,,
tomatoes,cereal,chocolate,salmon,sugar,,,,,,,,,,,,,,,
cheese,sugar,,,,,,,,,,,,,,,,,,
spinach,chocolate,sugar,tea,eggs,cereal,,,,,,,,,,,,,,
spinach,potatoes,butter,flour,,,,,,,,,,,,,,,,
tomatoes,milk,olive oil,bread,bananas,salmon,flour,,,,,,,,,,,,,
bread,yogurt,sugar,apples,tomatoes,flour,potatoes,coffee,,,,,,,,,,,,
apples,salmon,flour,bananas,,,,,,,,,,,,,,,,
onions,,,,,,,,,,,,,,,,,,,
flour,apples,,,,,,,,,,,,,,,,,,
chicken,pasta,butter,ground beef,apples,,,,,,,,,,,,,,,
sugar,pasta,spinach,bread,olive oil,salmon,apples,,,,,,,,,,,,,
yogurt,cheese,spinach,bread,chocolate,flour,,,,,,,,,,,,,,
potatoes,bread,cheese,salmon,milk,flour,tea,sugar,,,,,,,,,,,,
tea,chocolate,potatoes,yogurt,coffee,rice,,,,,,,,,,,,,,
milk,onions,potatoes,chocolate,rice,,,,,,,,,,,,,,,
milk,salmon,,,,,,,,,,,,,,,,,,
tea,salmon,flour,chocolate,chicken,milk,bananas,,,,,,,,,,,,,
olive oil,eggs,rice,tomatoes,apples,onions,coffee,yogurt,,,,,,,,,,,,
eggs,chocolate,olive oil,cereal,tomatoes,flour,ground beef,,,,,,,,,,,,,
orange juice,tomatoes,yogurt,rice,cereal,,,,,,,,,,,,,,,
bread,rice,,,,,,,,,,,,,,,,,,
ground beef,potatoes,flour,onions,bananas,pasta,,,,,,,,,,,,,,
potatoes,,,,,,,,,,,,,,,,,,,
pasta,onions,chocolate,milk,coffee,tea,potatoes,,,,,,,,,,,,,
apples,spinach,sugar,tea,yogurt,,,,,,,,,,,,,,,
spinach,coffee,,,,,,,,,,,,,,,,,,
rice,orange juice,butter,flour,pasta,tomatoes,bananas,olive oil,,,,,,,,,,,,
chocolate,tea,cereal,bananas,onions,eggs,bread,,,,,,,,,,,,,
salmon,chicken,,,,,,,,,,,,,,,,,,
olive oil,salmon,coffee,,,,,,,,,,,,,,,,,
ground beef,flour,potatoes,butter,yogurt,onions,olive oil,apples,,,,,,,,,,,,
orange juice,tomatoes,coffee,chocolate,potatoes,,,,,,,,,,,,,,,
potatoes,rice,orange juice,tomatoes,bread,eggs,spinach,,,,,,,,,,,,,
rice,milk,eggs,potatoes,,,,,,,,,,,,,,,,
cheese,,,,,,,,,,,,,,,,,,,
pasta,flour,chocolate,ground beef,salmon,tea,bread,yogurt,,,,,,,,,,,,
apples,milk,orange juice,coffee,salmon,bananas,,,,,,,,,,,,,,
rice,apples,,,,,,,,,,,,,,,,,,
chocolate,chicken,rice,salmon,milk,potatoes,butter,,,,,,,,,,,,,
orange juice,milk,pasta,,,,,,,,,,,,,,,,,
bananas,,,,,,,,,,,,,,,,,,,
eggs,orange juice,potatoes,chicken,,,,,,,,,,,,,,,,
olive oil,ground beef,bread,pasta,orange juice,flour,coffee,milk,,,,,,,,,,,,
cereal,coffee,yogurt,ground beef,butter,,,,,,,,,,,,,,,
tea,coffee,,,,,,,,,,,,,,,,,,
rice,,,,,,,,,,,,,,,,,,,
spinach,potatoes,chicken,milk,bread,flour,cereal,sugar,,,,,,,,,,,,
cheese,chocolate,spinach,salmon,milk,sugar,,,,,,,,,,,,,,
olive oil,pasta,apples,spinach,,,,,,,,,,,,,,,,
ground beef,sugar,chocolate,onions,spinach,,,,,,,,,,,,,,,
spinach,bread,chicken,yogurt,cheese,milk,,,,,,,,,,,,,,
cheese,orange juice,milk,,,,,,,,,,,,,,,,,
apples,cereal,tomatoes,milk,bread,potatoes,,,,,,,,,,,,,,
tea,ground beef,bananas,,,,,,,,,,,,,,,,,
apples,olive oil,orange juice,tea,milk,chicken,bread,rice,,,,,,,,,,,,
sugar,spinach,cheese,butter,chicken,eggs,pasta,orange juice,,,,,,,,,,,,
cheese,bread,sugar,,,,,,,,,,,,,,,,,
sugar,orange juice,chicken,salmon,coffee,cheese,apples,ground beef,,,,,,,,,,,,
tomatoes,cereal,cheese,flour,eggs,rice,,,,,,,,,,,,,,
pasta,yogurt,chicken,bread,,,,,,,,,,,,,,,,
chocolate,eggs,chicken,cereal,pasta,onions,spinach,,,,,,,,,,,,,
flour,ground beef,orange juice,milk,potatoes,bananas,bread,,,,,,,,,,,,,
coffee,bananas,salmon,olive oil,sugar,,,,,,,,,,,,,,,
cheese,orange juice,chicken,,,,,,,,,,,,,,,,,
tomatoes,,,,,,,,,,,,,,,,,,,
potatoes,chicken,yogurt,onions,salmon,cheese,bread,sugar,,,,,,,,,,,,
olive oil,spinach,sugar,tomatoes,yogurt,pasta,bread,onions,,,,,,,,,,,,
ground beef,,,,,,,,,,,,,,,,,,,
sugar,cheese,spinach,pasta,olive oil,bananas,,,,,,,,,,,,,,
coffee,olive oil,eggs,tomatoes,,,,,,,,,,,,,,,,
chicken,milk,chocolate,ground beef,coffee,tea,orange juice,apples,,,,,,,,,,,,
chocolate,potatoes,pasta,milk,cheese,tomatoes,,,,,,,,,,,,,,
sugar,chocolate,flour,cheese,,,,,,,,,,,,,,,,
rice,,,,,,,,,,,,,,,,,,,
cereal,rice,bread,ground beef,,,,,,,,,,,,,,,,
onions,flour,salmon,,,,,,,,,,,,,,,,,
ground beef,milk,apples,tea,tomatoes,,,,,,,,,,,,,,,
ground beef,bananas,sugar,pasta,salmon,eggs,flour,apples,,,,,,,,,,,,
eggs,butter,ground beef,rice,bananas,tomatoes,flour,apples,,,,,,,,,,,,
bread,,,,,,,,,,,,,,,,,,,
chicken,chocolate,butter,tea,salmon,apples,cheese,rice,,,,,,,,,,,,
ground beef,,,,,,,,,,,,,,,,,,,
bread,sugar,tea,flour,,,,,,,,,,,,,,,,
milk,cheese,chicken,chocolate,flour,,,,,,,,,,,,,,,
sugar,,,,,,,,,,,,,,,,,,,
bread,,,,,,,,,,,,,,,,,,,
bread,potatoes,bananas,tomatoes,,,,,,,,,,,,,,,,
rice,pasta,potatoes,chocolate,tea,spinach,chicken,cereal,,,,,,,,,,,,
salmon,spinach,butter,bananas,rice,,,,,,,,,,,,,,,
bread,coffee,bananas,butter,tea,flour,,,,,,,,,,,,,,
spinach,rice,,,,,,,,,,,,,,,,,,
bananas,olive oil,spinach,milk,pasta,sugar,coffee,tea,,,,,,,,,,,,
chicken,milk,,,,,,,,,,,,,,,,,,
olive oil,milk,sugar,,,,,,,,,,,,,,,,,
yogurt,,,,,,,,,,,,,,,,,,,
chocolate,yogurt,tea,pasta,,,,,,,,,,,,,,,,
ground beef,rice,yogurt,bananas,,,,,,,,,,,,,,,,
cereal,sugar,butter,flour,milk,olive oil,tomatoes,,,,,,,,,,,,,
chicken,onions,,,,,,,,,,,,,,,,,,
coffee,onions,butter,,,,,,,,,,,,,,,,,
apples,pasta,,,,,,,,,,,,,,,,,,
tomatoes,orange juice,apples,,,,,,,,,,,,,,,,,
potatoes,,,,,,,,,,,,,,,,,,,
coffee,tomatoes,rice,apples,tea,,,,,,,,,,,,,,,
sugar,cheese,tea,yogurt,bread,,,,,,,,,,,,,,,
yogurt,chicken,ground beef,,,,,,,,,,,,,,,,,
butter,chicken,,,,,,,,,,,,,,,,,,
sugar,flour,rice,butter,coffee,,,,,,,,,,,,,,,
orange juice,ground beef,butter,eggs,onions,olive oil,pasta,,,,,,,,,,,,,
orange juice,bread,,,,,,,,,,,,,,,,,,
pasta,chocolate,,,,,,,,,,,,,,,,,,
olive oil,spinach,potatoes,eggs,bread,onions,,,,,,,,,,,,,,
milk,bread,,,,,,,,,,,,,,,,,,
potatoes,rice,pasta,spinach,apples,onions,,,,,,,,,,,,,,
pasta,flour,apples,milk,rice,cereal,butter,,,,,,,,,,,,,
yogurt,spinach,onions,ground beef,bread,eggs,chocolate,,,,,,,,,,,,,
apples,coffee,potatoes,,,,,,,,,,,,,,,,,
sugar,flour,olive oil,onions,,,,,,,,,,,,,,,,
cereal,butter,tea,yogurt,orange juice,spinach,apples,potatoes,,,,,,,,,,,,
eggs,tomatoes,bread,chocolate,salmon,rice,flour,,,,,,,,,,,,,
ground beef,chocolate,,,,,,,,,,,,,,,,,,
olive oil,onions,sugar,salmon,pasta,cereal,bananas,tea,,,,,,,,,,,,
eggs,spinach,coffee,,,,,,,,,,,,,,,,,
bananas,ground beef,,,,,,,,,,,,,,,,,,
salmon,bread,rice,potatoes,sugar,olive oil,yogurt,,,,,,,,,,,,,
salmon,,,,,,,,,,,,,,,,,,,
bananas,milk,flour,tea,spinach,,,,,,,,,,,,,,,
orange juice,cereal,potatoes,butter,onions,yogurt,,,,,,,,,,,,,,
ground beef,,,,,,,,,,,,,,,,,,,
apples,onions,bread,yogurt,eggs,rice,milk,,,,,,,,,,,,,
chocolate,chicken,sugar,olive oil,rice,cereal,bread,,,,,,,,,,,,,
bread,pasta,chocolate,cheese,butter,ground beef,,,,,,,,,,,,,,
ground beef,spinach,sugar,tea,,,,,,,,,,,,,,,,
olive oil,tea,salmon,sugar,chicken,coffee,milk,bread,,,,,,,,,,,,
ground beef,potatoes,tea,rice,spinach,,,,,,,,,,,,,,,
onions,yogurt,,,,,,,,,,,,,,,,,,
butter,milk,,,,,,,,,,,,,,,,,,
eggs,butter,orange juice,chocolate,olive oil,rice,,,,,,,,,,,,,,
milk,bananas,,,,,,,,,,,,,,,,,,
coffee,,,,,,,,,,,,,,,,,,,
onions,,,,,,,,,,,,,,,,,,,
apples,chocolate,butter,cereal,pasta,milk,,,,,,,,,,,,,,
rice,salmon,flour,pasta,butter,,,,,,,,,,,,,,,
salmon,yogurt,,,,,,,,,,,,,,,,,,
potatoes,tomatoes,milk,orange juice,,,,,,,,,,,,,,,,
sugar,,,,,,,,,,,,,,,,,,,
milk,apples,onions,sugar,,,,,,,,,,,,,,,,
ground beef,sugar,potatoes,milk,,,,,,,,,,,,,,,,
butter,,,,,,,,,,,,,,,,,,,
eggs,coffee,olive oil,potatoes,yogurt,,,,,,,,,,,,,,,
chocolate,,,,,,,,,,,,,,,,,,,
rice,chicken,pasta,bread,yogurt,apples,milk,,,,,,,,,,,,,
salmon,ground beef,flour,tea,orange juice,chicken,cereal,,,,,,,,,,,,,
spinach,orange juice,potatoes,,,,,,,,,,,,,,,,,
apples,,,,,,,,,,,,,,,,,,,
butter,potatoes,sugar,apples,flour,bread,eggs,,,,,,,,,,,,,
chocolate,bread,onions,spinach,flour,,,,,,,,,,,,,,,
ground beef,,,,,,,,,,,,,,,,,,,
bread,cereal,spinach,,,,,,,,,,,,,,,,,
rice,bread,,,,,,,,,,,,,,,,,,
bananas,cereal,spinach,sugar,potatoes,bread,,,,,,,,,,,,,,
bananas,yogurt,flour,,,,,,,,,,,,,,,,,
milk,potatoes,,,,,,,,,,,,,,,,,,
flour,spinach,orange juice,chicken,,,,,,,,,,,,,,,,
chicken,cereal,bananas,flour,coffee,tomatoes,orange juice,ground beef,,,,,,,,,,,,
apples,potatoes,chocolate,milk,,,,,,,,,,,,,,,,
chicken,chocolate,butter,milk,,,,,,,,,,,,,,,,
onions,flour,butter,,,,,,,,,,,,,,,,,
chicken,,,,,,,,,,,,,,,,,,,
ground beef,tomatoes,chicken,tea,,,,,,,,,,,,,,,,
tea,,,,,,,,,,,,,,,,,,,
onions,chicken,apples,potatoes,yogurt,,,,,,,,,,,,,,,
butter,rice,pasta,bananas,coffee,chocolate,yogurt,,,,,,,,,,,,,
chocolate,ground beef,,,,,,,,,,,,,,,,,,
tea,pasta,chocolate,cereal,bananas,,,,,,,,,,,,,,,
coffee,olive oil,cereal,tomatoes,salmon,bananas,,,,,,,,,,,,,,
milk,tea,yogurt,coffee,,,,,,,,,,,,,,,,
coffee,cheese,,,,,,,,,,,,,,,,,,
bread,salmon,butter,,,,,,,,,,,,,,,,,
rice,flour,yogurt,,,,,,,,,,,,,,,,,
ground beef,pasta,orange juice,chicken,,,,,,,,,,,,,,,,
cereal,apples,,,,,,,,,,,,,,,,,,
cheese,sugar,milk,potatoes,pasta,eggs,,,,,,,,,,,,,,
butter,potatoes,onions,,,,,,,,,,,,,,,,,
eggs,,,,,,,,,,,,,,,,,,,
butter,pasta,tea,,,,,,,,,,,,,,,,,
rice,olive oil,milk,tomatoes,eggs,,,,,,,,,,,,,,,
eggs,coffee,yogurt,cereal,potatoes,pasta,,,,,,,,,,,,,,
coffee,chicken,orange juice,bananas,pasta,flour,rice,,,,,,,,,,,,,
sugar,bread,pasta,bananas,,,,,,,,,,,,,,,,
milk,flour,,,,,,,,,,,,,,,,,,
tomatoes,spinach,potatoes,onions,apples,rice,olive oil,,,,,,,,,,,,,
potatoes,pasta,coffee,cheese,milk,ground beef,salmon,cereal,,,,,,,,,,,,
orange juice,rice,salmon,cheese,,,,,,,,,,,,,,,,
milk,pasta,,,,,,,,,,,,,,,,,,
sugar,salmon,yogurt,ground beef,cereal,milk,olive oil,,,,,,,,,,,,,
pasta,coffee,bananas,milk,bread,orange juice,salmon,,,,,,,,,,,,,
cereal,cheese,pasta,rice,chicken,tomatoes,,,,,,,,,,,,,,
potatoes,milk,rice,ground beef,tomatoes,cereal,yogurt,,,,,,,,,,,,,
apples,cereal,bananas,tea,pasta,rice,,,,,,,,,,,,,,
chicken,onions,flour,cheese,,,,,,,,,,,,,,,,
yogurt,chicken,bread,orange juice,,,,,,,,,,,,,,,,
cereal,salmon,coffee,milk,cheese,bread,spinach,,,,,,,,,,,,,
bread,,,,,,,,,,,,,,,,,,,
milk,olive oil,orange juice,yogurt,onions,ground beef,pasta,eggs,,,,,,,,,,,,
tomatoes,bananas,,,,,,,,,,,,,,,,,,
orange juice,flour,apples,salmon,,,,,,,,,,,,,,,,
ground beef,cheese,apples,olive oil,,,,,,,,,,,,,,,,
sugar,flour,eggs,coffee,,,,,,,,,,,,,,,,
chicken,potatoes,cheese,sugar,yogurt,flour,eggs,,,,,,,,,,,,,
cereal,onions,ground beef,orange juice,olive oil,bananas,potatoes,pasta,,,,,,,,,,,,
onions,rice,,,,,,,,,,,,,,,,,,
potatoes,coffee,sugar,tomatoes,rice,flour,eggs,salmon,,,,,,,,,,,,
pasta,coffee,tomatoes,spinach,,,,,,,,,,,,,,,,
olive oil,cereal,,,,,,,,,,,,,,,,,,
spinach,,,,,,,,,,,,,,,,,,,
yogurt,cereal,potatoes,orange juice,butter,apples,milk,olive oil,,,,,,,,,,,,
orange juice,ground beef,potatoes,onions,,,,,,,,,,,,,,,,
milk,,,,,,,,,,,,,,,,,,,
butter,olive oil,flour,spinach,bananas,coffee,onions,bread,,,,,,,,,,,,
butter,,,,,,,,,,,,,,,,,,,
yogurt,potatoes,milk,ground beef,,,,,,,,,,,,,,,,
cheese,ground beef,tea,spinach,butter,,,,,,,,,,,,,,,
tea,butter,coffee,,,,,,,,,,,,,,,,,
onions,,,,,,,,,,,,,,,,,,,
rice,tomatoes,bread,onions,,,,,,,,,,,,,,,,
orange juice,,,,,,,,,,,,,,,,,,,
rice,bread,bananas,salmon,,,,,,,,,,,,,,,,
chocolate,,,,,,,,,,,,,,,,,,,
yogurt,tomatoes,,,,,,,,,,,,,,,,,,
milk,chicken,bananas,cheese,apples,onions,eggs,orange juice,,,,,,,,,,,,
ground beef,cereal,eggs,rice,butter,chicken,orange juice,olive oil,,,,,,,,,,,,
bread,milk,spinach,olive oil,,,,,,,,,,,,,,,,
coffee,tea,bread,salmon,bananas,ground beef,flour,,,,,,,,,,,,,
cheese,onions,,,,,,,,,,,,,,,,,,
bread,onions,,,,,,,,,,,,,,,,,,
milk,,,,,,,,,,,,,,,,,,,
tomatoes,chicken,eggs,bread,flour,apples,cereal,,,,,,,,,,,,,
onions,,,,,,,,,,,,,,,,,,,
eggs,spinach,,,,,,,,,,,,,,,,,,
orange juice,sugar,cheese,,,,,,,,,,,,,,,,,
orange juice,salmon,cereal,milk,chocolate,,,,,,,,,,,,,,,
cheese,potatoes,olive oil,sugar,apples,tea,spinach,,,,,,,,,,,,,
yogurt,cereal,chocolate,,,,,,,,,,,,,,,,,
onions,salmon,olive oil,apples,orange juice,chicken,cheese,,,,,,,,,,,,,
orange juice,,,,,,,,,,,,,,,,,,,
orange juice,olive oil,rice,butter,bananas,cereal,flour,potatoes,,,,,,,,,,,,
spinach,bananas,coffee,,,,,,,,,,,,,,,,,
tomatoes,sugar,potatoes,eggs,bananas,rice,flour,,,,,,,,,,,,,
chicken,yogurt,flour,onions,sugar,cereal,cheese,,,,,,,,,,,,,
salmon,,,,,,,,,,,,,,,,,,,
cheese,butter,cereal,eggs,tomatoes,bananas,,,,,,,,,,,,,,
ground beef,onions,sugar,cheese,butter,tomatoes,tea,apples,,,,,,,,,,,,
orange juice,sugar,cereal,tea,,,,,,,,,,,,,,,,
apples,cheese,orange juice,chicken,salmon,eggs,olive oil,,,,,,,,,,,,,
tea,milk,spinach,olive oil,coffee,pasta,butter,,,,,,,,,,,,,
orange juice,yogurt,spinach,pasta,cereal,ground beef,,,,,,,,,,,,,,
tomatoes,butter,olive oil,rice,orange juice,,,,,,,,,,,,,,,
bananas,chocolate,cereal,eggs,cheese,tea,pasta,,,,,,,,,,,,,
rice,ground beef,spinach,orange juice,chocolate,,,,,,,,,,,,,,,
bread,onions,sugar,orange juice,yogurt,milk,chicken,,,,,,,,,,,,,
tea,orange juice,onions,bread,rice,salmon,apples,,,,,,,,,,,,,
coffee,cheese,potatoes,chicken,bread,ground beef,,,,,,,,,,,,,,
rice,,,,,,,,,,,,,,,,,,,
coffee,butter,yogurt,milk,olive oil,,,,,,,,,,,,,,,
tomatoes,milk,salmon,sugar,flour,potatoes,,,,,,,,,,,,,,
olive oil,yogurt,butter,flour,eggs,cheese,,,,,,,,,,,,,,
onions,potatoes,yogurt,coffee,cheese,,,,,,,,,,,,,,,
bananas,milk,ground beef,cheese,tomatoes,bread,potatoes,pasta,,,,,,,,,,,,
eggs,salmon,bread,orange juice,chocolate,,,,,,,,,,,,,,,
coffee,,,,,,,,,,,,,,,,,,,
salmon,yogurt,tea,cheese,,,,,,,,,,,,,,,,
flour,rice,ground beef,tomatoes,yogurt,salmon,apples,coffee,,,,,,,,,,,,
spinach,salmon,bananas,chocolate,flour,chicken,ground beef,,,,,,,,,,,,,
butter,salmon,chocolate,cheese,rice,sugar,spinach,,,,,,,,,,,,,
ground beef,coffee,milk,tomatoes,bread,orange juice,,,,,,,,,,,,,,
pasta,bananas,chocolate,tomatoes,cereal,eggs,,,,,,,,,,,,,,
pasta,tea,,,,,,,,,,,,,,,,,,
cheese,spinach,coffee,orange juice,tomatoes,,,,,,,,,,,,,,,
butter,ground beef,potatoes,orange juice,rice,,,,,,,,,,,,,,,
chocolate,apples,,,,,,,,,,,,,,,,,,
olive oil,eggs,orange juice,cereal,rice,,,,,,,,,,,,,,,
tomatoes,flour,coffee,onions,olive oil,eggs,ground beef,spinach,,,,,,,,,,,,
eggs,ground beef,spinach,tomatoes,apples,pasta,,,,,,,,,,,,,,
spinach,potatoes,,,,,,,,,,,,,,,,,,
eggs,potatoes,rice,apples,bananas,spinach,pasta,butter,,,,,,,,,,,,
chocolate,cereal,milk,coffee,,,,,,,,,,,,,,,,
coffee,tomatoes,potatoes,eggs,cheese,tea,,,,,,,,,,,,,,
eggs,tea,bananas,,,,,,,,,,,,,,,,,
olive oil,potatoes,cereal,apples,tomatoes,,,,,,,,,,,,,,,
spinach,flour,ground beef,salmon,pasta,,,,,,,,,,,,,,,
ground beef,potatoes,,,,,,,,,,,,,,,,,,
salmon,butter,sugar,bread,pasta,cereal,flour,ground beef,,,,,,,,,,,,
pasta,cereal,butter,bananas,onions,,,,,,,,,,,,,,,
bread,cheese,apples,yogurt,,,,,,,,,,,,,,,,
milk,rice,butter,potatoes,,,,,,,,,,,,,,,,
tomatoes,rice,,,,,,,,,,,,,,,,,,
salmon,tomatoes,ground beef,cereal,,,,,,,,,,,,,,,,
bananas,ground beef,,,,,,,,,,,,,,,,,,
tomatoes,orange juice,salmon,yogurt,sugar,,,,,,,,,,,,,,,
sugar,ground beef,rice,onions,flour,spinach,olive oil,,,,,,,,,,,,,
rice,pasta,onions,tea,ground beef,olive oil,,,,,,,,,,,,,,
chocolate,yogurt,flour,spinach,orange juice,,,,,,,,,,,,,,,
orange juice,spinach,yogurt,chocolate,olive oil,,,,,,,,,,,,,,,
bread,chocolate,milk,bananas,yogurt,orange juice,rice,potatoes,,,,,,,,,,,,
apples,bread,butter,bananas,chocolate,flour,,,,,,,,,,,,,,
tomatoes,olive oil,bananas,flour,milk,cereal,ground beef,rice,,,,,,,,,,,,
bread,cereal,orange juice,rice,,,,,,,,,,,,,,,,
yogurt,tea,rice,bread,spinach,cereal,sugar,coffee,,,,,,,,,,,,
rice,cereal,potatoes,tomatoes,pasta,eggs,orange juice,,,,,,,,,,,,,
rice,spinach,yogurt,tomatoes,,,,,,,,,,,,,,,,
orange juice,,,,,,,,,,,,,,,,,,,
yogurt,flour,coffee,cereal,potatoes,tomatoes,butter,bananas,,,,,,,,,,,,
potatoes,onions,,,,,,,,,,,,,,,,,,
bananas,ground beef,flour,,,,,,,,,,,,,,,,,
orange juice,tomatoes,bread,,,,,,,,,,,,,,,,,
orange juice,spinach,ground beef,,,,,,,,,,,,,,,,,
chicken,apples,ground beef,tomatoes,tea,,,,,,,,,,,,,,,
chocolate,,,,,,,,,,,,,,,,,,,
pasta,chicken,rice,,,,,,,,,,,,,,,,,
potatoes,coffee,orange juice,bananas,pasta,tea,tomatoes,,,,,,,,,,,,,
spinach,,,,,,,,,,,,,,,,,,,
yogurt,milk,salmon,rice,tea,sugar,onions,pasta,,,,,,,,,,,,
flour,olive oil,cheese,rice,,,,,,,,,,,,,,,,
flour,cereal,salmon,onions,milk,eggs,chicken,apples,,,,,,,,,,,,
sugar,eggs,chicken,tea,onions,apples,bread,,,,,,,,,,,,,
rice,butter,flour,yogurt,pasta,apples,onions,,,,,,,,,,,,,
apples,,,,,,,,,,,,,,,,,,,
coffee,onions,,,,,,,,,,,,,,,,,,
orange juice,spinach,yogurt,apples,,,,,,,,,,,,,,,,
potatoes,,,,,,,,,,,,,,,,,,,
flour,cheese,cereal,orange juice,tomatoes,bananas,salmon,milk,,,,,,,,,,,,
olive oil,ground beef,orange juice,,,,,,,,,,,,,,,,,
olive oil,flour,onions,tomatoes,tea,rice,,,,,,,,,,,,,,
eggs,butter,cheese,yogurt,spinach,onions,,,,,,,,,,,,,,
orange juice,tea,milk,pasta,apples,spinach,butter,,,,,,,,,,,,,
tea,coffee,tomatoes,,,,,,,,,,,,,,,,,
eggs,bread,butter,flour,,,,,,,,,,,,,,,,
onions,cheese,,,,,,,,,,,,,,,,,,
spinach,potatoes,tomatoes,milk,flour,cheese,bananas,,,,,,,,,,,,,
spinach,tomatoes,rice,chocolate,bread,,,,,,,,,,,,,,,
potatoes,sugar,chicken,milk,bananas,,,,,,,,,,,,,,,
eggs,onions,tea,pasta,orange juice,ground beef,milk,salmon,,,,,,,,,,,,
rice,potatoes,,,,,,,,,,,,,,,,,,
apples,pasta,olive oil,chocolate,coffee,orange juice,bananas,,,,,,,,,,,,,
cheese,orange juice,,,,,,,,,,,,,,,,,,
yogurt,flour,ground beef,bananas,spinach,olive oil,bread,,,,,,,,,,,,,
apples,flour,milk,cereal,sugar,onions,,,,,,,,,,,,,,
bread,bananas,ground beef,olive oil,milk,chicken,sugar,butter,,,,,,,,,,,,
apples,chicken,flour,cereal,butter,cheese,coffee,tomatoes,,,,,,,,,,,,
pasta,chicken,butter,tea,chocolate,olive oil,eggs,spinach,,,,,,,,,,,,
bread,salmon,,,,,,,,,,,,,,,,,,
eggs,apples,bananas,coffee,bread,flour,orange juice,chicken,,,,,,,,,,,,
chocolate,cereal,rice,onions,milk,salmon,tea,spinach,,,,,,,,,,,,
chocolate,coffee,orange juice,,,,,,,,,,,,,,,,,
pasta,chocolate,tomatoes,cereal,spinach,tea,,,,,,,,,,,,,,
eggs,cereal,coffee,olive oil,bananas,spinach,apples,,,,,,,,,,,,,
bread,,,,,,,,,,,,,,,,,,,
yogurt,,,,,,,,,,,,,,,,,,,
rice,tea,eggs,chicken,bananas,flour,,,,,,,,,,,,,,
olive oil,,,,,,,,,,,,,,,,,,,
cereal,pasta,,,,,,,,,,,,,,,,,,
bread,spinach,sugar,cheese,ground beef,,,,,,,,,,,,,,,
chocolate,,,,,,,,,,,,,,,,,,,
butter,pasta,potatoes,,,,,,,,,,,,,,,,,
bread,,,,,,,,,,,,,,,,,,,
milk,salmon,yogurt,,,,,,,,,,,,,,,,,
coffee,cereal,eggs,,,,,,,,,,,,,,,,,
pasta,bread,tea,coffee,eggs,spinach,butter,apples,,,,,,,,,,,,
bananas,eggs,milk,pasta,,,,,,,,,,,,,,,,
milk,,,,,,,,,,,,,,,,,,,
eggs,olive oil,onions,yogurt,,,,,,,,,,,,,,,,
onions,,,,,,,,,,,,,,,,,,,
cheese,,,,,,,,,,,,,,,,,,,
tea,sugar,,,,,,,,,,,,,,,,,,
cereal,orange juice,tea,,,,,,,,,,,,,,,,,
salmon,yogurt,bananas,ground beef,cheese,sugar,pasta,,,,,,,,,,,,,
bread,tomatoes,,,,,,,,,,,,,,,,,,
cereal,coffee,rice,bread,cheese,,,,,,,,,,,,,,,
olive oil,flour,yogurt,milk,rice,chicken,eggs,ground beef,,,,,,,,,,,,
orange juice,cereal,,,,,,,,,,,,,,,,,,
sugar,orange juice,potatoes,eggs,bananas,chocolate,,,,,,,,,,,,,,
cheese,tea,,,,,,,,,,,,,,,,,,
potatoes,,,,,,,,,,,,,,,,,,,
tomatoes,,,,,,,,,,,,,,,,,,,
pasta,bread,ground beef,chicken,potatoes,olive oil,,,,,,,,,,,,,,
chicken,olive oil,potatoes,,,,,,,,,,,,,,,,,
bread,salmon,orange juice,,,,,,,,,,,,,,,,,
flour,eggs,tomatoes,yogurt,olive oil,,,,,,,,,,,,,,,
potatoes,apples,chocolate,butter,,,,,,,,,,,,,,,,
apples,,,,,,,,,,,,,,,,,,,
cereal,orange juice,eggs,milk,coffee,butter,potatoes,,,,,,,,,,,,,
bananas,milk,butter,tomatoes,sugar,rice,coffee,,,,,,,,,,,,,
orange juice,apples,yogurt,pasta,olive oil,,,,,,,,,,,,,,,
chicken,salmon,orange juice,apples,,,,,,,,,,,,,,,,
rice,,,,,,,,,,,,,,,,,,,
tea,flour,cereal,yogurt,pasta,bread,olive oil,chocolate,,,,,,,,,,,,
potatoes,butter,olive oil,sugar,cereal,chicken,eggs,onions,,,,,,,,,,,,
pasta,bananas,potatoes,tomatoes,orange juice,spinach,,,,,,,,,,,,,,
olive oil,,,,,,,,,,,,,,,,,,,
chocolate,bread,,,,,,,,,,,,,,,,,,
butter,sugar,tea,flour,cheese,yogurt,,,,,,,,,,,,,,
milk,coffee,cheese,salmon,,,,,,,,,,,,,,,,
butter,orange juice,apples,tomatoes,milk,,,,,,,,,,,,,,,
onions,chocolate,,,,,,,,,,,,,,,,,,
salmon,pasta,rice,,,,,,,,,,,,,,,,,
flour,orange juice,pasta,tomatoes,sugar,,,,,,,,,,,,,,,
pasta,,,,,,,,,,,,,,,,,,,
apples,rice,bananas,butter,olive oil,pasta,,,,,,,,,,,,,,
potatoes,yogurt,chicken,,,,,,,,,,,,,,,,,
milk,coffee,,,,,,,,,,,,,,,,,,
olive oil,yogurt,apples,tea,,,,,,,,,,,,,,,,
eggs,yogurt,butter,,,,,,,,,,,,,,,,,
olive oil,eggs,chocolate,flour,cereal,,,,,,,,,,,,,,,
butter,olive oil,,,,,,,,,,,,,,,,,,
rice,,,,,,,,,,,,,,,,,,,
chocolate,sugar,yogurt,rice,ground beef,,,,,,,,,,,,,,,
rice,,,,,,,,,,,,,,,,,,,
bananas,chicken,pasta,spinach,,,,,,,,,,,,,,,,
pasta,cheese,cereal,bananas,,,,,,,,,,,,,,,,
milk,yogurt,pasta,,,,,,,,,,,,,,,,,
bread,potatoes,sugar,tea,tomatoes,cheese,spinach,,,,,,,,,,,,,
eggs,salmon,tomatoes,apples,bread,olive oil,orange juice,coffee,,,,,,,,,,,,
flour,salmon,tomatoes,bananas,chicken,sugar,yogurt,cereal,,,,,,,,,,,,
olive oil,,,,,,,,,,,,,,,,,,,
ground beef,onions,tomatoes,bread,pasta,bananas,,,,,,,,,,,,,,
bread,chocolate,tomatoes,eggs,salmon,spinach,flour,,,,,,,,,,,,,
yogurt,tomatoes,coffee,spinach,rice,milk,,,,,,,,,,,,,,
eggs,bananas,coffee,cereal,butter,,,,,,,,,,,,,,,
chocolate,salmon,apples,eggs,yogurt,bananas,rice,,,,,,,,,,,,,
bread,sugar,,,,,,,,,,,,,,,,,,
bread,sugar,chocolate,cereal,milk,,,,,,,,,,,,,,,
cheese,yogurt,salmon,cereal,orange juice,bananas,ground beef,,,,,,,,,,,,,
tea,spinach,salmon,coffee,,,,,,,,,,,,,,,,
eggs,spinach,coffee,potatoes,,,,,,,,,,,,,,,,
tea,apples,pasta,,,,,,,,,,,,,,,,,
coffee,cheese,potatoes,ground beef,yogurt,cereal,,,,,,,,,,,,,,
apples,sugar,chocolate,onions,coffee,orange juice,tomatoes,bread,,,,,,,,,,,,
chocolate,tomatoes,ground beef,milk,,,,,,,,,,,,,,,,
chicken,eggs,tomatoes,flour,,,,,,,,,,,,,,,,
cheese,chicken,salmon,sugar,tomatoes,,,,,,,,,,,,,,,
cheese,,,,,,,,,,,,,,,,,,,
yogurt,bread,sugar,cheese,chicken,spinach,,,,,,,,,,,,,,
bananas,salmon,butter,tea,pasta,sugar,cheese,,,,,,,,,,,,,
butter,orange juice,milk,,,,,,,,,,,,,,,,,
eggs,cheese,rice,spinach,sugar,cereal,coffee,bananas,,,,,,,,,,,,
orange juice,tomatoes,sugar,chicken,butter,spinach,ground beef,,,,,,,,,,,,,
tea,apples,rice,pasta,cereal,,,,,,,,,,,,,,,
bananas,bread,cheese,rice,cereal,milk,olive oil,,,,,,,,,,,,,
yogurt,ground beef,,,,,,,,,,,,,,,,,,
orange juice,pasta,cereal,ground beef,,,,,,,,,,,,,,,,
apples,eggs,flour,milk,,,,,,,,,,,,,,,,
cheese,cereal,,,,,,,,,,,,,,,,,,
orange juice,apples,bread,spinach,bananas,,,,,,,,,,,,,,,
ground beef,tomatoes,olive oil,rice,yogurt,coffee,potatoes,,,,,,,,,,,,,
flour,,,,,,,,,,,,,,,,,,,
tomatoes,tea,coffee,,,,,,,,,,,,,,,,,
flour,tea,,,,,,,,,,,,,,,,,,
coffee,bananas,salmon,spinach,butter,eggs,,,,,,,,,,,,,,
potatoes,rice,yogurt,spinach,ground beef,pasta,,,,,,,,,,,,,,
potatoes,cheese,eggs,rice,chicken,,,,,,,,,,,,,,,
olive oil,bananas,yogurt,salmon,apples,ground beef,pasta,potatoes,,,,,,,,,,,,
coffee,pasta,tomatoes,,,,,,,,,,,,,,,,,
butter,milk,ground beef,orange juice,,,,,,,,,,,,,,,,
flour,apples,cheese,bread,salmon,milk,tea,tomatoes,,,,,,,,,,,,
bread,tea,coffee,chicken,rice,pasta,cereal,,,,,,,,,,,,,
olive oil,chocolate,yogurt,tomatoes,eggs,rice,,,,,,,,,,,,,,
milk,chocolate,ground beef,coffee,spinach,pasta,cereal,,,,,,,,,,,,,
cheese,milk,,,,,,,,,,,,,,,,,,
bread,ground beef,orange juice,butter,cheese,onions,bananas,sugar,,,,,,,,,,,,
orange juice,,,,,,,,,,,,,,,,,,,
sugar,cheese,,,,,,,,,,,,,,,,,,
potatoes,cereal,yogurt,eggs,flour,apples,bananas,tea,,,,,,,,,,,,
coffee,bread,tomatoes,tea,onions,,,,,,,,,,,,,,,
tomatoes,bread,chocolate,rice,spinach,tea,,,,,,,,,,,,,,
flour,coffee,pasta,cereal,cheese,onions,eggs,,,,,,,,,,,,,
chocolate,butter,,,,,,,,,,,,,,,,,,
olive oil,potatoes,milk,tomatoes,cheese,bread,apples,bananas,,,,,,,,,,,,
sugar,coffee,ground beef,bananas,flour,spinach,,,,,,,,,,,,,,
chocolate,eggs,orange juice,chicken,rice,butter,yogurt,tomatoes,,,,,,,,,,,,
chocolate,olive oil,orange juice,butter,,,,,,,,,,,,,,,,
olive oil,butter,spinach,tea,,,,,,,,,,,,,,,,
spinach,,,,,,,,,,,,,,,,,,,
onions,,,,,,,,,,,,,,,,,,,
butter,tomatoes,rice,orange juice,cereal,bread,pasta,,,,,,,,,,,,,
sugar,chocolate,,,,,,,,,,,,,,,,,,
tea,milk,chicken,eggs,apples,,,,,,,,,,,,,,,
salmon,cereal,orange juice,yogurt,milk,apples,chicken,,,,,,,,,,,,,
coffee,pasta,potatoes,sugar,chicken,eggs,,,,,,,,,,,,,,
tea,olive oil,ground beef,apples,pasta,coffee,eggs,,,,,,,,,,,,,
flour,tea,,,,,,,,,,,,,,,,,,
cereal,rice,ground beef,,,,,,,,,,,,,,,,,
spinach,cereal,coffee,ground beef,chocolate,bread,,,,,,,,,,,,,,
onions,pasta,potatoes,cereal,,,,,,,,,,,,,,,,
bread,,,,,,,,,,,,,,,,,,,
yogurt,tea,bread,apples,tomatoes,orange juice,potatoes,flour,,,,,,,,,,,,
cheese,bread,,,,,,,,,,,,,,,,,,
milk,olive oil,coffee,,,,,,,,,,,,,,,,,
butter,ground beef,,,,,,,,,,,,,,,,,,
rice,apples,bread,pasta,coffee,potatoes,salmon,flour,,,,,,,,,,,,
apples,rice,cereal,salmon,,,,,,,,,,,,,,,,
pasta,tomatoes,spinach,butter,,,,,,,,,,,,,,,,
cereal,coffee,olive oil,sugar,tomatoes,,,,,,,,,,,,,,,
coffee,salmon,bananas,sugar,cheese,,,,,,,,,,,,,,,
chocolate,yogurt,cereal,chicken,bread,bananas,eggs,,,,,,,,,,,,,
cereal,spinach,,,,,,,,,,,,,,,,,,
rice,ground beef,coffee,spinach,sugar,orange juice,,,,,,,,,,,,,,
potatoes,eggs,butter,onions,salmon,rice,flour,,,,,,,,,,,,,
yogurt,,,,,,,,,,,,,,,,,,,
salmon,pasta,coffee,apples,,,,,,,,,,,,,,,,
olive oil,yogurt,,,,,,,,,,,,,,,,,,
rice,cereal,,,,,,,,,,,,,,,,,,
cereal,,,,,,,,,,,,,,,,,,,
eggs,yogurt,,,,,,,,,,,,,,,,,,
chicken,butter,eggs,rice,bananas,onions,salmon,pasta,,,,,,,,,,,,
milk,flour,yogurt,chocolate,coffee,butter,tea,tomatoes,,,,,,,,,,,,
milk,tomatoes,butter,potatoes,chocolate,sugar,chicken,,,,,,,,,,,,,
tomatoes,cereal,eggs,ground beef,olive oil,,,,,,,,,,,,,,,
apples,ground beef,sugar,eggs,cereal,tomatoes,,,,,,,,,,,,,,
onions,cereal,tomatoes,coffee,chicken,yogurt,,,,,,,,,,,,,,
yogurt,potatoes,onions,butter,chocolate,bananas,eggs,flour,,,,,,,,,,,,
yogurt,chocolate,potatoes,chicken,eggs,,,,,,,,,,,,,,,
yogurt,cheese,potatoes,salmon,onions,eggs,olive oil,spinach,,,,,,,,,,,,
cereal,,,,,,,,,,,,,,,,,,,
orange juice,sugar,tea,,,,,,,,,,,,,,,,,
eggs,cereal,potatoes,butter,pasta,,,,,,,,,,,,,,,
eggs,,,,,,,,,,,,,,,,,,,
yogurt,potatoes,salmon,,,,,,,,,,,,,,,,,
coffee,bread,,,,,,,,,,,,,,,,,,
chocolate,rice,butter,,,,,,,,,,,,,,,,,
flour,bread,pasta,sugar,olive oil,coffee,,,,,,,,,,,,,,
ground beef,,,,,,,,,,,,,,,,,,,
spinach,milk,cereal,flour,potatoes,,,,,,,,,,,,,,,
cereal,bread,orange juice,,,,,,,,,,,,,,,,,
olive oil,pasta,butter,,,,,,,,,,,,,,,,,
apples,bananas,pasta,spinach,,,,,,,,,,,,,,,,
chocolate,orange juice,butter,milk,yogurt,flour,,,,,,,,,,,,,,
bread,milk,chocolate,orange juice,yogurt,,,,,,,,,,,,,,,
yogurt,ground beef,spinach,cereal,tea,bananas,eggs,,,,,,,,,,,,,
salmon,flour,pasta,,,,,,,,,,,,,,,,,
tea,onions,,,,,,,,,,,,,,,,,,
chicken,,,,,,,,,,,,,,,,,,,
chicken,,,,,,,,,,,,,,,,,,,
milk,onions,sugar,,,,,,,,,,,,,,,,,
sugar,apples,bread,chocolate,salmon,,,,,,,,,,,,,,,
bread,milk,chicken,cheese,spinach,butter,sugar,,,,,,,,,,,,,
rice,ground beef,eggs,bananas,tomatoes,coffee,tea,pasta,,,,,,,,,,,,
onions,yogurt,chicken,,,,,,,,,,,,,,,,,
salmon,milk,olive oil,cheese,flour,,,,,,,,,,,,,,,
tomatoes,sugar,pasta,cereal,flour,bread,,,,,,,,,,,,,,
butter,cheese,tomatoes,,,,,,,,,,,,,,,,,
bread,coffee,chicken,onions,pasta,rice,,,,,,,,,,,,,,
yogurt,potatoes,milk,,,,,,,,,,,,,,,,,
flour,spinach,ground beef,eggs,tea,,,,,,,,,,,,,,,
chocolate,butter,pasta,sugar,chicken,olive oil,bread,,,,,,,,,,,,,
pasta,chicken,,,,,,,,,,,,,,,,,,
bananas,chicken,yogurt,cheese,potatoes,,,,,,,,,,,,,,,
chocolate,sugar,yogurt,,,,,,,,,,,,,,,,,
tea,tomatoes,,,,,,,,,,,,,,,,,,
spinach,orange juice,eggs,,,,,,,,,,,,,,,,,
tomatoes,olive oil,flour,rice,cheese,,,,,,,,,,,,,,,
yogurt,,,,,,,,,,,,,,,,,,,
onions,bread,tomatoes,olive oil,,,,,,,,,,,,,,,,
onions,rice,potatoes,flour,,,,,,,,,,,,,,,,
tomatoes,cereal,flour,rice,chocolate,yogurt,,,,,,,,,,,,,,
cereal,,,,,,,,,,,,,,,,,,,
pasta,milk,butter,spinach,tea,,,,,,,,,,,,,,,
chicken,yogurt,onions,tomatoes,chocolate,butter,cereal,milk,,,,,,,,,,,,
spinach,tomatoes,apples,butter,cereal,flour,,,,,,,,,,,,,,
salmon,olive oil,cheese,yogurt,cereal,,,,,,,,,,,,,,,
onions,tomatoes,milk,olive oil,pasta,salmon,,,,,,,,,,,,,,
yogurt,onions,pasta,cheese,cereal,potatoes,,,,,,,,,,,,,,
onions,chocolate,sugar,cereal,bananas,eggs,coffee,tea,,,,,,,,,,,,
orange juice,spinach,tomatoes,olive oil,pasta,chicken,,,,,,,,,,,,,,
rice,cheese,ground beef,cereal,butter,,,,,,,,,,,,,,,
ground beef,,,,,,,,,,,,,,,,,,,
orange juice,,,,,,,,,,,,,,,,,,,
salmon,,,,,,,,,,,,,,,,,,,
pasta,apples,cereal,,,,,,,,,,,,,,,,,
potatoes,onions,flour,rice,chocolate,bread,,,,,,,,,,,,,,
ground beef,orange juice,,,,,,,,,,,,,,,,,,
onions,ground beef,yogurt,,,,,,,,,,,,,,,,,
milk,flour,salmon,tea,chocolate,sugar,apples,ground beef,,,,,,,,,,,,
tea,salmon,chocolate,spinach,,,,,,,,,,,,,,,,
cheese,,,,,,,,,,,,,,,,,,,
salmon,milk,onions,cheese,,,,,,,,,,,,,,,,
olive oil,rice,,,,,,,,,,,,,,,,,,
cereal,onions,,,,,,,,,,,,,,,,,,
cereal,pasta,tea,apples,,,,,,,,,,,,,,,,
chocolate,butter,bananas,bread,tomatoes,eggs,sugar,,,,,,,,,,,,,
chocolate,salmon,yogurt,,,,,,,,,,,,,,,,,
cheese,salmon,tomatoes,olive oil,ground beef,chicken,,,,,,,,,,,,,,
orange juice,,,,,,,,,,,,,,,,,,,
spinach,tomatoes,chocolate,pasta,,,,,,,,,,,,,,,,
yogurt,,,,,,,,,,,,,,,,,,,
apples,rice,potatoes,pasta,,,,,,,,,,,,,,,,
potatoes,butter,yogurt,tomatoes,olive oil,sugar,tea,bananas,,,,,,,,,,,,
cereal,pasta,butter,bananas,onions,,,,,,,,,,,,,,,
olive oil,tomatoes,tea,sugar,,,,,,,,,,,,,,,,
tea,onions,,,,,,,,,,,,,,,,,,
spinach,,,,,,,,,,,,,,,,,,,
salmon,yogurt,,,,,,,,,,,,,,,,,,
rice,olive oil,yogurt,tomatoes,ground beef,chocolate,pasta,,,,,,,,,,,,,
bread,milk,yogurt,cheese,eggs,salmon,olive oil,,,,,,,,,,,,,
sugar,rice,apples,ground beef,,,,,,,,,,,,,,,,
tomatoes,onions,flour,apples,rice,,,,,,,,,,,,,,,
tomatoes,sugar,,,,,,,,,,,,,,,,,,
orange juice,salmon,tea,potatoes,coffee,,,,,,,,,,,,,,,
apples,sugar,yogurt,rice,coffee,potatoes,onions,cereal,,,,,,,,,,,,
bread,,,,,,,,,,,,,,,,,,,
milk,rice,chocolate,cereal,ground beef,,,,,,,,,,,,,,,
cereal,coffee,olive oil,yogurt,,,,,,,,,,,,,,,,
apples,sugar,salmon,tea,chocolate,cereal,spinach,yogurt,,,,,,,,,,,,
tomatoes,potatoes,ground beef,yogurt,spinach,bananas,,,,,,,,,,,,,,
orange juice,yogurt,chicken,salmon,cereal,spinach,,,,,,,,,,,,,,
ground beef,cereal,milk,sugar,potatoes,,,,,,,,,,,,,,,
coffee,cheese,eggs,flour,bananas,bread,,,,,,,,,,,,,,
sugar,chocolate,bananas,orange juice,bread,potatoes,,,,,,,,,,,,,,
chocolate,pasta,orange juice,milk,,,,,,,,,,,,,,,,
apples,salmon,cheese,chicken,tomatoes,milk,,,,,,,,,,,,,,
olive oil,apples,onions,cereal,chocolate,potatoes,,,,,,,,,,,,,,
butter,salmon,eggs,olive oil,coffee,,,,,,,,,,,,,,,
olive oil,milk,bananas,potatoes,chicken,rice,ground beef,,,,,,,,,,,,,
tomatoes,rice,onions,ground beef,cheese,flour,olive oil,bread,,,,,,,,,,,,
eggs,coffee,,,,,,,,,,,,,,,,,,
chicken,spinach,bananas,ground beef,bread,apples,,,,,,,,,,,,,,
ground beef,rice,bread,butter,eggs,chicken,,,,,,,,,,,,,,
salmon,bananas,yogurt,olive oil,spinach,bread,chocolate,flour,,,,,,,,,,,,
pasta,cereal,,,,,,,,,,,,,,,,,,
chocolate,tea,,,,,,,,,,,,,,,,,,
ground beef,apples,salmon,chocolate,chicken,,,,,,,,,,,,,,,
flour,cheese,sugar,chocolate,bread,spinach,pasta,olive oil,,,,,,,,,,,,
chocolate,yogurt,pasta,ground beef,rice,onions,potatoes,,,,,,,,,,,,,
flour,tomatoes,chicken,potatoes,onions,,,,,,,,,,,,,,,
yogurt,pasta,,,,,,,,,,,,,,,,,,
milk,orange juice,,,,,,,,,,,,,,,,,,
pasta,tomatoes,,,,,,,,,,,,,,,,,,
bread,,,,,,,,,,,,,,,,,,,
tomatoes,rice,butter,cheese,coffee,potatoes,eggs,bread,,,,,,,,,,,,
ground beef,,,,,,,,,,,,,,,,,,,
spinach,apples,bread,rice,orange juice,flour,,,,,,,,,,,,,,
flour,milk,apples,spinach,chocolate,onions,salmon,,,,,,,,,,,,,
rice,orange juice,butter,,,,,,,,,,,,,,,,,
tea,potatoes,olive oil,salmon,yogurt,tomatoes,pasta,,,,,,,,,,,,,
eggs,chocolate,bananas,rice,flour,orange juice,bread,,,,,,,,,,,,,
rice,ground beef,sugar,milk,,,,,,,,,,,,,,,,
spinach,bread,,,,,,,,,,,,,,,,,,
chocolate,flour,chicken,,,,,,,,,,,,,,,,,
eggs,tomatoes,,,,,,,,,,,,,,,,,,
pasta,yogurt,,,,,,,,,,,,,,,,,,
chicken,flour,olive oil,spinach,pasta,,,,,,,,,,,,,,,
butter,spinach,,,,,,,,,,,,,,,,,,
tomatoes,pasta,,,,,,,,,,,,,,,,,,
bananas,,,,,,,,,,,,,,,,,,,
eggs,apples,olive oil,spinach,cereal,cheese,,,,,,,,,,,,,,
onions,eggs,chocolate,butter,milk,olive oil,bananas,,,,,,,,,,,,,
cheese,onions,salmon,flour,sugar,,,,,,,,,,,,,,,
chicken,chocolate,salmon,bananas,sugar,,,,,,,,,,,,,,,
sugar,cheese,chocolate,apples,,,,,,,,,,,,,,,,
pasta,butter,orange juice,yogurt,ground beef,chicken,,,,,,,,,,,,,,
tomatoes,orange juice,chocolate,,,,,,,,,,,,,,,,,
orange juice,pasta,butter,spinach,,,,,,,,,,,,,,,,
tea,milk,coffee,apples,spinach,butter,potatoes,bananas,,,,,,,,,,,,
tea,butter,onions,cereal,,,,,,,,,,,,,,,,
spinach,milk,tomatoes,potatoes,cereal,flour,,,,,,,,,,,,,,
tomatoes,,,,,,,,,,,,,,,,,,,
yogurt,tea,bread,chicken,spinach,ground beef,,,,,,,,,,,,,,
bananas,ground beef,tomatoes,eggs,pasta,,,,,,,,,,,,,,,
onions,cheese,,,,,,,,,,,,,,,,,,
chocolate,sugar,potatoes,yogurt,coffee,apples,tea,rice,,,,,,,,,,,,
chicken,pasta,bread,apples,onions,olive oil,bananas,chocolate,,,,,,,,,,,,
cereal,tomatoes,chocolate,olive oil,chicken,apples,onions,rice,,,,,,,,,,,,
salmon,milk,eggs,orange juice,yogurt,ground beef,,,,,,,,,,,,,,
cereal,spinach,potatoes,coffee,orange juice,ground beef,rice,bread,,,,,,,,,,,,
orange juice,milk,onions,,,,,,,,,,,,,,,,,
tomatoes,cheese,pasta,yogurt,,,,,,,,,,,,,,,,
salmon,cheese,flour,butter,chicken,onions,spinach,ground beef,,,,,,,,,,,,
onions,tomatoes,chicken,bread,,,,,,,,,,,,,,,,
eggs,butter,chicken,cereal,milk,cheese,ground beef,orange juice,,,,,,,,,,,,
butter,spinach,apples,chicken,,,,,,,,,,,,,,,,
yogurt,apples,rice,tomatoes,pasta,onions,,,,,,,,,,,,,,
cheese,spinach,cereal,ground beef,rice,,,,,,,,,,,,,,,
milk,bananas,sugar,cereal,tea,cheese,,,,,,,,,,,,,,
bread,,,,,,,,,,,,,,,,,,,
ground beef,olive oil,cheese,onions,yogurt,apples,,,,,,,,,,,,,,
ground beef,chicken,orange juice,olive oil,pasta,milk,rice,,,,,,,,,,,,,
pasta,bananas,eggs,spinach,bread,coffee,chocolate,apples,,,,,,,,,,,,
yogurt,pasta,ground beef,tea,olive oil,rice,sugar,,,,,,,,,,,,,
flour,eggs,,,,,,,,,,,,,,,,,,
flour,sugar,chicken,potatoes,,,,,,,,,,,,,,,,
bananas,tea,spinach,olive oil,,,,,,,,,,,,,,,,
onions,pasta,spinach,rice,tea,eggs,,,,,,,,,,,,,,
sugar,tea,spinach,pasta,butter,bread,milk,,,,,,,,,,,,,
bread,tomatoes,cheese,tea,,,,,,,,,,,,,,,,
coffee,tea,tomatoes,,,,,,,,,,,,,,,,,
cheese,orange juice,pasta,olive oil,eggs,tomatoes,flour,milk,,,,,,,,,,,,
bread,spinach,milk,bananas,,,,,,,,,,,,,,,,
orange juice,spinach,coffee,,,,,,,,,,,,,,,,,
pasta,eggs,milk,butter,potatoes,,,,,,,,,,,,,,,
tea,bananas,eggs,orange juice,yogurt,cereal,milk,,,,,,,,,,,,,
yogurt,milk,flour,coffee,olive oil,,,,,,,,,,,,,,,
apples,tomatoes,milk,olive oil,onions,yogurt,rice,,,,,,,,,,,,,
rice,sugar,orange juice,ground beef,chocolate,,,,,,,,,,,,,,,
pasta,coffee,tea,,,,,,,,,,,,,,,,,
eggs,chicken,chocolate,cereal,cheese,tomatoes,coffee,,,,,,,,,,,,,
cheese,yogurt,butter,ground beef,,,,,,,,,,,,,,,,
cheese,spinach,apples,orange juice,bread,bananas,,,,,,,,,,,,,,
olive oil,cheese,bread,salmon,sugar,orange juice,spinach,bananas,,,,,,,,,,,,
yogurt,,,,,,,,,,,,,,,,,,,
sugar,potatoes,,,,,,,,,,,,,,,,,,
flour,milk,cereal,apples,onions,spinach,chocolate,eggs,,,,,,,,,,,,
chocolate,,,,,,,,,,,,,,,,,,,
potatoes,bananas,tea,flour,orange juice,,,,,,,,,,,,,,,
bread,orange juice,sugar,,,,,,,,,,,,,,,,,
orange juice,,,,,,,,,,,,,,,,,,,
ground beef,yogurt,bread,orange juice,,,,,,,,,,,,,,,,
tomatoes,bread,potatoes,rice,milk,,,,,,,,,,,,,,,
pasta,apples,chocolate,flour,chicken,orange juice,,,,,,,,,,,,,,
apples,coffee,cheese,chicken,,,,,,,,,,,,,,,,
onions,chocolate,ground beef,,,,,,,,,,,,,,,,,
cheese,cereal,bananas,salmon,yogurt,milk,potatoes,orange juice,,,,,,,,,,,,
potatoes,tomatoes,bread,cheese,pasta,,,,,,,,,,,,,,,
potatoes,cereal,spinach,coffee,ground beef,orange juice,onions,rice,,,,,,,,,,,,
onions,flour,sugar,chocolate,potatoes,cereal,,,,,,,,,,,,,,
eggs,bananas,orange juice,,,,,,,,,,,,,,,,,
pasta,,,,,,,,,,,,,,,,,,,
flour,spinach,salmon,pasta,coffee,tea,,,,,,,,,,,,,,
sugar,ground beef,bread,onions,cheese,flour,cereal,,,,,,,,,,,,,
onions,chicken,orange juice,salmon,apples,chocolate,,,,,,,,,,,,,,
apples,sugar,potatoes,coffee,tomatoes,tea,,,,,,,,,,,,,,
flour,cheese,orange juice,onions,rice,,,,,,,,,,,,,,,
coffee,eggs,chocolate,bananas,,,,,,,,,,,,,,,,
potatoes,onions,flour,salmon,,,,,,,,,,,,,,,,
flour,milk,chicken,eggs,salmon,tea,,,,,,,,,,,,,,
onions,ground beef,olive oil,salmon,rice,spinach,,,,,,,,,,,,,,
salmon,sugar,ground beef,chocolate,coffee,chicken,,,,,,,,,,,,,,
bananas,cereal,,,,,,,,,,,,,,,,,,
tomatoes,bananas,,,,,,,,,,,,,,,,,,
cheese,orange juice,milk,,,,,,,,,,,,,,,,,
orange juice,,,,,,,,,,,,,,,,,,,
bread,,,,,,,,,,,,,,,,,,,
tomatoes,salmon,chicken,milk,cheese,apples,coffee,,,,,,,,,,,,,
onions,chicken,ground beef,,,,,,,,,,,,,,,,,
ground beef,bananas,eggs,potatoes,rice,coffee,chocolate,,,,,,,,,,,,,
yogurt,ground beef,cheese,tomatoes,apples,,,,,,,,,,,,,,,
cheese,,,,,,,,,,,,,,,,,,,
onions,ground beef,,,,,,,,,,,,,,,,,,
orange juice,salmon,tea,tomatoes,apples,,,,,,,,,,,,,,,
cereal,pasta,bananas,onions,chocolate,eggs,,,,,,,,,,,,,,
sugar,pasta,onions,cheese,orange juice,chocolate,butter,cereal,,,,,,,,,,,,
tomatoes,cereal,,,,,,,,,,,,,,,,,,
potatoes,,,,,,,,,,,,,,,,,,,
onions,eggs,,,,,,,,,,,,,,,,,,
butter,onions,cereal,tea,flour,potatoes,olive oil,,,,,,,,,,,,,
ground beef,flour,chocolate,bananas,yogurt,orange juice,tomatoes,olive oil,,,,,,,,,,,,
cheese,ground beef,onions,rice,tea,,,,,,,,,,,,,,,
bread,,,,,,,,,,,,,,,,,,,
rice,onions,olive oil,flour,,,,,,,,,,,,,,,,
ground beef,,,,,,,,,,,,,,,,,,,
tea,potatoes,chicken,yogurt,ground beef,,,,,,,,,,,,,,,
tomatoes,bananas,coffee,flour,ground beef,milk,,,,,,,,,,,,,,
milk,rice,sugar,apples,salmon,yogurt,ground beef,,,,,,,,,,,,,
salmon,ground beef,,,,,,,,,,,,,,,,,,
cereal,potatoes,butter,yogurt,salmon,tomatoes,orange juice,,,,,,,,,,,,,
rice,pasta,sugar,chicken,salmon,chocolate,milk,,,,,,,,,,,,,
coffee,apples,chocolate,flour,tomatoes,cereal,bananas,sugar,,,,,,,,,,,,
butter,potatoes,ground beef,,,,,,,,,,,,,,,,,
apples,potatoes,flour,cheese,orange juice,bread,coffee,,,,,,,,,,,,,
yogurt,rice,ground beef,olive oil,butter,tea,chocolate,,,,,,,,,,,,,
potatoes,yogurt,orange juice,chicken,chocolate,bananas,bread,spinach,,,,,,,,,,,,
bananas,onions,,,,,,,,,,,,,,,,,,
tea,tomatoes,,,,,,,,,,,,,,,,,,
onions,salmon,ground beef,pasta,milk,,,,,,,,,,,,,,,
milk,yogurt,olive oil,sugar,coffee,,,,,,,,,,,,,,,
ground beef,coffee,tea,milk,apples,yogurt,potatoes,eggs,,,,,,,,,,,,
salmon,chicken,apples,,,,,,,,,,,,,,,,,
salmon,cereal,cheese,,,,,,,,,,,,,,,,,
potatoes,cereal,,,,,,,,,,,,,,,,,,
chicken,yogurt,butter,ground beef,apples,coffee,,,,,,,,,,,,,,
onions,,,,,,,,,,,,,,,,,,,
onions,eggs,bananas,salmon,flour,spinach,chicken,pasta,,,,,,,,,,,,
bananas,potatoes,apples,tomatoes,coffee,spinach,rice,cheese,,,,,,,,,,,,
cheese,cereal,apples,bread,tomatoes,salmon,pasta,,,,,,,,,,,,,
bananas,eggs,spinach,potatoes,,,,,,,,,,,,,,,,
pasta,bread,cereal,,,,,,,,,,,,,,,,,
rice,yogurt,ground beef,olive oil,apples,flour,,,,,,,,,,,,,,
cereal,tea,,,,,,,,,,,,,,,,,,
salmon,eggs,sugar,coffee,milk,orange juice,,,,,,,,,,,,,,
spinach,pasta,bananas,potatoes,cereal,flour,,,,,,,,,,,,,,
spinach,flour,cereal,chicken,milk,bread,tomatoes,rice,,,,,,,,,,,,
flour,,,,,,,,,,,,,,,,,,,
milk,cheese,chicken,pasta,spinach,tea,,,,,,,,,,,,,,
sugar,,,,,,,,,,,,,,,,,,,
pasta,bananas,flour,onions,spinach,,,,,,,,,,,,,,,
chocolate,bread,rice,ground beef,tea,flour,onions,,,,,,,,,,,,,
bananas,eggs,spinach,flour,ground beef,,,,,,,,,,,,,,,
rice,cheese,,,,,,,,,,,,,,,,,,
cheese,cereal,eggs,spinach,flour,sugar,,,,,,,,,,,,,,
potatoes,olive oil,sugar,salmon,,,,,,,,,,,,,,,,
potatoes,,,,,,,,,,,,,,,,,,,
onions,,,,,,,,,,,,,,,,,,,
salmon,milk,spinach,ground beef,chicken,eggs,apples,,,,,,,,,,,,,
butter,apples,yogurt,ground beef,sugar,onions,,,,,,,,,,,,,,
bread,yogurt,spinach,,,,,,,,,,,,,,,,,
pasta,milk,flour,coffee,,,,,,,,,,,,,,,,
spinach,,,,,,,,,,,,,,,,,,,
bananas,chicken,salmon,bread,onions,tea,,,,,,,,,,,,,,
cheese,bananas,spinach,bread,sugar,ground beef,,,,,,,,,,,,,,
cheese,,,,,,,,,,,,,,,,,,,
onions,pasta,spinach,eggs,olive oil,yogurt,sugar,cheese,,,,,,,,,,,,
pasta,orange juice,butter,chocolate,cereal,,,,,,,,,,,,,,,
chocolate,spinach,cereal,cheese,tomatoes,,,,,,,,,,,,,,,
salmon,,,,,,,,,,,,,,,,,,,
salmon,sugar,cheese,,,,,,,,,,,,,,,,,
flour,chocolate,,,,,,,,,,,,,,,,,,
onions,olive oil,cheese,cereal,potatoes,ground beef,bread,pasta,,,,,,,,,,,,
onions,flour,eggs,ground beef,,,,,,,,,,,,,,,,
spinach,bananas,yogurt,cheese,orange juice,,,,,,,,,,,,,,,
flour,ground beef,eggs,chocolate,chicken,tea,cheese,orange juice,,,,,,,,,,,,
onions,olive oil,chocolate,ground beef,cheese,,,,,,,,,,,,,,,
rice,sugar,,,,,,,,,,,,,,,,,,
sugar,olive oil,cereal,eggs,butter,orange juice,,,,,,,,,,,,,,
onions,tomatoes,sugar,tea,pasta,bananas,,,,,,,,,,,,,,
ground beef,olive oil,bread,,,,,,,,,,,,,,,,,
rice,butter,salmon,eggs,onions,chocolate,bananas,orange juice,,,,,,,,,,,,
potatoes,,,,,,,,,,,,,,,,,,,
spinach,onions,,,,,,,,,,,,,,,,,,
coffee,,,,,,,,,,,,,,,,,,,
cereal,eggs,bread,butter,coffee,spinach,yogurt,olive oil,,,,,,,,,,,,
bananas,,,,,,,,,,,,,,,,,,,
orange juice,cheese,chocolate,spinach,bananas,rice,ground beef,apples,,,,,,,,,,,,
orange juice,,,,,,,,,,,,,,,,,,,
chicken,potatoes,yogurt,olive oil,milk,bread,apples,cheese,,,,,,,,,,,,
pasta,rice,,,,,,,,,,,,,,,,,,
bread,,,,,,,,,,,,,,,,,,,
cereal,,,,,,,,,,,,,,,,,,,
ground beef,salmon,yogurt,rice,pasta,tea,,,,,,,,,,,,,,
sugar,cereal,potatoes,coffee,chocolate,pasta,rice,ground beef,,,,,,,,,,,,
coffee,,,,,,,,,,,,,,,,,,,
eggs,milk,chicken,apples,sugar,cereal,,,,,,,,,,,,,,
onions,tomatoes,,,,,,,,,,,,,,,,,,
rice,tomatoes,bananas,olive oil,,,,,,,,,,,,,,,,
pasta,potatoes,tea,ground beef,spinach,,,,,,,,,,,,,,,
potatoes,onions,cheese,milk,,,,,,,,,,,,,,,,
flour,pasta,orange juice,ground beef,bananas,spinach,,,,,,,,,,,,,,
chocolate,cereal,sugar,bread,onions,,,,,,,,,,,,,,,
bread,yogurt,,,,,,,,,,,,,,,,,,
rice,bread,pasta,flour,yogurt,,,,,,,,,,,,,,,
cheese,butter,coffee,pasta,,,,,,,,,,,,,,,,
sugar,cereal,pasta,bread,,,,,,,,,,,,,,,,
cereal,rice,yogurt,chicken,sugar,apples,chocolate,bananas,,,,,,,,,,,,
potatoes,apples,yogurt,olive oil,flour,chicken,tomatoes,butter,,,,,,,,,,,,
spinach,flour,ground beef,bananas,,,,,,,,,,,,,,,,
bread,potatoes,spinach,,,,,,,,,,,,,,,,,
ground beef,sugar,salmon,flour,potatoes,olive oil,,,,,,,,,,,,,,
chocolate,spinach,ground beef,coffee,tea,sugar,chicken,,,,,,,,,,,,,
chocolate,tomatoes,,,,,,,,,,,,,,,,,,
yogurt,pasta,potatoes,,,,,,,,,,,,,,,,,
pasta,potatoes,cereal,cheese,butter,eggs,,,,,,,,,,,,,,
onions,eggs,bananas,cereal,apples,spinach,rice,sugar,,,,,,,,,,,,
orange juice,pasta,ground beef,butter,flour,milk,,,,,,,,,,,,,,
flour,rice,,,,,,,,,,,,,,,,,,
pasta,sugar,bananas,,,,,,,,,,,,,,,,,
potatoes,cereal,bread,,,,,,,,,,,,,,,,,
sugar,bananas,chocolate,salmon,orange juice,apples,chicken,,,,,,,,,,,,,
olive oil,butter,sugar,,,,,,,,,,,,,,,,,
apples,spinach,sugar,coffee,,,,,,,,,,,,,,,,
chocolate,rice,olive oil,tomatoes,butter,yogurt,potatoes,,,,,,,,,,,,,
chocolate,apples,tea,flour,,,,,,,,,,,,,,,,
cereal,tomatoes,,,,,,,,,,,,,,,,,,
chocolate,ground beef,sugar,cheese,spinach,,,,,,,,,,,,,,,
eggs,,,,,,,,,,,,,,,,,,,
pasta,coffee,butter,sugar,onions,cereal,chocolate,chicken,,,,,,,,,,,,
spinach,onions,tomatoes,flour,pasta,,,,,,,,,,,,,,,
orange juice,sugar,bananas,chocolate,milk,pasta,butter,apples,,,,,,,,,,,,
cheese,butter,tomatoes,onions,chocolate,apples,cereal,,,,,,,,,,,,,
spinach,bread,tomatoes,apples,milk,,,,,,,,,,,,,,,
olive oil,chicken,onions,apples,bananas,ground beef,,,,,,,,,,,,,,
sugar,potatoes,tomatoes,,,,,,,,,,,,,,,,,
bread,,,,,,,,,,,,,,,,,,,
cereal,potatoes,apples,bananas,pasta,butter,bread,onions,,,,,,,,,,,,
onions,spinach,olive oil,sugar,milk,yogurt,ground beef,,,,,,,,,,,,,
cheese,yogurt,chicken,,,,,,,,,,,,,,,,,
tomatoes,flour,,,,,,,,,,,,,,,,,,
apples,salmon,bread,chicken,tea,coffee,,,,,,,,,,,,,,
chicken,bananas,potatoes,coffee,flour,cheese,onions,sugar,,,,,,,,,,,,
flour,onions,cheese,chocolate,cereal,tomatoes,salmon,,,,,,,,,,,,,
cheese,butter,orange juice,salmon,eggs,pasta,ground beef,milk,,,,,,,,,,,,
sugar,eggs,chicken,,,,,,,,,,,,,,,,,
salmon,eggs,flour,,,,,,,,,,,,,,,,,
milk,cheese,tomatoes,,,,,,,,,,,,,,,,,
sugar,ground beef,flour,orange juice,chocolate,eggs,milk,salmon,,,,,,,,,,,,
flour,olive oil,pasta,butter,apples,yogurt,chicken,,,,,,,,,,,,,
eggs,,,,,,,,,,,,,,,,,,,
yogurt,spinach,cheese,tomatoes,flour,coffee,milk,,,,,,,,,,,,,
bananas,tomatoes,,,,,,,,,,,,,,,,,,
milk,salmon,tomatoes,,,,,,,,,,,,,,,,,
ground beef,orange juice,,,,,,,,,,,,,,,,,,
tomatoes,eggs,bananas,,,,,,,,,,,,,,,,,
chocolate,flour,bread,,,,,,,,,,,,,,,,,
butter,tea,apples,orange juice,eggs,olive oil,,,,,,,,,,,,,,
onions,potatoes,milk,cereal,,,,,,,,,,,,,,,,
cheese,,,,,,,,,,,,,,,,,,,
apples,butter,bread,orange juice,tomatoes,tea,flour,,,,,,,,,,,,,
bread,coffee,flour,milk,tea,eggs,sugar,pasta,,,,,,,,,,,,
rice,tomatoes,chicken,,,,,,,,,,,,,,,,,
apples,eggs,olive oil,,,,,,,,,,,,,,,,,
chicken,potatoes,,,,,,,,,,,,,,,,,,
yogurt,bananas,ground beef,pasta,eggs,,,,,,,,,,,,,,,
salmon,bananas,coffee,cheese,rice,ground beef,butter,bread,,,,,,,,,,,,
bananas,chicken,,,,,,,,,,,,,,,,,,
eggs,,,,,,,,,,,,,,,,,,,
butter,yogurt,flour,rice,,,,,,,,,,,,,,,,
eggs,flour,bananas,olive oil,chocolate,potatoes,tea,milk,,,,,,,,,,,,
rice,salmon,olive oil,chicken,chocolate,tomatoes,butter,,,,,,,,,,,,,
spinach,milk,flour,chocolate,,,,,,,,,,,,,,,,
bananas,spinach,milk,yogurt,,,,,,,,,,,,,,,,
milk,olive oil,cereal,pasta,flour,,,,,,,,,,,,,,,
bread,onions,salmon,coffee,potatoes,olive oil,tomatoes,apples,,,,,,,,,,,,
tea,tomatoes,onions,pasta,yogurt,rice,,,,,,,,,,,,,,
flour,spinach,,,,,,,,,,,,,,,,,,
chocolate,cheese,rice,milk,,,,,,,,,,,,,,,,
salmon,rice,chicken,milk,cereal,sugar,,,,,,,,,,,,,,
chicken,coffee,cereal,,,,,,,,,,,,,,,,,
tomatoes,chocolate,salmon,flour,cheese,,,,,,,,,,,,,,,
onions,butter,yogurt,milk,cereal,bread,coffee,ground beef,,,,,,,,,,,,
potatoes,tea,olive oil,,,,,,,,,,,,,,,,,
onions,cheese,tea,bread,eggs,orange juice,,,,,,,,,,,,,,
bananas,yogurt,tea,sugar,cereal,apples,eggs,,,,,,,,,,,,,
apples,pasta,,,,,,,,,,,,,,,,,,
tomatoes,,,,,,,,,,,,,,,,,,,
spinach,chocolate,butter,ground beef,eggs,,,,,,,,,,,,,,,
bread,milk,apples,orange juice,butter,eggs,,,,,,,,,,,,,,
coffee,yogurt,olive oil,,,,,,,,,,,,,,,,,
tomatoes,chicken,yogurt,rice,salmon,,,,,,,,,,,,,,,
chocolate,spinach,tomatoes,sugar,bananas,tea,,,,,,,,,,,,,,
milk,cereal,flour,tomatoes,bread,,,,,,,,,,,,,,,
potatoes,,,,,,,,,,,,,,,,,,,
spinach,tea,chocolate,flour,chicken,apples,coffee,,,,,,,,,,,,,
salmon,chicken,olive oil,eggs,sugar,butter,bread,,,,,,,,,,,,,
tomatoes,rice,olive oil,spinach,salmon,sugar,orange juice,,,,,,,,,,,,,
butter,tea,cereal,spinach,,,,,,,,,,,,,,,,
bananas,bread,,,,,,,,,,,,,,,,,,
rice,tomatoes,onions,yogurt,cheese,coffee,chocolate,milk,,,,,,,,,,,,
cereal,butter,milk,bananas,flour,rice,orange juice,potatoes,,,,,,,,,,,,
sugar,bread,milk,salmon,orange juice,,,,,,,,,,,,,,,
potatoes,milk,salmon,cheese,ground beef,spinach,,,,,,,,,,,,,,
milk,apples,,,,,,,,,,,,,,,,,,
milk,tomatoes,chocolate,olive oil,pasta,,,,,,,,,,,,,,,
ground beef,coffee,onions,apples,,,,,,,,,,,,,,,,
spinach,chicken,tomatoes,cereal,,,,,,,,,,,,,,,,
spinach,cereal,sugar,,,,,,,,,,,,,,,,,
flour,,,,,,,,,,,,,,,,,,,
spinach,yogurt,milk,cheese,apples,bananas,chocolate,,,,,,,,,,,,,
rice,spinach,cereal,potatoes,cheese,yogurt,,,,,,,,,,,,,,
pasta,,,,,,,,,,,,,,,,,,,
potatoes,apples,orange juice,chocolate,olive oil,bananas,yogurt,,,,,,,,,,,,,
sugar,ground beef,coffee,,,,,,,,,,,,,,,,,
apples,,,,,,,,,,,,,,,,,,,
olive oil,salmon,spinach,tomatoes,bananas,potatoes,cheese,bread,,,,,,,,,,,,
tea,bananas,chicken,cereal,tomatoes,pasta,cheese,,,,,,,,,,,,,
tea,cereal,bananas,,,,,,,,,,,,,,,,,
chocolate,coffee,,,,,,,,,,,,,,,,,,
cheese,eggs,onions,chocolate,olive oil,,,,,,,,,,,,,,,
orange juice,bananas,salmon,rice,cheese,bread,tomatoes,flour,,,,,,,,,,,,
chicken,chocolate,bread,bananas,rice,pasta,ground beef,,,,,,,,,,,,,
yogurt,olive oil,,,,,,,,,,,,,,,,,,
apples,coffee,,,,,,,,,,,,,,,,,,
bananas,coffee,salmon,tomatoes,,,,,,,,,,,,,,,,
sugar,,,,,,,,,,,,,,,,,,,
coffee,cheese,eggs,potatoes,ground beef,tomatoes,,,,,,,,,,,,,,
onions,butter,chicken,chocolate,tomatoes,cheese,tea,,,,,,,,,,,,,
bread,apples,tea,eggs,sugar,potatoes,tomatoes,flour,,,,,,,,,,,,
chocolate,apples,coffee,tomatoes,bread,,,,,,,,,,,,,,,
eggs,tea,pasta,bread,,,,,,,,,,,,,,,,
spinach,chocolate,ground beef,,,,,,,,,,,,,,,,,
onions,yogurt,,,,,,,,,,,,,,,,,,
rice,bread,flour,yogurt,cheese,,,,,,,,,,,,,,,
orange juice,tea,,,,,,,,,,,,,,,,,,
tea,yogurt,bananas,cereal,chicken,potatoes,ground beef,milk,,,,,,,,,,,,
chicken,olive oil,rice,tomatoes,sugar,,,,,,,,,,,,,,,
salmon,bread,,,,,,,,,,,,,,,,,,
tea,olive oil,sugar,orange juice,butter,salmon,onions,tomatoes,,,,,,,,,,,,
pasta,ground beef,tea,apples,chicken,cheese,,,,,,,,,,,,,,
yogurt,butter,olive oil,,,,,,,,,,,,,,,,,
coffee,spinach,orange juice,chocolate,potatoes,tomatoes,,,,,,,,,,,,,,
apples,ground beef,chocolate,,,,,,,,,,,,,,,,,
onions,chocolate,olive oil,flour,bread,,,,,,,,,,,,,,,
salmon,,,,,,,,,,,,,,,,,,,
flour,,,,,,,,,,,,,,,,,,,
apples,cheese,onions,butter,cereal,,,,,,,,,,,,,,,
onions,pasta,cereal,orange juice,tea,,,,,,,,,,,,,,,
potatoes,chocolate,butter,,,,,,,,,,,,,,,,,
spinach,tomatoes,pasta,bread,olive oil,tea,milk,,,,,,,,,,,,,
coffee,onions,bread,eggs,chocolate,,,,,,,,,,,,,,,
yogurt,cheese,sugar,eggs,apples,,,,,,,,,,,,,,,
chicken,tea,cereal,eggs,spinach,,,,,,,,,,,,,,,
tomatoes,butter,yogurt,spinach,tea,ground beef,sugar,milk,,,,,,,,,,,,
coffee,rice,cheese,pasta,,,,,,,,,,,,,,,,
butter,flour,bread,apples,tomatoes,,,,,,,,,,,,,,,
coffee,chicken,sugar,eggs,,,,,,,,,,,,,,,,
milk,olive oil,tea,bread,,,,,,,,,,,,,,,,
tea,coffee,cheese,yogurt,rice,,,,,,,,,,,,,,,
yogurt,tea,,,,,,,,,,,,,,,,,,
cereal,tomatoes,potatoes,apples,ground beef,spinach,sugar,,,,,,,,,,,,,
eggs,potatoes,rice,pasta,yogurt,,,,,,,,,,,,,,,
rice,ground beef,bread,eggs,bananas,coffee,,,,,,,,,,,,,,
ground beef,cereal,tomatoes,onions,,,,,,,,,,,,,,,,
yogurt,potatoes,cheese,onions,rice,chocolate,,,,,,,,,,,,,,
potatoes,,,,,,,,,,,,,,,,,,,
milk,eggs,onions,bananas,,,,,,,,,,,,,,,,
butter,olive oil,cheese,,,,,,,,,,,,,,,,,
butter,chocolate,yogurt,bread,spinach,chicken,,,,,,,,,,,,,,
pasta,rice,,,,,,,,,,,,,,,,,,
apples,onions,,,,,,,,,,,,,,,,,,
onions,flour,yogurt,bananas,ground beef,,,,,,,,,,,,,,,
potatoes,apples,eggs,,,,,,,,,,,,,,,,,
potatoes,yogurt,bread,spinach,tea,eggs,orange juice,,,,,,,,,,,,,
sugar,yogurt,,,,,,,,,,,,,,,,,,
rice,chocolate,,,,,,,,,,,,,,,,,,
olive oil,eggs,chicken,chocolate,ground beef,orange juice,apples,yogurt,,,,,,,,,,,,
bread,,,,,,,,,,,,,,,,,,,
salmon,bananas,orange juice,,,,,,,,,,,,,,,,,
spinach,apples,flour,bread,,,,,,,,,,,,,,,,
orange juice,butter,,,,,,,,,,,,,,,,,,
chicken,tomatoes,,,,,,,,,,,,,,,,,,
apples,coffee,,,,,,,,,,,,,,,,,,
olive oil,coffee,apples,cereal,spinach,cheese,flour,,,,,,,,,,,,,
tomatoes,flour,apples,,,,,,,,,,,,,,,,,
butter,spinach,sugar,chocolate,,,,,,,,,,,,,,,,
cheese,milk,cereal,flour,pasta,bananas,onions,olive oil,,,,,,,,,,,,
tea,bananas,onions,coffee,eggs,,,,,,,,,,,,,,,
